{
	"credit": "Made by Falanta Fantomo with Blockbench",
	"texture_size": [64, 64],
	"textures": {
		"0": "shiver:item/workbench",
		"particle": "shiver:item/workbench"
	},
	"elements": [
		{
			"from": [-4.1, 14, -1],
			"to": [19.9, 16, 19],
			"rotation": {"angle": 0, "axis": "y", "origin": [7.95, 12.5, 8.5]},
			"faces": {
				"north": {"uv": [6, 0.5, 0, 0], "texture": "#0"},
				"east": {"uv": [6, 3.5, 11, 4], "rotation": 180, "texture": "#0"},
				"south": {"uv": [0, 5, 6, 5.5], "texture": "#0"},
				"west": {"uv": [6, 4, 11, 4.5], "rotation": 180, "texture": "#0"},
				"up": {"uv": [0, 0.25, 6, 5.25], "texture": "#0"},
				"down": {"uv": [0, 5.25, 6, 10.25], "texture": "#0"}
			}
		},
		{
			"from": [-4.1, 11, -1],
			"to": [19.9, 11, 19],
			"rotation": {"angle": 0, "axis": "y", "origin": [7.95, 12.5, 8.5]},
			"faces": {
				"up": {"uv": [0, 10.25, 6, 15.25], "texture": "#0"},
				"down": {"uv": [0, 15.25, 6, 10.25], "texture": "#0"}
			}
		},
		{
			"from": [16.12039, 0, -5.72209],
			"to": [19.12039, 14, 14.27791],
			"rotation": {"angle": -22.5, "axis": "y", "origin": [7.95, 12.5, 8.5]},
			"faces": {
				"north": {"uv": [11.25, 0, 12, 3.5], "texture": "#0"},
				"east": {"uv": [6.5, 0, 11.5, 3.5], "texture": "#0"},
				"south": {"uv": [6, 0, 6.75, 3.5], "texture": "#0"}
			}
		},
		{
			"from": [16.12039, 14, -5.72209],
			"to": [19.12039, 0, 14.27791],
			"rotation": {"angle": -22.5, "axis": "y", "origin": [7.95, 12.5, 8.5]},
			"faces": {
				"north": {"uv": [11.25, 3.5, 12, 0], "texture": "#0"},
				"east": {"uv": [6.5, 3.5, 11.5, 0], "texture": "#0"},
				"south": {"uv": [6, 3.5, 6.75, 0], "texture": "#0"}
			}
		},
		{
			"from": [-4.1, 14, -1],
			"to": [-1.1, 0, 19],
			"rotation": {"angle": 0, "axis": "y", "origin": [7.95, 12.5, 8.5]},
			"faces": {
				"north": {"uv": [6, 3.5, 6.75, 0], "texture": "#0"},
				"south": {"uv": [11.25, 3.5, 12, 0], "texture": "#0"},
				"west": {"uv": [6.5, 3.5, 11.5, 0], "texture": "#0"}
			}
		},
		{
			"from": [-4.1, 0, -1],
			"to": [-1.1, 14, 19],
			"rotation": {"angle": 0, "axis": "y", "origin": [7.95, 12.5, 8.5]},
			"faces": {
				"north": {"uv": [6, 0, 6.75, 3.5], "texture": "#0"},
				"south": {"uv": [11.25, 0, 12, 3.5], "texture": "#0"},
				"west": {"uv": [6.5, 0, 11.5, 3.5], "texture": "#0"}
			}
		},
		{
			"from": [12.53471, 16.5, 11.89113],
			"to": [15.53471, 16.5, 19.89113],
			"rotation": {"angle": 22.5, "axis": "y", "origin": [7.95, 12.5, 8.5]},
			"faces": {
				"up": {"uv": [15.25, 0, 16, 2], "rotation": 180, "texture": "#0"},
				"down": {"uv": [15.25, 2, 16, 0], "rotation": 180, "texture": "#0"}
			}
		},
		{
			"from": [3.58622, 16.5, 14.72774],
			"to": [6.58622, 16.5, 20.72774],
			"rotation": {"angle": -45, "axis": "y", "origin": [7.95, 12.5, 8.5]},
			"faces": {
				"up": {"uv": [14.5, 0, 15.25, 1.5], "rotation": 180, "texture": "#0"},
				"down": {"uv": [14.5, 1.5, 15.25, 0], "rotation": 180, "texture": "#0"}
			}
		},
		{
			"from": [-3.1999, 11.5, 12.57057],
			"to": [6.8001, 11.5, 15.57057],
			"rotation": {"angle": 22.5, "axis": "y", "origin": [7.95, 12.5, 8.5]},
			"faces": {
				"up": {"uv": [13.75, 0, 14.5, 2.5], "rotation": 90, "texture": "#0"},
				"down": {"uv": [14.5, 0, 13.75, 2.5], "rotation": 90, "texture": "#0"}
			}
		},
		{
			"from": [7.4, 11.5, -0.5],
			"to": [15.4, 11.5, 2.5],
			"rotation": {"angle": 0, "axis": "y", "origin": [7.95, 12.5, 8.5]},
			"faces": {
				"up": {"uv": [13, 0, 13.75, 2], "rotation": 90, "texture": "#0"},
				"down": {"uv": [13.75, 0, 13, 2], "rotation": 90, "texture": "#0"}
			}
		},
		{
			"from": [-0.95859, 16, -1.27926],
			"to": [8.04141, 20, 2.72074],
			"rotation": {"angle": 22.5, "axis": "y", "origin": [7.95, 12.5, 8.5]},
			"faces": {
				"north": {"uv": [13.75, 13.5, 16, 14.5], "rotation": 180, "texture": "#0"},
				"east": {"uv": [13.75, 15, 12.75, 16], "texture": "#0"},
				"south": {"uv": [13.75, 15, 16, 16], "texture": "#0"},
				"west": {"uv": [12.75, 15, 13.75, 16], "texture": "#0"},
				"up": {"uv": [13.75, 14.25, 16, 15.25], "texture": "#0"}
			}
		}
	],
	"gui_light": "front",
	"display": {
		"thirdperson_righthand": {
			"rotation": [75, 45, 0],
			"translation": [0, 2.5, 0],
			"scale": [0.3, 0.3, 0.3]
		},
		"firstperson_righthand": {
			"rotation": [0, 45, 0],
			"translation": [5.75, -2.5, -6.25],
			"scale": [0.5, 0.5, 0.5]
		},
		"ground": {
			"translation": [0, 4.5, 0],
			"scale": [0.5, 0.5, 0.5]
		},
		"gui": {
			"rotation": [20, 135, 0],
			"translation": [0, -1, 0],
			"scale": [0.45, 0.45, 0.45]
		},
		"fixed": {
			"rotation": [-90, 0, 0],
			"translation": [0, 0, -16],
			"scale": [2, 2, 2]
		}
	}
}