{
	"credit": "Made by Falanta Fantomo with Blockbench",
	"texture_size": [64, 64],
	"textures": {
		"0": "shiver:item/workbench",
		"particle": "shiver:item/workbench"
	},
	"elements": [
		{
			"from": [-4.1, 14, -1.61418],
			"to": [19.9, 16, 18.38582],
			"rotation": {"angle": 0, "axis": "y", "origin": [7.95, 8.3, 8.19291]},
			"faces": {
				"north": {"uv": [6, 0.5, 0, 0], "texture": "#0"},
				"east": {"uv": [6, 3.5, 11, 4], "rotation": 180, "texture": "#0"},
				"south": {"uv": [0, 5, 6, 5.5], "texture": "#0"},
				"west": {"uv": [6, 4, 11, 4.5], "rotation": 180, "texture": "#0"},
				"up": {"uv": [0, 0.25, 6, 5.25], "texture": "#0"},
				"down": {"uv": [0, 5.25, 6, 10.25], "texture": "#0"}
			}
		},
		{
			"from": [-2.56546, 4.58535, -1.61418],
			"to": [21.43454, 4.58535, 18.38582],
			"rotation": {"angle": -22.5, "axis": "z", "origin": [7.95, 8.3, 8.19291]},
			"faces": {
				"up": {"uv": [0, 10.25, 6, 15.25], "texture": "#0"},
				"down": {"uv": [0, 15.25, 6, 10.25], "texture": "#0"}
			}
		},
		{
			"from": [16.00287, 0, -6.31289],
			"to": [19.00287, 14, 13.68711],
			"rotation": {"angle": -22.5, "axis": "y", "origin": [7.95, 8.3, 8.19291]},
			"faces": {
				"north": {"uv": [11.25, 0, 12, 3.5], "texture": "#0"},
				"east": {"uv": [6.5, 0, 11.5, 3.5], "texture": "#0"},
				"south": {"uv": [6, 0, 6.75, 3.5], "texture": "#0"}
			}
		},
		{
			"from": [16.00287, 14, -6.31289],
			"to": [19.00287, 0, 13.68711],
			"rotation": {"angle": -22.5, "axis": "y", "origin": [7.95, 8.3, 8.19291]},
			"faces": {
				"north": {"uv": [11.25, 3.5, 12, 0], "texture": "#0"},
				"east": {"uv": [6.5, 3.5, 11.5, 0], "texture": "#0"},
				"south": {"uv": [6, 3.5, 6.75, 0], "texture": "#0"}
			}
		},
		{
			"from": [-4.1, 14, -1.61418],
			"to": [-1.1, 0, 18.38582],
			"rotation": {"angle": 0, "axis": "y", "origin": [7.95, 8.3, 8.19291]},
			"faces": {
				"north": {"uv": [6, 3.5, 6.75, 0], "texture": "#0"},
				"south": {"uv": [11.25, 3.5, 12, 0], "texture": "#0"},
				"west": {"uv": [6.5, 3.5, 11.5, 0], "texture": "#0"}
			}
		},
		{
			"from": [-4.1, 0, -1.61418],
			"to": [-1.1, 14, 18.38582],
			"rotation": {"angle": 0, "axis": "y", "origin": [7.95, 8.3, 8.19291]},
			"faces": {
				"north": {"uv": [6, 0, 6.75, 3.5], "texture": "#0"},
				"south": {"uv": [11.25, 0, 12, 3.5], "texture": "#0"},
				"west": {"uv": [6.5, 0, 11.5, 3.5], "texture": "#0"}
			}
		},
		{
			"from": [12.71788, 16.5, 5.91556],
			"to": [15.71788, 16.5, 13.91556],
			"rotation": {"angle": 22.5, "axis": "y", "origin": [7.95, 8.3, 8.19291]},
			"faces": {
				"up": {"uv": [15.25, 0, 16, 2], "rotation": 180, "texture": "#0"},
				"down": {"uv": [15.25, 2, 16, 0], "rotation": 180, "texture": "#0"}
			}
		},
		{
			"from": [4.07618, 16.5, 13.4964],
			"to": [7.07618, 16.5, 19.4964],
			"rotation": {"angle": -45, "axis": "y", "origin": [7.95, 8.3, 8.19291]},
			"faces": {
				"up": {"uv": [14.5, 0, 15.25, 1.5], "rotation": 180, "texture": "#0"},
				"down": {"uv": [14.5, 1.5, 15.25, 0], "rotation": 180, "texture": "#0"}
			}
		},
		{
			"from": [-5.76116, 0.1, 18.44692],
			"to": [4.23884, 0.1, 21.44692],
			"rotation": {"angle": 22.5, "axis": "y", "origin": [7.95, 8.3, 8.19291]},
			"faces": {
				"up": {"uv": [13.75, 0, 14.5, 2.5], "rotation": 90, "texture": "#0"},
				"down": {"uv": [14.5, 0, 13.75, 2.5], "rotation": 90, "texture": "#0"}
			}
		},
		{
			"from": [11.9, 1.6, -7.61418],
			"to": [14.9, 1.6, 0.38582],
			"rotation": {"angle": -22.5, "axis": "x", "origin": [13.4, 1.6, -3.61418]},
			"faces": {
				"up": {"uv": [13, 0, 13.75, 2], "texture": "#0"},
				"down": {"uv": [13.75, 0, 13, 2], "rotation": 180, "texture": "#0"}
			}
		},
		{
			"from": [4.60935, 0, -8.68917],
			"to": [13.60935, 4, -4.68917],
			"rotation": {"angle": 22.5, "axis": "y", "origin": [7.95, 8.3, 8.19291]},
			"faces": {
				"north": {"uv": [13.75, 14.25, 16, 15.25], "rotation": 180, "texture": "#0"},
				"east": {"uv": [13.75, 15, 12.75, 16], "rotation": 90, "texture": "#0"},
				"south": {"uv": [16, 14.5, 14, 13.5], "rotation": 180, "texture": "#0"},
				"west": {"uv": [12.75, 15, 13.75, 16], "rotation": 270, "texture": "#0"},
				"up": {"uv": [13.75, 15, 16, 16], "texture": "#0"},
				"down": {"uv": [13.75, 13.5, 16, 14.5], "texture": "#0"}
			}
		}
	],
	"gui_light": "front",
	"display": {
		"thirdperson_righthand": {
			"rotation": [75, 45, 0],
			"translation": [0, 2.5, 0],
			"scale": [0.3, 0.3, 0.3]
		},
		"firstperson_righthand": {
			"rotation": [0, 45, 0],
			"translation": [5.75, -2.5, -6.25],
			"scale": [0.5, 0.5, 0.5]
		},
		"ground": {
			"translation": [0, 4.5, 0],
			"scale": [0.5, 0.5, 0.5]
		},
		"gui": {
			"rotation": [20, 135, 0],
			"translation": [0, -1, 0],
			"scale": [0.45, 0.45, 0.45]
		},
		"fixed": {
			"rotation": [-90, 0, 0],
			"translation": [0, 0, -16],
			"scale": [2, 2, 2]
		}
	}
}