{
	"credit": "by 2M3V",
	"textures": {
		"0": "shiver:item/plank_plywod",
		"1": "shiver:item/plank_plywod2",
		"2": "shiver:item/plank_plywod3",
		"3": "shiver:item/plank_plywod4",
		"particle": "shiver:item/plank_plywod"
	},
	"elements": [
		{
			"from": [0.944, 1.764, 0.944],
			"to": [15.056, 12.348, 15.056],
			"rotation": {"angle": 0, "axis": "y", "origin": [1.826, 1.764, 1.826]},
			"faces": {
				"north": {"uv": [0, 4, 16, 16], "texture": "#2"},
				"east": {"uv": [0, 4, 16, 16], "texture": "#2"},
				"south": {"uv": [0, 4, 16, 16], "texture": "#1"},
				"west": {"uv": [0, 4, 16, 16], "texture": "#2"},
				"up": {"uv": [16, 0, 0, 16], "texture": "#0"},
				"down": {"uv": [0, 0, 16, 16], "texture": "#0"}
			}
		},
		{
			"from": [14.13, 12.015, -0.695],
			"to": [16.695, 12.87, 14.695],
			"rotation": {"angle": 22.5, "axis": "y", "origin": [17.4125, 12.4425, 8]},
			"faces": {
				"north": {"uv": [0, 0, 3, 1], "texture": "#3"},
				"east": {"uv": [0, 0, 1, 16], "rotation": 90, "texture": "#3"},
				"south": {"uv": [0, 0, 3, 1], "texture": "#3"},
				"west": {"uv": [0, 0, 1, 16], "rotation": 90, "texture": "#3"},
				"up": {"uv": [0, 0, 3, 16], "texture": "#3"},
				"down": {"uv": [0, 0, 3, 16], "texture": "#3"}
			}
		},
		{
			"from": [13.13, 0.9, 0.305],
			"to": [15.695, 1.755, 15.695],
			"rotation": {"angle": 0, "axis": "y", "origin": [2.015, 0.9, 2.015]},
			"faces": {
				"north": {"uv": [6, 7, 7, 10], "rotation": 90, "texture": "#3"},
				"east": {"uv": [6, 0, 7, 16], "rotation": 90, "texture": "#3"},
				"south": {"uv": [12, 12, 11, 15], "rotation": 90, "texture": "#3"},
				"west": {"uv": [0, 0, 16, 1], "texture": "#3"},
				"up": {"uv": [0, 0, 3, 16], "texture": "#3"},
				"down": {"uv": [0, 0, 3, 16], "texture": "#3"}
			}
		},
		{
			"from": [11.33, 0, 0.305],
			"to": [13.895, 0.855, 15.695],
			"rotation": {"angle": 0, "axis": "y", "origin": [0.215, 0, 2.015]},
			"faces": {
				"north": {"uv": [0, 0, 3, 1], "texture": "#3"},
				"east": {"uv": [0, 0, 1, 16], "rotation": 90, "texture": "#3"},
				"south": {"uv": [0, 0, 3, 1], "texture": "#3"},
				"west": {"uv": [0, 0, 1, 16], "rotation": 90, "texture": "#3"},
				"up": {"uv": [0, 0, 3, 16], "texture": "#3"},
				"down": {"uv": [0, 0, 3, 16], "texture": "#3"}
			}
		},
		{
			"from": [6.83, 0, 0.305],
			"to": [9.395, 0.855, 15.695],
			"rotation": {"angle": 0, "axis": "y", "origin": [-4.285, 0, 2.015]},
			"faces": {
				"north": {"uv": [0, 0, 3, 1], "texture": "#3"},
				"east": {"uv": [0, 0, 1, 16], "rotation": 90, "texture": "#3"},
				"south": {"uv": [0, 0, 3, 1], "texture": "#3"},
				"west": {"uv": [0, 0, 1, 16], "rotation": 90, "texture": "#3"},
				"up": {"uv": [0, 0, 3, 16], "texture": "#3"},
				"down": {"uv": [0, 0, 3, 16], "texture": "#3"}
			}
		},
		{
			"from": [2.33, 0, 0.305],
			"to": [4.895, 0.855, 15.695],
			"rotation": {"angle": 0, "axis": "y", "origin": [-8.785, 0, 2.015]},
			"faces": {
				"north": {"uv": [0, 0, 3, 1], "texture": "#3"},
				"east": {"uv": [0, 0, 1, 16], "rotation": 90, "texture": "#3"},
				"south": {"uv": [0, 0, 3, 1], "texture": "#3"},
				"west": {"uv": [0, 0, 1, 16], "rotation": 90, "texture": "#3"},
				"up": {"uv": [0, 0, 3, 16], "texture": "#3"},
				"down": {"uv": [0, 0, 3, 16], "texture": "#3"}
			}
		},
		{
			"from": [2.87, 0.9, 0.305],
			"to": [13.13, 1.755, 2.87],
			"rotation": {"angle": 0, "axis": "y", "origin": [-0.55, 0.9, 2.015]},
			"faces": {
				"north": {"uv": [6, 4, 7, 16], "rotation": 90, "texture": "#3"},
				"east": {"uv": [0, 0, 3, 1], "texture": "#3"},
				"south": {"uv": [0, 0, 12, 1], "texture": "#3"},
				"west": {"uv": [0, 0, 3, 1], "texture": "#3"},
				"up": {"uv": [0, 0, 3, 12], "rotation": 90, "texture": "#3"},
				"down": {"uv": [0, 0, 3, 12], "rotation": 90, "texture": "#3"}
			}
		},
		{
			"from": [2.87, 12.015, 6.7175],
			"to": [13.13, 12.87, 9.2825],
			"rotation": {"angle": 0, "axis": "y", "origin": [8, 12.4425, 8]},
			"faces": {
				"north": {"uv": [0, 0, 1, 12], "rotation": 90, "texture": "#3"},
				"east": {"uv": [0, 0, 3, 1], "texture": "#3"},
				"south": {"uv": [6, 4, 7, 16], "rotation": 90, "texture": "#3"},
				"west": {"uv": [0, 0, 3, 1], "texture": "#3"},
				"up": {"uv": [9, 4, 12, 16], "rotation": 90, "texture": "#3"},
				"down": {"uv": [0, 0, 12, 3], "texture": "#3"}
			}
		},
		{
			"from": [2.87, 0.9, 13.13],
			"to": [13.13, 1.755, 15.695],
			"rotation": {"angle": 0, "axis": "y", "origin": [-0.55, 0.9, 14.84]},
			"faces": {
				"north": {"uv": [0, 0, 12, 1], "texture": "#3"},
				"east": {"uv": [0, 0, 3, 1], "texture": "#3"},
				"south": {"uv": [6, 4, 7, 16], "rotation": 90, "texture": "#3"},
				"west": {"uv": [0, 0, 3, 1], "texture": "#3"},
				"up": {"uv": [0, 0, 3, 12], "rotation": 90, "texture": "#3"},
				"down": {"uv": [0, 0, 3, 12], "rotation": 90, "texture": "#3"}
			}
		},
		{
			"from": [13.13, 1.755, 14.84],
			"to": [15.695, 12.015, 15.695],
			"rotation": {"angle": 0, "axis": "y", "origin": [2.015, 0.9, 2.015]},
			"faces": {
				"north": {"uv": [0, 0, 3, 12], "texture": "#3"},
				"east": {"uv": [2, 0, 3, 12], "texture": "#3"},
				"south": {"uv": [0, 0, 3, 12], "texture": "#3"},
				"west": {"uv": [0, 0, 1, 12], "texture": "#3"},
				"up": {"uv": [0, 0, 3, 1], "texture": "#3"},
				"down": {"uv": [0, 0, 3, 1], "texture": "#3"}
			}
		},
		{
			"from": [14.84, 1.755, 13.13],
			"to": [15.695, 12.015, 14.84],
			"rotation": {"angle": 0, "axis": "y", "origin": [2.015, 0.9, 2.015]},
			"faces": {
				"north": {"uv": [0, 0, 1, 12], "texture": "#3"},
				"east": {"uv": [2, 12, 0, 0], "texture": "#3"},
				"south": {"uv": [0, 0, 1, 12], "texture": "#3"},
				"west": {"uv": [0, 0, 2, 12], "texture": "#3"},
				"up": {"uv": [0, 0, 1, 2], "texture": "#3"},
				"down": {"uv": [0, 0, 1, 2], "texture": "#3"}
			}
		},
		{
			"from": [14.84, 1.755, 1.16],
			"to": [15.695, 12.015, 2.87],
			"rotation": {"angle": 0, "axis": "y", "origin": [2.015, 0.9, -9.955]},
			"faces": {
				"north": {"uv": [0, 0, 1, 12], "texture": "#3"},
				"east": {"uv": [0, 0, 2, 12], "texture": "#3"},
				"south": {"uv": [0, 0, 1, 12], "texture": "#3"},
				"west": {"uv": [0, 0, 2, 12], "texture": "#3"},
				"up": {"uv": [0, 0, 1, 2], "texture": "#3"},
				"down": {"uv": [0, 0, 1, 2], "texture": "#3"}
			}
		},
		{
			"from": [13.13, 1.755, 0.305],
			"to": [15.695, 12.015, 1.16],
			"rotation": {"angle": 0, "axis": "y", "origin": [2.015, 0.9, -12.52]},
			"faces": {
				"north": {"uv": [3, 0, 0, 12], "texture": "#3"},
				"east": {"uv": [2, 0, 3, 12], "texture": "#3"},
				"south": {"uv": [0, 0, 3, 12], "texture": "#3"},
				"west": {"uv": [0, 0, 1, 12], "texture": "#3"},
				"up": {"uv": [0, 0, 3, 1], "texture": "#3"},
				"down": {"uv": [0, 0, 3, 1], "texture": "#3"}
			}
		},
		{
			"from": [0.305, 0.9, 0.305],
			"to": [2.87, 1.755, 15.695],
			"rotation": {"angle": 0, "axis": "y", "origin": [1.16, 6.885, 8]},
			"faces": {
				"north": {"uv": [6, 9, 7, 12], "rotation": 90, "texture": "#3"},
				"east": {"uv": [0, 0, 16, 1], "texture": "#3"},
				"south": {"uv": [6, 10, 7, 13], "rotation": 90, "texture": "#3"},
				"west": {"uv": [2, 0, 3, 16], "rotation": 90, "texture": "#3"},
				"up": {"uv": [0, 0, 3, 16], "rotation": 180, "texture": "#3"},
				"down": {"uv": [0, 0, 3, 16], "rotation": 180, "texture": "#3"}
			}
		},
		{
			"from": [0.305, 1.755, 0.305],
			"to": [2.87, 12.015, 1.16],
			"rotation": {"angle": 0, "axis": "y", "origin": [1.16, 6.885, 8]},
			"faces": {
				"north": {"uv": [0, 0, 3, 12], "texture": "#3"},
				"east": {"uv": [0, 0, 1, 12], "texture": "#3"},
				"south": {"uv": [0, 0, 3, 12], "texture": "#3"},
				"west": {"uv": [2, 0, 3, 12], "texture": "#3"},
				"up": {"uv": [0, 0, 3, 1], "rotation": 180, "texture": "#3"},
				"down": {"uv": [0, 0, 3, 1], "rotation": 180, "texture": "#3"}
			}
		},
		{
			"from": [0.305, 1.755, 1.16],
			"to": [1.16, 12.015, 2.87],
			"rotation": {"angle": 0, "axis": "y", "origin": [1.16, 6.885, 8]},
			"faces": {
				"north": {"uv": [0, 0, 1, 12], "texture": "#3"},
				"east": {"uv": [0, 0, 2, 12], "texture": "#3"},
				"south": {"uv": [0, 0, 1, 12], "texture": "#3"},
				"west": {"uv": [2, 0, 0, 12], "texture": "#3"},
				"up": {"uv": [0, 0, 1, 2], "rotation": 180, "texture": "#3"},
				"down": {"uv": [0, 0, 1, 2], "rotation": 180, "texture": "#3"}
			}
		},
		{
			"from": [-1.495, 1.455, 13.13],
			"to": [-0.64, 11.715, 14.84],
			"rotation": {"angle": 22.5, "axis": "z", "origin": [-1.0675, 6.585, 13.985]},
			"faces": {
				"north": {"uv": [0, 0, 1, 12], "texture": "#3"},
				"east": {"uv": [0, 0, 2, 12], "texture": "#3"},
				"south": {"uv": [0, 0, 1, 12], "texture": "#3"},
				"west": {"uv": [0, 0, 2, 12], "texture": "#3"},
				"up": {"uv": [0, 0, 1, 2], "rotation": 180, "texture": "#3"},
				"down": {"uv": [0, 0, 1, 2], "rotation": 180, "texture": "#3"}
			}
		}
	],
	"display": {
		"thirdperson_righthand": {
			"rotation": [73, 57, 0],
			"translation": [0, 3.25, 0],
			"scale": [0.4, 0.4, 0.4]
		},
		"firstperson_righthand": {
			"rotation": [0, -70, 0],
			"translation": [0, 1.25, -1.75],
			"scale": [0.5, 0.5, 0.5]
		},
		"ground": {
			"translation": [0, 3.75, 0],
			"scale": [0.5, 0.5, 0.5]
		},
		"gui": {
			"rotation": [22, 41, 0],
			"scale": [0.65, 0.65, 0.65]
		}
	},
	"groups": [
		{
			"name": "group",
			"origin": [1, 1, 1],
			"color": 0,
			"children": [0]
		},
		1,
		2,
		3,
		4,
		5,
		6,
		7,
		8,
		9,
		10,
		11,
		12,
		13,
		14,
		15,
		16
	]
}