{
	"credit": "by 2M3V",
	"textures": {
		"0": "shiver:item/box1",
		"particle": "shiver:item/box1"
	},
	"elements": [
		{
			"from": [0.4, 0, 10.85],
			"to": [1.35, 15.2, 15.6],
			"rotation": {"angle": 0, "axis": "x", "origin": [-0.075, 4.75, 12.75]},
			"faces": {
				"north": {"uv": [0, 0, 1, 16], "rotation": 180, "texture": "#0"},
				"east": {"uv": [0, 0, 5, 16], "texture": "#0"},
				"south": {"uv": [0, 0, 1, 16], "texture": "#0"},
				"west": {"uv": [0, 0, 5, 16], "rotation": 180, "texture": "#0"},
				"up": {"uv": [2, 0, 7, 1], "rotation": 270, "texture": "#0"},
				"down": {"uv": [0, 15, 5, 16], "rotation": 90, "texture": "#0"}
			}
		},
		{
			"from": [0.4, 0, 0.4],
			"to": [1.35, 15.2, 5.15],
			"rotation": {"angle": 0, "axis": "x", "origin": [-0.075, 4.75, 2.3]},
			"faces": {
				"north": {"uv": [0, 0, 1, 16], "rotation": 180, "texture": "#0"},
				"east": {"uv": [0, 0, 5, 16], "texture": "#0"},
				"south": {"uv": [0, 0, 1, 16], "texture": "#0"},
				"west": {"uv": [0, 0, 5, 16], "rotation": 180, "texture": "#0"},
				"up": {"uv": [2, 0, 7, 1], "rotation": 270, "texture": "#0"},
				"down": {"uv": [0, 15, 5, 16], "rotation": 90, "texture": "#0"}
			}
		},
		{
			"from": [14.65, 0, 0.4],
			"to": [15.6, 15.2, 5.15],
			"rotation": {"angle": 0, "axis": "x", "origin": [14.175, 4.75, 2.3]},
			"faces": {
				"north": {"uv": [0, 0, 1, 16], "rotation": 180, "texture": "#0"},
				"east": {"uv": [0, 0, 5, 16], "texture": "#0"},
				"south": {"uv": [0, 0, 1, 16], "texture": "#0"},
				"west": {"uv": [0, 0, 5, 16], "rotation": 180, "texture": "#0"},
				"up": {"uv": [2, 0, 7, 1], "rotation": 270, "texture": "#0"},
				"down": {"uv": [0, 15, 5, 16], "rotation": 90, "texture": "#0"}
			}
		},
		{
			"from": [13.7, 8.55, 0.4],
			"to": [14.65, 13.3, 15.6],
			"rotation": {"angle": 0, "axis": "x", "origin": [13.225, 11.4, 5.15]},
			"faces": {
				"north": {"uv": [0, 15, 5, 16], "rotation": 270, "texture": "#0"},
				"east": {"uv": [0, 0, 5, 16], "rotation": 270, "texture": "#0"},
				"south": {"uv": [2, 0, 7, 1], "rotation": 270, "texture": "#0"},
				"west": {"uv": [0, 0, 5, 16], "rotation": 270, "texture": "#0"},
				"up": {"uv": [0, 0, 1, 16], "texture": "#0"},
				"down": {"uv": [0, 0, 1, 16], "texture": "#0"}
			}
		},
		{
			"from": [1.35, 14.25, 10.85],
			"to": [14.65, 15.2, 15.6],
			"rotation": {"angle": 0, "axis": "y", "origin": [7.525, 14.725, 13.7]},
			"faces": {
				"north": {"uv": [0, 0, 1, 16], "rotation": 90, "texture": "#0"},
				"east": {"uv": [2, 0, 7, 1], "texture": "#0"},
				"south": {"uv": [0, 0, 1, 16], "rotation": 90, "texture": "#0"},
				"west": {"uv": [0, 15, 5, 16], "rotation": 180, "texture": "#0"},
				"up": {"uv": [0, 1, 5, 15], "rotation": 270, "texture": "#0"},
				"down": {"uv": [0, 1, 5, 15], "rotation": 90, "texture": "#0"}
			}
		},
		{
			"from": [1.35, 14.25, 0.4],
			"to": [14.65, 15.2, 5.15],
			"rotation": {"angle": 0, "axis": "y", "origin": [7.525, 14.725, 3.25]},
			"faces": {
				"north": {"uv": [0, 0, 1, 16], "rotation": 90, "texture": "#0"},
				"east": {"uv": [2, 0, 7, 1], "texture": "#0"},
				"south": {"uv": [0, 0, 1, 16], "rotation": 90, "texture": "#0"},
				"west": {"uv": [0, 15, 5, 16], "rotation": 180, "texture": "#0"},
				"up": {"uv": [0, 1, 5, 15], "rotation": 270, "texture": "#0"},
				"down": {"uv": [0, 1, 5, 15], "rotation": 90, "texture": "#0"}
			}
		},
		{
			"from": [1.35, 7.6, 0.4],
			"to": [2.3, 12.35, 15.6],
			"rotation": {"angle": 0, "axis": "x", "origin": [0.875, 10.45, 5.15]},
			"faces": {
				"north": {"uv": [0, 15, 5, 16], "rotation": 270, "texture": "#0"},
				"east": {"uv": [0, 0, 5, 16], "rotation": 270, "texture": "#0"},
				"south": {"uv": [2, 0, 7, 1], "rotation": 270, "texture": "#0"},
				"west": {"uv": [0, 0, 5, 16], "rotation": 270, "texture": "#0"},
				"up": {"uv": [0, 0, 1, 16], "texture": "#0"},
				"down": {"uv": [0, 0, 1, 16], "texture": "#0"}
			}
		},
		{
			"from": [14.65, 0, 10.85],
			"to": [15.6, 15.2, 15.6],
			"rotation": {"angle": 0, "axis": "x", "origin": [14.175, 4.75, 12.75]},
			"faces": {
				"north": {"uv": [0, 0, 1, 16], "rotation": 180, "texture": "#0"},
				"east": {"uv": [0, 0, 5, 16], "texture": "#0"},
				"south": {"uv": [0, 0, 1, 16], "texture": "#0"},
				"west": {"uv": [0, 0, 5, 16], "rotation": 180, "texture": "#0"},
				"up": {"uv": [2, 0, 7, 1], "rotation": 270, "texture": "#0"},
				"down": {"uv": [0, 15, 5, 16], "rotation": 90, "texture": "#0"}
			}
		},
		{
			"from": [3.25, 0, 14.555],
			"to": [8, 15.2, 15.505],
			"rotation": {"angle": -45, "axis": "z", "origin": [6.575, 4.75, 13.605]},
			"faces": {
				"north": {"uv": [0, 0, 5, 16], "rotation": 180, "texture": "#0"},
				"east": {"uv": [0, 0, 1, 16], "rotation": 180, "texture": "#0"},
				"south": {"uv": [8, 0, 13, 16], "texture": "#0"},
				"west": {"uv": [0, 0, 1, 16], "texture": "#0"},
				"up": {"uv": [2, 0, 7, 1], "texture": "#0"},
				"down": {"uv": [0, 15, 5, 16], "texture": "#0"}
			}
		},
		{
			"from": [5.5435, -0.16299, 0.495],
			"to": [10.2935, 15.03701, 1.445],
			"rotation": {"angle": 45, "axis": "z", "origin": [7.9185, 7.43701, 0.97]},
			"faces": {
				"north": {"uv": [0, 0, 5, 16], "rotation": 180, "texture": "#0"},
				"east": {"uv": [0, 0, 1, 16], "rotation": 180, "texture": "#0"},
				"south": {"uv": [0, 0, 5, 16], "texture": "#0"},
				"west": {"uv": [0, 0, 1, 16], "texture": "#0"},
				"up": {"uv": [2, 0, 7, 1], "texture": "#0"},
				"down": {"uv": [0, 15, 5, 16], "texture": "#0"}
			}
		},
		{
			"from": [-0.55, 1.9, 0.4],
			"to": [0.4, 6.65, 15.6],
			"rotation": {"angle": 0, "axis": "x", "origin": [-0.075, 3.8, 8]},
			"faces": {
				"north": {"uv": [2, 0, 7, 1], "rotation": 90, "texture": "#0"},
				"east": {"uv": [0, 0, 5, 16], "rotation": 90, "texture": "#0"},
				"south": {"uv": [0, 15, 5, 16], "rotation": 90, "texture": "#0"},
				"west": {"uv": [8, 0, 13, 16], "rotation": 90, "texture": "#0"},
				"up": {"uv": [0, 0, 1, 16], "texture": "#0"},
				"down": {"uv": [0, 0, 1, 16], "texture": "#0"}
			}
		},
		{
			"from": [15.6, 1.95, 0.4],
			"to": [16.55, 6.7, 15.6],
			"rotation": {"angle": 0, "axis": "x", "origin": [16.075, 3.85, 8]},
			"faces": {
				"north": {"uv": [2, 0, 7, 1], "rotation": 90, "texture": "#0"},
				"east": {"uv": [4, 0, 9, 16], "rotation": 90, "texture": "#0"},
				"south": {"uv": [0, 15, 5, 16], "rotation": 90, "texture": "#0"},
				"west": {"uv": [0, 0, 5, 16], "rotation": 90, "texture": "#0"},
				"up": {"uv": [0, 0, 1, 16], "texture": "#0"},
				"down": {"uv": [0, 0, 1, 16], "texture": "#0"}
			}
		},
		{
			"from": [15.6, 8.55, 0.4],
			"to": [16.55, 13.3, 15.6],
			"rotation": {"angle": 0, "axis": "x", "origin": [16.075, 10.45, 8]},
			"faces": {
				"north": {"uv": [2, 0, 7, 1], "rotation": 90, "texture": "#0"},
				"east": {"uv": [0, 0, 5, 16], "rotation": 90, "texture": "#0"},
				"south": {"uv": [0, 15, 5, 16], "rotation": 90, "texture": "#0"},
				"west": {"uv": [0, 0, 5, 16], "rotation": 90, "texture": "#0"},
				"up": {"uv": [0, 0, 1, 16], "texture": "#0"},
				"down": {"uv": [0, 0, 1, 16], "texture": "#0"}
			}
		},
		{
			"from": [0.4, 1, -0.55],
			"to": [15.6, 5.75, 0.4],
			"rotation": {"angle": 0, "axis": "y", "origin": [7.525, 2.9, -0.55]},
			"faces": {
				"north": {"uv": [0, 0, 5, 16], "rotation": 90, "texture": "#0"},
				"east": {"uv": [2, 0, 7, 1], "rotation": 90, "texture": "#0"},
				"south": {"uv": [0, 0, 5, 16], "rotation": 90, "texture": "#0"},
				"west": {"uv": [0, 15, 5, 16], "rotation": 90, "texture": "#0"},
				"up": {"uv": [0, 0, 1, 16], "rotation": 90, "texture": "#0"},
				"down": {"uv": [0, 0, 1, 16], "rotation": 270, "texture": "#0"}
			}
		},
		{
			"from": [0.4, 9.55, -0.55],
			"to": [15.6, 14.3, 0.4],
			"rotation": {"angle": 0, "axis": "y", "origin": [7.525, 11.45, -0.55]},
			"faces": {
				"north": {"uv": [4, 0, 9, 16], "rotation": 90, "texture": "#0"},
				"east": {"uv": [2, 0, 7, 1], "rotation": 90, "texture": "#0"},
				"south": {"uv": [0, 0, 5, 16], "rotation": 90, "texture": "#0"},
				"west": {"uv": [0, 15, 5, 16], "rotation": 90, "texture": "#0"},
				"up": {"uv": [0, 0, 1, 16], "rotation": 90, "texture": "#0"},
				"down": {"uv": [0, 0, 1, 16], "rotation": 270, "texture": "#0"}
			}
		},
		{
			"from": [-0.625, 8.5, 0.875],
			"to": [0.325, 13.25, 16.075],
			"rotation": {"angle": 0, "axis": "y", "origin": [-0.625, 10.4, 8.95]},
			"faces": {
				"north": {"uv": [2, 0, 7, 1], "rotation": 90, "texture": "#0"},
				"east": {"uv": [0, 0, 5, 16], "rotation": 90, "texture": "#0"},
				"south": {"uv": [0, 15, 5, 16], "rotation": 90, "texture": "#0"},
				"west": {"uv": [4, 0, 9, 16], "rotation": 90, "texture": "#0"},
				"up": {"uv": [0, 0, 1, 16], "texture": "#0"},
				"down": {"uv": [0, 0, 1, 16], "texture": "#0"}
			}
		},
		{
			"from": [2.375, 15.2, 0.375],
			"to": [7.125, 16.15, 15.575],
			"rotation": {"angle": 0, "axis": "y", "origin": [4.275, 16.15, 6.55]},
			"faces": {
				"north": {"uv": [2, 0, 7, 1], "texture": "#0"},
				"east": {"uv": [0, 0, 1, 16], "rotation": 90, "texture": "#0"},
				"south": {"uv": [0, 15, 5, 16], "rotation": 180, "texture": "#0"},
				"west": {"uv": [0, 0, 1, 16], "rotation": 90, "texture": "#0"},
				"up": {"uv": [4, 0, 9, 16], "rotation": 180, "texture": "#0"},
				"down": {"uv": [0, 0, 5, 16], "rotation": 180, "texture": "#0"}
			}
		},
		{
			"from": [8.925, 15.2, 0.375],
			"to": [13.675, 16.15, 15.575],
			"rotation": {"angle": 0, "axis": "z", "origin": [11.3, 15.675, 7.975]},
			"faces": {
				"north": {"uv": [2, 0, 7, 1], "texture": "#0"},
				"east": {"uv": [0, 0, 1, 16], "rotation": 90, "texture": "#0"},
				"south": {"uv": [0, 15, 5, 16], "rotation": 180, "texture": "#0"},
				"west": {"uv": [0, 0, 1, 16], "rotation": 90, "texture": "#0"},
				"up": {"uv": [0, 0, 5, 16], "rotation": 180, "texture": "#0"},
				"down": {"uv": [0, 0, 5, 16], "rotation": 180, "texture": "#0"}
			}
		},
		{
			"from": [0.4, 9.45, 15.6],
			"to": [15.6, 14.2, 16.55],
			"rotation": {"angle": 0, "axis": "x", "origin": [7.525, 11.35, 15.6]},
			"faces": {
				"north": {"uv": [0, 0, 5, 16], "rotation": 90, "texture": "#0"},
				"east": {"uv": [2, 0, 7, 1], "rotation": 90, "texture": "#0"},
				"south": {"uv": [0, 0, 5, 16], "rotation": 90, "texture": "#0"},
				"west": {"uv": [0, 15, 5, 16], "rotation": 90, "texture": "#0"},
				"up": {"uv": [0, 0, 1, 16], "rotation": 90, "texture": "#0"},
				"down": {"uv": [0, 0, 1, 16], "rotation": 270, "texture": "#0"}
			}
		},
		{
			"from": [2.3, 0, 0.4],
			"to": [7.05, 0.95, 15.6],
			"rotation": {"angle": 0, "axis": "z", "origin": [4.675, 0, 8.95]},
			"faces": {
				"north": {"uv": [2, 0, 7, 1], "rotation": 180, "texture": "#0"},
				"east": {"uv": [0, 0, 1, 16], "rotation": 270, "texture": "#0"},
				"south": {"uv": [0, 15, 5, 16], "texture": "#0"},
				"west": {"uv": [0, 0, 1, 16], "rotation": 270, "texture": "#0"},
				"up": {"uv": [0, 0, 5, 16], "texture": "#0"},
				"down": {"uv": [8, 0, 13, 16], "texture": "#0"}
			}
		},
		{
			"from": [8.95, 0, 0.4],
			"to": [13.7, 0.95, 15.6],
			"rotation": {"angle": 0, "axis": "z", "origin": [11.325, 0, 8.95]},
			"faces": {
				"north": {"uv": [2, 0, 7, 1], "rotation": 180, "texture": "#0"},
				"east": {"uv": [0, 0, 1, 16], "rotation": 270, "texture": "#0"},
				"south": {"uv": [0, 15, 5, 16], "texture": "#0"},
				"west": {"uv": [0, 0, 1, 16], "rotation": 270, "texture": "#0"},
				"up": {"uv": [0, 0, 5, 16], "texture": "#0"},
				"down": {"uv": [0, 0, 5, 16], "texture": "#0"}
			}
		},
		{
			"from": [0.675, 1, 1.575],
			"to": [15.875, 1.95, 6.325],
			"rotation": {"angle": 0, "axis": "y", "origin": [7.325, 1, 3.95]},
			"faces": {
				"north": {"uv": [0, 0, 1, 16], "rotation": 270, "texture": "#0"},
				"east": {"uv": [2, 0, 7, 1], "rotation": 180, "texture": "#0"},
				"south": {"uv": [0, 0, 1, 16], "rotation": 270, "texture": "#0"},
				"west": {"uv": [0, 15, 5, 16], "texture": "#0"},
				"up": {"uv": [0, 0, 5, 16], "rotation": 90, "texture": "#0"},
				"down": {"uv": [0, 0, 5, 16], "rotation": 270, "texture": "#0"}
			}
		},
		{
			"from": [0.675, 1, 9.575],
			"to": [15.875, 1.95, 14.325],
			"rotation": {"angle": 0, "axis": "y", "origin": [7.325, 1, 11.95]},
			"faces": {
				"north": {"uv": [0, 0, 1, 16], "rotation": 270, "texture": "#0"},
				"east": {"uv": [2, 0, 7, 1], "rotation": 180, "texture": "#0"},
				"south": {"uv": [0, 0, 1, 16], "rotation": 270, "texture": "#0"},
				"west": {"uv": [0, 15, 5, 16], "texture": "#0"},
				"up": {"uv": [0, 0, 5, 16], "rotation": 90, "texture": "#0"},
				"down": {"uv": [0, 0, 5, 16], "rotation": 270, "texture": "#0"}
			}
		},
		{
			"from": [0.4, 2, 15.6],
			"to": [15.6, 6.75, 16.55],
			"rotation": {"angle": 0, "axis": "y", "origin": [7.525, 3.9, 15.6]},
			"faces": {
				"north": {"uv": [0, 0, 5, 16], "rotation": 90, "texture": "#0"},
				"east": {"uv": [2, 0, 7, 1], "rotation": 90, "texture": "#0"},
				"south": {"uv": [8, 0, 13, 16], "rotation": 90, "texture": "#0"},
				"west": {"uv": [0, 15, 5, 16], "rotation": 90, "texture": "#0"},
				"up": {"uv": [0, 0, 1, 16], "rotation": 90, "texture": "#0"},
				"down": {"uv": [0, 0, 1, 16], "rotation": 270, "texture": "#0"}
			}
		}
	],
	"gui_light": "front",
	"display": {
		"thirdperson_righthand": {
			"translation": [0, 3, 0],
			"scale": [0.5, 0.5, 0.5]
		},
		"firstperson_righthand": {
			"rotation": [0, 24, 0],
			"translation": [1.75, 0, -3.75],
			"scale": [0.5, 0.5, 0.5]
		},
		"ground": {
			"translation": [0, 3, 0],
			"scale": [0.5, 0.5, 0.5]
		},
		"gui": {
			"rotation": [31, 49, 0],
			"scale": [0.5, 0.5, 0.5]
		}
	},
	"groups": [
		0,
		1,
		2,
		3,
		4,
		5,
		6,
		7,
		8,
		9,
		{
			"name": "group",
			"origin": [0, 0, 0],
			"color": 0,
			"children": [10, 11, 12, 13, 14, 15, 16, 17, 18, 19, 20, 21, 22, 23]
		}
	]
}