{
	"credit": "by 2M3V",
	"textures": {
		"0": "shiver:item/glow",
		"particle": "shiver:item/glow"
	},
	"elements": [
		{
			"from": [-0.08, -0.04, -0.08],
			"to": [0.122, 16.12, 0.122],
			"rotation": {"angle": 0, "axis": "y", "origin": [-0.08, 0, -0.08]},
			"faces": {
				"north": {"uv": [0, 1, 1, 2], "texture": "#0"},
				"east": {"uv": [0, 1, 1, 2], "texture": "#0"},
				"south": {"uv": [0, 1, 1, 2], "texture": "#0"},
				"west": {"uv": [0, 1, 1, 2], "texture": "#0"},
				"up": {"uv": [0, 1, 1, 2], "texture": "#0"},
				"down": {"uv": [0, 1, 1, 2], "texture": "#0"}
			}
		},
		{
			"from": [15.878, -0.04, -0.08],
			"to": [16.08, 16.12, 0.122],
			"rotation": {"angle": 0, "axis": "y", "origin": [15.878, 0, -0.08]},
			"faces": {
				"north": {"uv": [0, 1, 1, 2], "texture": "#0"},
				"east": {"uv": [0, 1, 1, 2], "texture": "#0"},
				"south": {"uv": [0, 1, 1, 2], "texture": "#0"},
				"west": {"uv": [0, 1, 1, 2], "texture": "#0"},
				"up": {"uv": [0, 1, 1, 2], "texture": "#0"},
				"down": {"uv": [0, 1, 1, 2], "texture": "#0"}
			}
		},
		{
			"from": [-0.08, 15.96, -0.08],
			"to": [16.08, 16.162, 0.122],
			"rotation": {"angle": 0, "axis": "z", "origin": [8, 16.101, 0.021]},
			"faces": {
				"north": {"uv": [0, 1, 1, 2], "texture": "#0"},
				"east": {"uv": [0, 1, 1, 2], "texture": "#0"},
				"south": {"uv": [0, 1, 1, 2], "texture": "#0"},
				"west": {"uv": [0, 1, 1, 2], "texture": "#0"},
				"up": {"uv": [0, 1, 1, 2], "texture": "#0"},
				"down": {"uv": [0, 1, 1, 2], "texture": "#0"}
			}
		},
		{
			"from": [-0.08, -0.04, 15.878],
			"to": [16.08, 0.162, 16.08],
			"rotation": {"angle": 0, "axis": "z", "origin": [8, 0.101, 15.979]},
			"faces": {
				"north": {"uv": [0, 1, 1, 2], "texture": "#0"},
				"east": {"uv": [0, 1, 1, 2], "texture": "#0"},
				"south": {"uv": [0, 1, 1, 2], "texture": "#0"},
				"west": {"uv": [0, 1, 1, 2], "texture": "#0"},
				"up": {"uv": [0, 1, 1, 2], "texture": "#0"},
				"down": {"uv": [0, 1, 1, 2], "texture": "#0"}
			}
		},
		{
			"from": [-0.08, 15.96, -0.08],
			"to": [0.122, 16.162, 16.08],
			"rotation": {"angle": 0, "axis": "y", "origin": [0.021, 16.101, 8]},
			"faces": {
				"north": {"uv": [0, 1, 1, 2], "texture": "#0"},
				"east": {"uv": [0, 1, 1, 2], "texture": "#0"},
				"south": {"uv": [0, 1, 1, 2], "texture": "#0"},
				"west": {"uv": [0, 1, 1, 2], "texture": "#0"},
				"up": {"uv": [0, 1, 1, 2], "texture": "#0"},
				"down": {"uv": [0, 1, 1, 2], "texture": "#0"}
			}
		},
		{
			"from": [15.878, 15.96, -0.08],
			"to": [16.08, 16.162, 16.08],
			"rotation": {"angle": 0, "axis": "y", "origin": [15.979, 16.101, 8]},
			"faces": {
				"north": {"uv": [0, 1, 1, 2], "texture": "#0"},
				"east": {"uv": [0, 1, 1, 2], "texture": "#0"},
				"south": {"uv": [0, 1, 1, 2], "texture": "#0"},
				"west": {"uv": [0, 1, 1, 2], "texture": "#0"},
				"up": {"uv": [0, 1, 1, 2], "texture": "#0"},
				"down": {"uv": [0, 1, 1, 2], "texture": "#0"}
			}
		},
		{
			"from": [15.878, -0.04, -0.08],
			"to": [16.08, 0.162, 16.08],
			"rotation": {"angle": 0, "axis": "y", "origin": [15.979, 16.059, 8]},
			"faces": {
				"north": {"uv": [0, 1, 1, 2], "texture": "#0"},
				"east": {"uv": [0, 1, 1, 2], "texture": "#0"},
				"south": {"uv": [0, 1, 1, 2], "texture": "#0"},
				"west": {"uv": [0, 1, 1, 2], "texture": "#0"},
				"up": {"uv": [0, 1, 1, 2], "texture": "#0"},
				"down": {"uv": [0, 1, 1, 2], "texture": "#0"}
			}
		},
		{
			"from": [-0.08, 15.96, 15.878],
			"to": [16.08, 16.162, 16.08],
			"rotation": {"angle": 0, "axis": "z", "origin": [8, 32.059, 15.979]},
			"faces": {
				"north": {"uv": [0, 1, 1, 2], "texture": "#0"},
				"east": {"uv": [0, 1, 1, 2], "texture": "#0"},
				"south": {"uv": [0, 1, 1, 2], "texture": "#0"},
				"west": {"uv": [0, 1, 1, 2], "texture": "#0"},
				"up": {"uv": [0, 1, 1, 2], "texture": "#0"},
				"down": {"uv": [0, 1, 1, 2], "texture": "#0"}
			}
		},
		{
			"from": [-0.08, -0.04, -0.08],
			"to": [0.122, 0.162, 16.08],
			"rotation": {"angle": 0, "axis": "y", "origin": [0.021, 16.059, 8]},
			"faces": {
				"north": {"uv": [0, 1, 1, 2], "texture": "#0"},
				"east": {"uv": [0, 1, 1, 2], "texture": "#0"},
				"south": {"uv": [0, 1, 1, 2], "texture": "#0"},
				"west": {"uv": [0, 1, 1, 2], "texture": "#0"},
				"up": {"uv": [0, 1, 1, 2], "texture": "#0"},
				"down": {"uv": [0, 1, 1, 2], "texture": "#0"}
			}
		},
		{
			"from": [-0.08, -0.04, -0.08],
			"to": [16.08, 0.162, 0.122],
			"rotation": {"angle": 0, "axis": "z", "origin": [8, 16.059, 0.021]},
			"faces": {
				"north": {"uv": [0, 1, 1, 2], "texture": "#0"},
				"east": {"uv": [0, 1, 1, 2], "texture": "#0"},
				"south": {"uv": [0, 1, 1, 2], "texture": "#0"},
				"west": {"uv": [0, 1, 1, 2], "texture": "#0"},
				"up": {"uv": [0, 1, 1, 2], "texture": "#0"},
				"down": {"uv": [0, 1, 1, 2], "texture": "#0"}
			}
		},
		{
			"from": [15.878, -0.04, 15.878],
			"to": [16.08, 16.12, 16.08],
			"rotation": {"angle": 0, "axis": "y", "origin": [15.878, 0, 15.878]},
			"faces": {
				"north": {"uv": [0, 1, 1, 2], "texture": "#0"},
				"east": {"uv": [0, 1, 1, 2], "texture": "#0"},
				"south": {"uv": [0, 1, 1, 2], "texture": "#0"},
				"west": {"uv": [0, 1, 1, 2], "texture": "#0"},
				"up": {"uv": [0, 1, 1, 2], "texture": "#0"},
				"down": {"uv": [0, 1, 1, 2], "texture": "#0"}
			}
		},
		{
			"from": [-0.08, -0.04, 15.878],
			"to": [0.122, 16.12, 16.08],
			"rotation": {"angle": 0, "axis": "y", "origin": [-0.08, 0, 15.878]},
			"faces": {
				"north": {"uv": [0, 1, 1, 2], "texture": "#0"},
				"east": {"uv": [0, 1, 1, 2], "texture": "#0"},
				"south": {"uv": [0, 1, 1, 2], "texture": "#0"},
				"west": {"uv": [0, 1, 1, 2], "texture": "#0"},
				"up": {"uv": [0, 1, 1, 2], "texture": "#0"},
				"down": {"uv": [0, 1, 1, 2], "texture": "#0"}
			}
		}
	],
	"display": {}
}