{
	"credit": "by 2M3V",
	"textures": {
		"0": "shiver:item/plank_plywood",
		"particle": "shiver:item/plank_plywood"
	},
	"elements": [
		{
			"from": [0, 7, 8],
			"to": [16, 12, 9],
			"rotation": {"angle": 0, "axis": "y", "origin": [7.5, 9, 8]},
			"faces": {
				"north": {"uv": [9, 0, 14, 16], "rotation": 90, "texture": "#0"},
				"east": {"uv": [2, 0, 7, 1], "rotation": 90, "texture": "#0"},
				"south": {"uv": [14, 0, 9, 16], "rotation": 90, "texture": "#0"},
				"west": {"uv": [0, 15, 5, 16], "rotation": 90, "texture": "#0"},
				"up": {"uv": [0, 0, 1, 16], "rotation": 90, "texture": "#0"},
				"down": {"uv": [0, 0, 1, 16], "rotation": 270, "texture": "#0"}
			}
		},
		{
			"from": [3.5, 9, 7],
			"to": [3.5, 10, 8],
			"rotation": {"angle": 0, "axis": "y", "origin": [1.5, 9, 6]},
			"faces": {
				"north": {"uv": [2, 3, 3, 4], "texture": "#0"},
				"east": {"uv": [2, 3, 3, 4], "texture": "#0"},
				"south": {"uv": [2, 3, 3, 4], "texture": "#0"},
				"west": {"uv": [2, 3, 3, 4], "texture": "#0"},
				"up": {"uv": [2, 3, 3, 4], "texture": "#0"},
				"down": {"uv": [2, 3, 3, 4], "texture": "#0"}
			}
		},
		{
			"from": [14.5, 8, 7],
			"to": [14.5, 9, 8],
			"rotation": {"angle": 0, "axis": "y", "origin": [12.5, 8, 6]},
			"faces": {
				"north": {"uv": [2, 3, 3, 4], "texture": "#0"},
				"east": {"uv": [2, 3, 3, 4], "texture": "#0"},
				"south": {"uv": [2, 3, 3, 4], "texture": "#0"},
				"west": {"uv": [2, 3, 3, 4], "texture": "#0"},
				"up": {"uv": [2, 3, 3, 4], "texture": "#0"},
				"down": {"uv": [2, 3, 3, 4], "texture": "#0"}
			}
		}
	],
	"gui_light": "front",
	"display": {
		"thirdperson_righthand": {
			"rotation": [0, -90, 90],
			"translation": [0, 3.75, 2],
			"scale": [0.7, 0.7, 0.7]
		},
		"firstperson_righthand": {
			"rotation": [0, -69, 0],
			"translation": [1.75, 1, -3.75],
			"scale": [0.7, 0.7, 0.7]
		},
		"ground": {
			"rotation": [-55, 20, 0],
			"translation": [0, 2.25, 0],
			"scale": [0.7, 0.7, 0.7]
		},
		"gui": {
			"rotation": [0, 0, -135],
			"translation": [-1, 0.75, 0]
		}
	}
}