{
	"credit": "Made by Falanta Fantomo with Blockbench",
	"texture_size": [32, 32],
	"textures": {
		"particle": "shiver:item/props/props_c17/furniture/hl2_armchair02"
	},
	"elements": [
		{
			"from": [12.5, 0, 0],
			"to": [13.5, 3, 1],
			"rotation": {"angle": 0, "axis": "y", "origin": [13, 1.5, 0.5]},
			"faces": {
				"north": {"uv": [15.5, 0, 16, 1.5], "texture": "#particle"},
				"east": {"uv": [15.5, 0, 16, 1.5], "texture": "#particle"},
				"south": {"uv": [15.5, 0, 16, 1.5], "texture": "#particle"},
				"west": {"uv": [15.5, 0, 16, 1.5], "texture": "#particle"},
				"down": {"uv": [15.5, 1, 16, 1.5], "texture": "#particle"}
			}
		},
		{
			"from": [12.5, 0, 15],
			"to": [13.5, 4, 16],
			"rotation": {"angle": -22.5, "axis": "x", "origin": [13, 0, 16]},
			"faces": {
				"north": {"uv": [15, 0, 15.5, 2], "texture": "#particle"},
				"east": {"uv": [15, 0, 15.5, 2], "texture": "#particle"},
				"south": {"uv": [15, 0, 15.5, 2], "texture": "#particle"},
				"west": {"uv": [15, 0, 15.5, 2], "texture": "#particle"},
				"down": {"uv": [15, 1.5, 15.5, 2], "texture": "#particle"}
			}
		},
		{
			"from": [2.5, 0, 15],
			"to": [3.5, 4, 16],
			"rotation": {"angle": -22.5, "axis": "x", "origin": [3, 0, 16]},
			"faces": {
				"north": {"uv": [15.5, 0, 15, 2], "texture": "#particle"},
				"east": {"uv": [15.5, 0, 15, 2], "texture": "#particle"},
				"south": {"uv": [15.5, 0, 15, 2], "texture": "#particle"},
				"west": {"uv": [15.5, 0, 15, 2], "texture": "#particle"},
				"down": {"uv": [15.5, 1.5, 15, 2], "texture": "#particle"}
			}
		},
		{
			"from": [2.5, 0, 0],
			"to": [3.5, 3, 1],
			"rotation": {"angle": 0, "axis": "y", "origin": [3, 1.5, 0.5]},
			"faces": {
				"north": {"uv": [16, 0, 15.5, 1.5], "texture": "#particle"},
				"east": {"uv": [16, 0, 15.5, 1.5], "texture": "#particle"},
				"south": {"uv": [16, 0, 15.5, 1.5], "texture": "#particle"},
				"west": {"uv": [16, 0, 15.5, 1.5], "texture": "#particle"},
				"down": {"uv": [16, 1, 15.5, 1.5], "texture": "#particle"}
			}
		},
		{
			"from": [2, 3, 0],
			"to": [14, 8, 15],
			"faces": {
				"north": {"uv": [0, 8, 0.5, 10.5], "texture": "#particle"},
				"east": {"uv": [7.5, 8, 0, 10.5], "texture": "#particle"},
				"south": {"uv": [7.5, 10, 10, 16], "rotation": 90, "texture": "#particle"},
				"west": {"uv": [0, 8, 7.5, 10.5], "texture": "#particle"},
				"up": {"uv": [0, 2.5, 7.5, 8.5], "rotation": 90, "texture": "#particle"},
				"down": {"uv": [0, 10, 7.5, 16], "rotation": 270, "texture": "#particle"}
			}
		},
		{
			"from": [2.01, 5.4, -1],
			"to": [13.99, 8, 0],
			"rotation": {"angle": 0, "axis": "y", "origin": [8, 6.5, -0.5]},
			"faces": {
				"north": {"uv": [10, 13.5, 16, 14.75], "texture": "#particle"},
				"east": {"uv": [10, 13.5, 10.5, 14.75], "texture": "#particle"},
				"west": {"uv": [15.5, 13.5, 16, 14.75], "texture": "#particle"},
				"up": {"uv": [16, 13.5, 10, 14], "texture": "#particle"}
			}
		},
		{
			"from": [2.01, 3, 0],
			"to": [13.99, 5.6, 1],
			"rotation": {"angle": -22.5, "axis": "x", "origin": [8, 3, 0]},
			"faces": {
				"north": {"uv": [10, 14.75, 16, 16], "texture": "#particle"},
				"east": {"uv": [10, 14.75, 10.5, 16], "texture": "#particle"},
				"west": {"uv": [15.5, 14.75, 16, 16], "texture": "#particle"}
			}
		},
		{
			"from": [3, 6, 12],
			"to": [13, 17, 15],
			"rotation": {"angle": 22.5, "axis": "x", "origin": [8, 8, 15]},
			"faces": {
				"north": {"uv": [11, 8, 16, 13.5], "texture": "#particle"},
				"east": {"uv": [10, 8, 11.5, 13.5], "texture": "#particle"},
				"south": {"uv": [11, 2.5, 16, 8], "texture": "#particle"},
				"west": {"uv": [11.5, 8, 10, 13.5], "texture": "#particle"},
				"up": {"uv": [6, 3, 7.5, 8], "rotation": 90, "texture": "#particle"}
			}
		},
		{
			"from": [2, 6, -2],
			"to": [3, 11, 15],
			"faces": {
				"north": {"uv": [0, 0, 0.5, 2.5], "texture": "#particle"},
				"east": {"uv": [8.5, 0, 0, 2.5], "texture": "#particle"},
				"south": {"uv": [8, 0, 8.5, 2.5], "texture": "#particle"},
				"west": {"uv": [0, 0, 8.5, 2.5], "texture": "#particle"},
				"up": {"uv": [0, 0, 8.5, 0.5], "rotation": 90, "texture": "#particle"},
				"down": {"uv": [8.5, 2, 0, 2.5], "rotation": 90, "texture": "#particle"}
			}
		},
		{
			"from": [13, 6, -2],
			"to": [14, 11, 15],
			"faces": {
				"north": {"uv": [0, 0, 0.5, 2.5], "texture": "#particle"},
				"east": {"uv": [8.5, 0, 0, 2.5], "texture": "#particle"},
				"south": {"uv": [8, 0, 8.5, 2.5], "texture": "#particle"},
				"west": {"uv": [0, 0, 8.5, 2.5], "texture": "#particle"},
				"up": {"uv": [0, 0, 8.5, 0.5], "rotation": 90, "texture": "#particle"},
				"down": {"uv": [8.5, 2, 0, 2.5], "rotation": 90, "texture": "#particle"}
			}
		}
	],
	"display": {
		"thirdperson_righthand": {
			"rotation": [75, 45, 0],
			"translation": [0, 2.5, 0],
			"scale": [0.25, 0.25, 0.25]
		},
		"thirdperson_lefthand": {
			"rotation": [75, 45, 0],
			"translation": [0, 2.5, 0],
			"scale": [0.25, 0.25, 0.25]
		},
		"firstperson_righthand": {
			"rotation": [0, 45, 0],
			"scale": [0.25, 0.25, 0.25]
		},
		"firstperson_lefthand": {
			"rotation": [0, 45, 0],
			"scale": [0.25, 0.25, 0.25]
		},
		"ground": {
			"scale": [0.25, 0.25, 0.25]
		},
		"gui": {
			"rotation": [20, 135, 0],
			"translation": [0.25, -0.5, 0],
			"scale": [0.6, 0.6, 0.6]
		},
		"fixed": {
			"rotation": [-90, 0, 0],
			"translation": [0, 0, -16],
			"scale": [2, 2, 2]
		}
	}
}