{
	"credit": "Made by Falanta Fantomo with Blockbench",
	"texture_size": [32, 32],
	"textures": {
		"0": "shiver:item/props/props_c17/furniture/hl2_bathtub",
		"particle": "shiver:item/props/props_c17/furniture/hl2_bathtub"
	},
	"elements": [
		{
			"from": [3, 8, -7],
			"to": [13, 10, 23],
			"faces": {
				"north": {"uv": [11.5, 2.5, 12.5, 7.5], "rotation": 90, "texture": "#0"},
				"east": {"uv": [16, 0, 1, 1], "texture": "#0"},
				"south": {"uv": [10.5, 2.5, 11.5, 7.5], "rotation": 90, "texture": "#0"},
				"west": {"uv": [1, 0, 16, 1], "texture": "#0"}
			}
		},
		{
			"from": [13, 8, -7],
			"to": [3, 10, 23],
			"faces": {
				"north": {"uv": [11.5, 2.5, 12.5, 7.5], "rotation": 90, "texture": "#0"},
				"east": {"uv": [16, 0, 1, 1], "texture": "#0"},
				"south": {"uv": [10.5, 2.5, 11.5, 7.5], "rotation": 90, "texture": "#0"},
				"west": {"uv": [1, 0, 16, 1], "texture": "#0"}
			}
		},
		{
			"from": [3, 1, -4],
			"to": [13, 8, 23],
			"faces": {
				"east": {"uv": [16, 7.5, 2.5, 11], "texture": "#0"},
				"south": {"uv": [12.5, 2.5, 16, 7.5], "rotation": 90, "texture": "#0"},
				"west": {"uv": [2.5, 7.5, 16, 11], "texture": "#0"},
				"down": {"uv": [2.5, 11, 16, 16], "rotation": 90, "texture": "#0"}
			}
		},
		{
			"from": [13, 1, -4],
			"to": [3, 8, 23],
			"faces": {
				"east": {"uv": [16, 7.5, 2.5, 11], "texture": "#0"},
				"south": {"uv": [12.5, 2.5, 16, 7.5], "rotation": 90, "texture": "#0"},
				"west": {"uv": [2.5, 7.5, 16, 11], "texture": "#0"},
				"down": {"uv": [2.5, 11, 16, 16], "rotation": 90, "texture": "#0"}
			}
		},
		{
			"from": [3, 1, -4.1],
			"to": [13, 8, -4],
			"faces": {
				"east": {"uv": [2.5, 7.5, 3, 11], "texture": "#0"},
				"west": {"uv": [2.5, 7.5, 3, 11], "texture": "#0"},
				"down": {"uv": [0, 0, 5, 0.05], "texture": "#missing"}
			}
		},
		{
			"from": [13, 1, -4.1],
			"to": [3, 8, -4],
			"faces": {
				"east": {"uv": [2.5, 7.5, 3, 11], "texture": "#0"},
				"west": {"uv": [2.5, 7.5, 3, 11], "texture": "#0"},
				"down": {"uv": [0, 0, 5, 0.05], "texture": "#missing"}
			}
		},
		{
			"from": [3.01, 1, -4.1],
			"to": [12.99, 8.6, -1.1],
			"rotation": {"angle": -22.5, "axis": "x", "origin": [8, 1, -4.1]},
			"faces": {
				"north": {"uv": [6.5, 2.5, 10.5, 7.5], "rotation": 90, "texture": "#0"},
				"east": {"uv": [10, 2.5, 14, 1], "rotation": 90, "texture": "#0"},
				"west": {"uv": [10, 1, 14, 2.5], "rotation": 90, "texture": "#0"}
			}
		},
		{
			"from": [13.01, 1, -4.1],
			"to": [2.99, 8.6, -1.1],
			"rotation": {"angle": -22.5, "axis": "x", "origin": [8, 1, -4.1]},
			"faces": {
				"north": {"uv": [6.5, 2.5, 10.5, 7.5], "rotation": 90, "texture": "#0"},
				"east": {"uv": [10, 2.5, 14, 1], "rotation": 90, "texture": "#0"},
				"west": {"uv": [10, 1, 14, 2.5], "rotation": 90, "texture": "#0"}
			}
		},
		{
			"from": [3, 10, 23],
			"to": [13, 10, 24],
			"faces": {
				"up": {"uv": [0.5, 5, 1, 10], "rotation": 90, "texture": "#0"},
				"down": {"uv": [0.5, 5, 1, 10], "rotation": 90, "texture": "#0"}
			}
		},
		{
			"from": [3, 10, -8],
			"to": [13, 10, -7],
			"faces": {
				"up": {"uv": [0.5, 0, 1, 5], "rotation": 90, "texture": "#0"},
				"down": {"uv": [0.5, 0, 1, 5], "rotation": 90, "texture": "#0"}
			}
		},
		{
			"from": [2, 10, -8],
			"to": [3, 10, 24],
			"faces": {
				"up": {"uv": [0, 0, 0.5, 16], "texture": "#0"},
				"down": {"uv": [0, 16, 0.5, 0], "texture": "#0"}
			}
		},
		{
			"from": [13, 10, -8],
			"to": [14, 10, 24],
			"faces": {
				"up": {"uv": [0, 0, 0.5, 16], "texture": "#0"},
				"down": {"uv": [0, 16, 0.5, 0], "texture": "#0"}
			}
		},
		{
			"from": [3, -0.5, -1],
			"to": [3, 2.5, 1],
			"rotation": {"angle": -22.5, "axis": "z", "origin": [3, 2.5, 0]},
			"faces": {
				"east": {"uv": [14, 1, 15, 2.5], "texture": "#0"},
				"west": {"uv": [15, 1, 14, 2.5], "texture": "#0"}
			}
		},
		{
			"from": [3, -0.5, 17],
			"to": [3, 2.5, 19],
			"rotation": {"angle": -22.5, "axis": "z", "origin": [3, 2.5, 0]},
			"faces": {
				"east": {"uv": [16, 1, 15, 2.5], "texture": "#0"},
				"west": {"uv": [15, 1, 16, 2.5], "texture": "#0"}
			}
		},
		{
			"from": [13, -0.5, 17],
			"to": [13, 2.5, 19],
			"rotation": {"angle": 22.5, "axis": "z", "origin": [13, 2.5, 0]},
			"faces": {
				"east": {"uv": [16, 1, 15, 2.5], "texture": "#0"},
				"west": {"uv": [15, 1, 16, 2.5], "texture": "#0"}
			}
		},
		{
			"from": [13, -0.5, -1],
			"to": [13, 2.5, 1],
			"rotation": {"angle": 22.5, "axis": "z", "origin": [13, 2.5, 0]},
			"faces": {
				"east": {"uv": [14, 1, 15, 2.5], "texture": "#0"},
				"west": {"uv": [15, 1, 14, 2.5], "texture": "#0"}
			}
		}
	],
	"display": {
		"thirdperson_righthand": {
			"rotation": [75, 45, 0],
			"translation": [0, 2.5, 0],
			"scale": [0.375, 0.375, 0.375]
		},
		"thirdperson_lefthand": {
			"rotation": [75, 45, 0],
			"translation": [0, 2.5, 0],
			"scale": [0.25, 0.25, 0.25]
		},
		"firstperson_righthand": {
			"rotation": [0, 45, 0],
			"scale": [0.4, 0.4, 0.4]
		},
		"firstperson_lefthand": {
			"rotation": [0, 45, 0],
			"scale": [0.25, 0.25, 0.25]
		},
		"ground": {
			"scale": [0.1, 0.1, 0.1]
		},
		"gui": {
			"rotation": [20, 135, 0],
			"translation": [0, 0.5, 0],
			"scale": [0.5, 0.5, 0.5]
		},
		"head": {
			"scale": [1.6, 1.6, 1.6]
		},
		"fixed": {
			"rotation": [-90, 0, 0],
			"translation": [0, 0, -16],
			"scale": [2, 2, 2]
		}
	}
}