{
	"credit": "Made by Falanta Fantomo with Blockbench",
	"texture_size": [64, 64],
	"textures": {
		"0": "shiver:item/props/props_c17/furniture/hl2_boiler",
		"particle": "shiver:item/props/props_c17/furniture/hl2_boiler"
	},
	"elements": [
		{
			"from": [2.5, -14, 2.5],
			"to": [13.5, 0, 13.5],
			"rotation": {"angle": 0, "axis": "y", "origin": [0, 2, 0]},
			"faces": {
				"north": {"uv": [0, 0, 2.75, 3.5], "texture": "#0"},
				"east": {"uv": [2.75, 0, 5.5, 3.5], "texture": "#0"},
				"south": {"uv": [5.5, 0, 8.25, 3.5], "texture": "#0"},
				"west": {"uv": [2.75, 0, 5.5, 3.5], "texture": "#0"},
				"up": {"uv": [11, 0, 13.75, 2.75], "texture": "#0"},
				"down": {"uv": [8.25, 0, 11, 2.75], "texture": "#0"}
			}
		},
		{
			"from": [3, 0, 3],
			"to": [13, 23, 13],
			"rotation": {"angle": 0, "axis": "y", "origin": [0, 2, 0]},
			"faces": {
				"north": {"uv": [0, 3.5, 2.5, 9.25], "texture": "#0"},
				"east": {"uv": [2.5, 3.5, 5, 9.25], "texture": "#0"},
				"south": {"uv": [5, 3.5, 7.5, 9.25], "texture": "#0"},
				"west": {"uv": [2.5, 3.5, 5, 9.25], "texture": "#0"},
				"up": {"uv": [0, 9.25, 2.5, 11.75], "texture": "#0"}
			}
		},
		{
			"from": [6, 23, 6],
			"to": [10, 25, 10],
			"rotation": {"angle": 0, "axis": "y", "origin": [0, 2, 0]},
			"faces": {
				"north": {"uv": [3.5, 9.25, 4.5, 9.75], "texture": "#0"},
				"east": {"uv": [5.5, 9.75, 4.5, 10.25], "texture": "#0"},
				"south": {"uv": [3.5, 9.75, 4.5, 10.25], "texture": "#0"},
				"west": {"uv": [4.5, 9.75, 5.5, 10.25], "texture": "#0"},
				"up": {"uv": [2.5, 9.25, 3.5, 10.25], "texture": "#0"}
			}
		},
		{
			"from": [10, -8, 1.5],
			"to": [10, -7, 2.5],
			"rotation": {"angle": 0, "axis": "z", "origin": [10, -7.5, 2]},
			"faces": {
				"east": {"uv": [0.75, 1.75, 1, 2], "texture": "#0"},
				"west": {"uv": [0.75, 1.75, 1, 2], "texture": "#0"}
			}
		},
		{
			"from": [9.5, -11, 1.5],
			"to": [10.5, -7, 1.5],
			"rotation": {"angle": 0, "axis": "z", "origin": [10, -7.5, 2]},
			"faces": {
				"north": {"uv": [15.75, 0, 16, 1], "texture": "#0"},
				"south": {"uv": [15.75, 0, 16, 1], "texture": "#0"}
			}
		},
		{
			"from": [6.5, -10, 13],
			"to": [9.5, -7, 16],
			"faces": {
				"east": {"uv": [4, 10.25, 3.25, 11], "texture": "#0"},
				"south": {"uv": [6.5, 1.75, 7.25, 2.5], "texture": "#0"},
				"west": {"uv": [3.25, 10.25, 4, 11], "texture": "#0"},
				"up": {"uv": [2.5, 10.25, 3.25, 11], "texture": "#0"},
				"down": {"uv": [4, 10.25, 4.75, 11], "texture": "#0"}
			}
		}
	],
	"display": {
		"thirdperson_righthand": {
			"rotation": [75, 45, 0],
			"translation": [0, 2.5, 0],
			"scale": [0.1, 0.1, 0.1]
		},
		"thirdperson_lefthand": {
			"rotation": [75, 45, 0],
			"translation": [0, 2.5, 0],
			"scale": [0.1, 0.1, 0.1]
		},
		"firstperson_righthand": {
			"rotation": [0, 45, 0],
			"scale": [0.25, 0.25, 0.25]
		},
		"firstperson_lefthand": {
			"rotation": [0, 45, 0],
			"scale": [0.25, 0.25, 0.25]
		},
		"ground": {
			"scale": [0.1, 0.1, 0.1]
		},
		"gui": {
			"rotation": [20, 135, 0],
			"translation": [0, 1, 0],
			"scale": [0.35, 0.35, 0.35]
		},
		"fixed": {
			"rotation": [-90, 0, 0],
			"translation": [0, 0, -44],
			"scale": [2, 2, 2]
		}
	},
	"groups": [
		0,
		1,
		2,
		{
			"name": "handle",
			"origin": [10, -7.5, 2],
			"color": 0,
			"children": [3, 4]
		},
		5
	]
}