{
	"credit": "Made by Falanta Fantomo with Blockbench",
	"textures": {
		"0": "shiver:item/props/props_c17/furniture/hl2_chair",
		"particle": "shiver:item/props/props_c17/furniture/hl2_chair"
	},
	"elements": [
		{
			"from": [4, 6, 4],
			"to": [12, 7, 12],
			"faces": {
				"north": {"uv": [8, 0, 0, 1], "texture": "#0"},
				"east": {"uv": [7, 0, 8, 8], "rotation": 90, "texture": "#0"},
				"south": {"uv": [0, 7, 8, 8], "texture": "#0"},
				"west": {"uv": [0, 8, 1, 0], "rotation": 90, "texture": "#0"},
				"up": {"uv": [0, 0, 8, 8], "texture": "#0"},
				"down": {"uv": [8, 0, 16, 8], "rotation": 180, "texture": "#0"}
			}
		},
		{
			"from": [4, 0, 4],
			"to": [5, 7, 5],
			"faces": {
				"north": {"uv": [0, 8, 7, 9], "rotation": 90, "texture": "#0"},
				"east": {"uv": [0, 8, 7, 9], "rotation": 90, "texture": "#0"},
				"south": {"uv": [0, 8, 7, 9], "rotation": 90, "texture": "#0"},
				"west": {"uv": [0, 8, 7, 9], "rotation": 90, "texture": "#0"},
				"down": {"uv": [6, 8, 7, 9], "rotation": 90, "texture": "#0"}
			}
		},
		{
			"from": [11, 0, 4],
			"to": [12, 7, 5],
			"rotation": {"angle": 0, "axis": "y", "origin": [16, 0, 0]},
			"faces": {
				"north": {"uv": [0, 9, 7, 8], "rotation": 90, "texture": "#0"},
				"east": {"uv": [0, 9, 7, 8], "rotation": 90, "texture": "#0"},
				"south": {"uv": [0, 9, 7, 8], "rotation": 90, "texture": "#0"},
				"west": {"uv": [0, 9, 7, 8], "rotation": 90, "texture": "#0"},
				"down": {"uv": [6, 9, 7, 8], "rotation": 90, "texture": "#0"}
			}
		},
		{
			"from": [4, 0, 11],
			"to": [5, 15, 12],
			"faces": {
				"north": {"uv": [0, 15, 15, 16], "rotation": 90, "texture": "#0"},
				"east": {"uv": [0, 15, 15, 16], "rotation": 90, "texture": "#0"},
				"south": {"uv": [0, 15, 15, 16], "rotation": 90, "texture": "#0"},
				"west": {"uv": [0, 15, 15, 16], "rotation": 90, "texture": "#0"},
				"up": {"uv": [0, 15, 1, 16], "rotation": 90, "texture": "#0"},
				"down": {"uv": [14, 15, 15, 16], "rotation": 90, "texture": "#0"}
			}
		},
		{
			"from": [11, 0, 11],
			"to": [12, 15, 12],
			"rotation": {"angle": 0, "axis": "y", "origin": [16, 0, 0]},
			"faces": {
				"north": {"uv": [0, 16, 15, 15], "rotation": 90, "texture": "#0"},
				"east": {"uv": [0, 16, 15, 15], "rotation": 90, "texture": "#0"},
				"south": {"uv": [0, 16, 15, 15], "rotation": 90, "texture": "#0"},
				"west": {"uv": [0, 16, 15, 15], "rotation": 90, "texture": "#0"},
				"up": {"uv": [0, 16, 1, 15], "rotation": 90, "texture": "#0"},
				"down": {"uv": [14, 16, 15, 15], "rotation": 90, "texture": "#0"}
			}
		},
		{
			"from": [5, 12, 11],
			"to": [11, 14, 12],
			"faces": {
				"north": {"uv": [6, 13, 12, 15], "texture": "#0"},
				"south": {"uv": [12, 13, 6, 15], "texture": "#0"},
				"up": {"uv": [12, 13, 6, 14], "texture": "#0"},
				"down": {"uv": [12, 14, 6, 15], "texture": "#0"}
			}
		},
		{
			"from": [5, 4, 4.5],
			"to": [11, 5, 4.5],
			"rotation": {"angle": 0, "axis": "y", "origin": [8, 4.5, 8]},
			"faces": {
				"north": {"uv": [0, 11, 6, 12], "texture": "#0"},
				"south": {"uv": [6, 11, 0, 12], "texture": "#0"}
			}
		},
		{
			"from": [5, 8, 11.5],
			"to": [11, 9, 11.5],
			"rotation": {"angle": 0, "axis": "y", "origin": [8, 4.5, 8]},
			"faces": {
				"north": {"uv": [0, 9, 6, 10], "texture": "#0"},
				"south": {"uv": [6, 9, 0, 10], "texture": "#0"}
			}
		},
		{
			"from": [5, 4, 11.5],
			"to": [11, 5, 11.5],
			"rotation": {"angle": 0, "axis": "y", "origin": [8, 4.5, 8]},
			"faces": {
				"north": {"uv": [0, 10, 6, 11], "texture": "#0"},
				"south": {"uv": [6, 10, 0, 11], "texture": "#0"}
			}
		},
		{
			"from": [4.5, 3, 5],
			"to": [4.5, 6, 11],
			"rotation": {"angle": 0, "axis": "y", "origin": [8, 4.5, 8]},
			"faces": {
				"east": {"uv": [6, 12, 0, 15], "texture": "#0"},
				"west": {"uv": [0, 12, 6, 15], "texture": "#0"}
			}
		},
		{
			"from": [11.5, 3, 5],
			"to": [11.5, 6, 11],
			"rotation": {"angle": 0, "axis": "y", "origin": [8, 4.5, 8]},
			"faces": {
				"east": {"uv": [6, 12, 0, 15], "texture": "#0"},
				"west": {"uv": [0, 12, 6, 15], "texture": "#0"}
			}
		}
	],
	"display": {
		"thirdperson_righthand": {
			"rotation": [75, 45, 0],
			"translation": [0, 2.5, 0],
			"scale": [0.25, 0.25, 0.25]
		},
		"thirdperson_lefthand": {
			"rotation": [75, 45, 0],
			"translation": [0, 2.5, 0],
			"scale": [0.25, 0.25, 0.25]
		},
		"firstperson_righthand": {
			"rotation": [0, 45, 0],
			"scale": [0.4, 0.4, 0.4]
		},
		"firstperson_lefthand": {
			"rotation": [0, 45, 0],
			"scale": [0.4, 0.4, 0.4]
		},
		"ground": {
			"scale": [0.25, 0.25, 0.25]
		},
		"gui": {
			"rotation": [20, 135, 0],
			"scale": [0.8, 0.8, 0.8]
		},
		"fixed": {
			"rotation": [-90, 0, 0],
			"translation": [0, 0, -16],
			"scale": [2, 2, 2]
		}
	}
}