{
	"credit": "Made by Falanta Fantomo with Blockbench",
	"texture_size": [64, 64],
	"textures": {
		"0": "shiver:item/props/props_c17/furniture/hl2_couch_01",
		"particle": "shiver:item/props/props_c17/furniture/hl2_couch_01"
	},
	"elements": [
		{
			"from": [-8, 0, -2],
			"to": [-5, 14, 18],
			"faces": {
				"north": {"uv": [0, 0, 0.75, 3.5], "texture": "#0"},
				"east": {"uv": [0, 12.5, 5, 16], "texture": "#0"},
				"south": {"uv": [5.75, 0, 6.5, 3.5], "texture": "#0"},
				"west": {"uv": [0.75, 0, 5.75, 3.5], "texture": "#0"},
				"up": {"uv": [0, 3.5, 5, 4.25], "rotation": 90, "texture": "#0"},
				"down": {"uv": [0, 4.25, 0.75, 9.25], "texture": "#0"}
			}
		},
		{
			"from": [21, 0, -2],
			"to": [24, 14, 18],
			"rotation": {"angle": 0, "axis": "y", "origin": [16, 0, 0]},
			"faces": {
				"north": {"uv": [0.75, 0, 0, 3.5], "texture": "#0"},
				"east": {"uv": [5.75, 0, 0.75, 3.5], "texture": "#0"},
				"south": {"uv": [6.5, 0, 5.75, 3.5], "texture": "#0"},
				"west": {"uv": [5, 12.5, 0, 16], "texture": "#0"},
				"up": {"uv": [0, 4.25, 5, 3.5], "rotation": 90, "texture": "#0"},
				"down": {"uv": [0.75, 4.25, 0, 9.25], "texture": "#0"}
			}
		},
		{
			"from": [-5, 0, 15],
			"to": [21, 14, 18],
			"faces": {
				"south": {"uv": [6.5, 0, 13, 3.5], "texture": "#0"},
				"up": {"uv": [5, 3.5, 11.5, 4.25], "texture": "#0"},
				"down": {"uv": [0.75, 4.25, 7.25, 5], "texture": "#0"}
			}
		},
		{
			"from": [-5, 8, 13],
			"to": [21, 15, 15],
			"faces": {
				"north": {"uv": [14.25, 6.5, 16, 13], "rotation": 90, "texture": "#0"},
				"east": {"uv": [14, 12.75, 14.5, 13], "texture": "#0"},
				"south": {"uv": [14, 6.5, 14.25, 13], "rotation": 270, "texture": "#0"},
				"west": {"uv": [14.5, 6.5, 14, 6.75], "texture": "#0"},
				"up": {"uv": [14, 6.5, 14.5, 13], "rotation": 270, "texture": "#0"}
			}
		},
		{
			"from": [-5, 8, 2],
			"to": [-3, 13, 13],
			"rotation": {"angle": 0, "axis": "y", "origin": [16, 0, 0]},
			"faces": {
				"north": {"uv": [7.75, 14.75, 8.25, 16], "texture": "#0"},
				"east": {"uv": [5, 14.75, 7.75, 16], "texture": "#0"},
				"up": {"uv": [5, 14.25, 7.75, 14.75], "rotation": 90, "texture": "#0"}
			}
		},
		{
			"from": [19, 8, 2],
			"to": [21, 13, 13],
			"faces": {
				"north": {"uv": [8.25, 14.75, 7.75, 16], "texture": "#0"},
				"west": {"uv": [7.75, 14.75, 5, 16], "texture": "#0"},
				"up": {"uv": [5, 14.75, 7.75, 14.25], "rotation": 90, "texture": "#0"}
			}
		},
		{
			"from": [-5, 0, 0],
			"to": [21, 8, 15],
			"rotation": {"angle": 0, "axis": "y", "origin": [8, 4, 7.5]},
			"faces": {
				"north": {"uv": [14, 0, 16, 6.5], "rotation": 90, "texture": "#0"},
				"up": {"uv": [0.75, 8.75, 7.25, 12.5], "texture": "#0"},
				"down": {"uv": [0.75, 5, 7.25, 8.75], "texture": "#0"}
			}
		}
	],
	"display": {
		"thirdperson_righthand": {
			"rotation": [75, 45, 0],
			"translation": [0, 2.5, 0],
			"scale": [0.1, 0.1, 0.1]
		},
		"thirdperson_lefthand": {
			"rotation": [75, 45, 0],
			"translation": [0, 2.5, 0],
			"scale": [0.1, 0.1, 0.1]
		},
		"firstperson_righthand": {
			"rotation": [0, 45, 0],
			"scale": [0.25, 0.25, 0.25]
		},
		"firstperson_lefthand": {
			"rotation": [0, 45, 0],
			"scale": [0.25, 0.25, 0.25]
		},
		"ground": {
			"scale": [0.1, 0.1, 0.1]
		},
		"gui": {
			"rotation": [20, 135, 0],
			"scale": [0.4, 0.4, 0.4]
		},
		"fixed": {
			"rotation": [-90, 0, 0],
			"translation": [0, 0, -16],
			"scale": [2, 2, 2]
		}
	}
}