{
	"credit": "Made by Falanta Fantomo with Blockbench",
	"texture_size": [64, 64],
	"textures": {
		"0": "shiver:item/props/props_c17/furniture/hl2_dresser",
		"particle": "shiver:item/props/props_c17/furniture/hl2_dresser"
	},
	"elements": [
		{
			"from": [-3, -6, 2],
			"to": [19, 25, 14],
			"rotation": {"angle": 0, "axis": "y", "origin": [8, 9.5, 8]},
			"faces": {
				"north": {"uv": [0, 0, 5.5, 7.75], "texture": "#0"},
				"east": {"uv": [8.25, 0, 5.25, 7.75], "texture": "#0"},
				"south": {"uv": [8, 0, 13.5, 7.75], "texture": "#0"},
				"west": {"uv": [5.25, 0, 8.25, 7.75], "texture": "#0"},
				"down": {"uv": [6, 7.75, 11.5, 10.75], "texture": "#0"}
			}
		},
		{
			"from": [-2, -8, 3],
			"to": [18, -6, 13],
			"rotation": {"angle": 0, "axis": "y", "origin": [0, 1.5, 0]},
			"faces": {
				"north": {"uv": [13.5, 0, 14, 5], "rotation": 90, "texture": "#0"},
				"east": {"uv": [14.5, 2.5, 15, 0], "rotation": 90, "texture": "#0"},
				"south": {"uv": [14, 0, 14.5, 5], "rotation": 90, "texture": "#0"},
				"west": {"uv": [14.5, 0, 15, 2.5], "rotation": 90, "texture": "#0"}
			}
		},
		{
			"from": [-2, -6, 3],
			"to": [18, -8, 13],
			"rotation": {"angle": 0, "axis": "y", "origin": [0, 1.5, 0]},
			"faces": {
				"north": {"uv": [14, 0, 13.5, 5], "rotation": 90, "texture": "#0"},
				"east": {"uv": [15, 2.5, 14.5, 0], "rotation": 90, "texture": "#0"},
				"south": {"uv": [14.5, 0, 14, 5], "rotation": 90, "texture": "#0"},
				"west": {"uv": [15, 0, 14.5, 2.5], "rotation": 90, "texture": "#0"}
			}
		},
		{
			"from": [-3, -10, 2],
			"to": [0, -6, 3],
			"rotation": {"angle": 0, "axis": "y", "origin": [-1.5, -8, 2.5]},
			"faces": {
				"north": {"uv": [15, 0, 16, 0.75], "rotation": 90, "texture": "#0"},
				"east": {"uv": [15, 0.5, 16, 0.75], "rotation": 90, "texture": "#0"},
				"south": {"uv": [15, 0.75, 16, 0], "rotation": 90, "texture": "#0"},
				"west": {"uv": [15, 0, 16, 0.25], "rotation": 90, "texture": "#0"},
				"down": {"uv": [15.75, 0.75, 16, 0], "rotation": 90, "texture": "#0"}
			}
		},
		{
			"from": [-3, -10, 13],
			"to": [0, -6, 14],
			"rotation": {"angle": 0, "axis": "y", "origin": [-1.5, -8, 2.5]},
			"faces": {
				"north": {"uv": [15, 0.75, 16, 1.5], "rotation": 90, "texture": "#0"},
				"east": {"uv": [15, 1.25, 16, 1.5], "rotation": 90, "texture": "#0"},
				"south": {"uv": [15, 1.5, 16, 0.75], "rotation": 90, "texture": "#0"},
				"west": {"uv": [15, 0.75, 16, 1], "rotation": 90, "texture": "#0"},
				"down": {"uv": [15.75, 1.5, 16, 0.75], "rotation": 90, "texture": "#0"}
			}
		},
		{
			"from": [16, -10, 13],
			"to": [19, -6, 14],
			"rotation": {"angle": 0, "axis": "y", "origin": [17.5, -8, 2.5]},
			"faces": {
				"north": {"uv": [15, 1.5, 16, 0.75], "rotation": 90, "texture": "#0"},
				"east": {"uv": [15, 1, 16, 0.75], "rotation": 90, "texture": "#0"},
				"south": {"uv": [15, 0.75, 16, 1.5], "rotation": 90, "texture": "#0"},
				"west": {"uv": [15, 1.5, 16, 1.25], "rotation": 90, "texture": "#0"},
				"down": {"uv": [15.75, 0.75, 16, 1.5], "rotation": 90, "texture": "#0"}
			}
		},
		{
			"from": [16, -10, 2],
			"to": [19, -6, 3],
			"rotation": {"angle": 0, "axis": "y", "origin": [17.5, -8, 2.5]},
			"faces": {
				"north": {"uv": [15, 0.75, 16, 0], "rotation": 90, "texture": "#0"},
				"east": {"uv": [15, 0.25, 16, 0], "rotation": 90, "texture": "#0"},
				"south": {"uv": [15, 0, 16, 0.75], "rotation": 90, "texture": "#0"},
				"west": {"uv": [15, 0.75, 16, 0.5], "rotation": 90, "texture": "#0"},
				"down": {"uv": [15.75, 0, 16, 0.75], "rotation": 90, "texture": "#0"}
			}
		},
		{
			"from": [-4, 25, 1],
			"to": [20, 26, 15],
			"rotation": {"angle": 0, "axis": "y", "origin": [0, 1.5, 0]},
			"faces": {
				"north": {"uv": [6, 7.75, 0, 8], "texture": "#0"},
				"east": {"uv": [5.75, 7.75, 6, 11.25], "rotation": 90, "texture": "#0"},
				"south": {"uv": [0, 11, 6, 11.25], "texture": "#0"},
				"west": {"uv": [0, 11.25, 0.25, 7.75], "rotation": 90, "texture": "#0"},
				"up": {"uv": [0, 7.75, 6, 11.25], "texture": "#0"},
				"down": {"uv": [0, 11.25, 6, 7.75], "texture": "#0"}
			}
		}
	],
	"display": {
		"thirdperson_righthand": {
			"rotation": [75, 45, 0],
			"translation": [0, 2.5, 0],
			"scale": [0.1, 0.1, 0.1]
		},
		"thirdperson_lefthand": {
			"rotation": [75, 45, 0],
			"translation": [0, 2.5, 0],
			"scale": [0.1, 0.1, 0.1]
		},
		"firstperson_righthand": {
			"rotation": [0, 45, 0],
			"scale": [0.2, 0.2, 0.2]
		},
		"firstperson_lefthand": {
			"rotation": [0, 45, 0],
			"scale": [0.2, 0.2, 0.2]
		},
		"ground": {
			"scale": [0.1, 0.1, 0.1]
		},
		"gui": {
			"rotation": [20, 135, 0],
			"scale": [0.35, 0.35, 0.35]
		},
		"fixed": {
			"rotation": [-90, 0, 0],
			"translation": [0, 0, -36],
			"scale": [2, 2, 2]
		}
	}
}