{
	"credit": "Made by Falanta Fantomo with Blockbench",
	"texture_size": [64, 64],
	"textures": {
		"0": "shiver:item/props/props_c17/furniture/hl2_fridge_01",
		"particle": "shiver:item/props/props_c17/furniture/hl2_fridge_01"
	},
	"elements": [
		{
			"from": [2, 2, 2],
			"to": [14, 27, 14],
			"faces": {
				"north": {"uv": [0, 0, 3, 6.25], "texture": "#0"},
				"east": {"uv": [5.75, 0, 2.75, 6.25], "texture": "#0"},
				"south": {"uv": [5.5, 0, 8.5, 6.25], "texture": "#0"},
				"west": {"uv": [2.75, 0, 5.75, 6.25], "texture": "#0"},
				"up": {"uv": [8.5, 0, 11.5, 3], "texture": "#0"},
				"down": {"uv": [8.5, 3, 11.5, 6], "texture": "#0"}
			}
		},
		{
			"from": [3, 0, 3],
			"to": [13, 2, 13],
			"faces": {
				"north": {"uv": [11.5, 0, 14, 0.5], "texture": "#0"},
				"east": {"uv": [14, 0.5, 11.5, 1], "texture": "#0"},
				"south": {"uv": [11.5, 1, 14, 1.5], "texture": "#0"},
				"west": {"uv": [11.5, 0.5, 14, 1], "texture": "#0"},
				"down": {"uv": [11.5, 1.5, 14, 4], "texture": "#0"}
			}
		}
	],
	"display": {
		"thirdperson_righthand": {
			"rotation": [75, 45, 0],
			"translation": [0, 2.5, 0],
			"scale": [0.1, 0.1, 0.1]
		},
		"thirdperson_lefthand": {
			"rotation": [75, 45, 0],
			"translation": [0, 2.5, 0],
			"scale": [0.1, 0.1, 0.1]
		},
		"firstperson_righthand": {
			"rotation": [0, 45, 0],
			"scale": [0.2, 0.2, 0.2]
		},
		"firstperson_lefthand": {
			"rotation": [0, 45, 0],
			"scale": [0.2, 0.2, 0.2]
		},
		"ground": {
			"scale": [0.1, 0.1, 0.1]
		},
		"gui": {
			"rotation": [20, 135, 0],
			"translation": [0, -2.75, 0],
			"scale": [0.5, 0.5, 0.5]
		},
		"fixed": {
			"rotation": [-90, 0, 0],
			"translation": [0, 0, -16],
			"scale": [2, 2, 2]
		}
	}
}