{
	"credit": "Made by Falanta Fantomo with Blockbench",
	"texture_size": [64, 64],
	"textures": {
		"0": "shiver:item/props/props_c17/furniture/hl2_shelf_01",
		"particle": "shiver:item/props/props_c17/furniture/hl2_shelf_01"
	},
	"elements": [
		{
			"from": [-2, -6, 12],
			"to": [18, 32, 12],
			"faces": {
				"south": {"uv": [0, 0, 5, 9.5], "texture": "#0"}
			}
		},
		{
			"from": [-1, -4, 12],
			"to": [17, 31, 12],
			"faces": {
				"north": {"uv": [6.75, 0, 11.25, 8.75], "texture": "#0"}
			}
		},
		{
			"from": [-1, -6, 5],
			"to": [17, -4, 5],
			"faces": {
				"north": {"uv": [11.5, 2, 16, 2.5], "texture": "#0"},
				"south": {"uv": [16, 2, 11.5, 2.5], "texture": "#0"}
			}
		},
		{
			"from": [-1, -6, 11],
			"to": [17, -4, 12],
			"faces": {
				"north": {"uv": [4.75, 9, 0.25, 9.5], "texture": "#0"},
				"down": {"uv": [0.25, 9.25, 4.75, 9.5], "texture": "#0"}
			}
		},
		{
			"from": [17, -6, 4],
			"to": [18, 32, 12],
			"faces": {
				"north": {"uv": [6.5, 0, 6.75, 9.5], "texture": "#0"},
				"east": {"uv": [4.75, 0, 6.75, 9.5], "texture": "#0"},
				"west": {"uv": [6.75, 0, 4.75, 9.5], "texture": "#0"},
				"up": {"uv": [6.75, 0, 4.75, 0.25], "rotation": 90, "texture": "#0"},
				"down": {"uv": [4.75, 9.25, 6.75, 9.5], "rotation": 90, "texture": "#0"}
			}
		},
		{
			"from": [-2, -6, 4],
			"to": [-1, 32, 12],
			"faces": {
				"north": {"uv": [6.5, 0, 6.75, 9.5], "texture": "#0"},
				"east": {"uv": [4.75, 0, 6.75, 9.5], "texture": "#0"},
				"west": {"uv": [6.75, 0, 4.75, 9.5], "texture": "#0"},
				"up": {"uv": [6.75, 0, 4.75, 0.25], "rotation": 90, "texture": "#0"},
				"down": {"uv": [4.75, 9.25, 6.75, 9.5], "rotation": 90, "texture": "#0"}
			}
		},
		{
			"from": [-1, 22, 4],
			"to": [17, 23, 12],
			"faces": {
				"north": {"uv": [16, 0, 11.5, 0.25], "texture": "#0"},
				"east": {"uv": [11.5, 0, 11.75, 2], "rotation": 90, "texture": "#0"},
				"west": {"uv": [15.75, 2, 16, 0], "rotation": 90, "texture": "#0"},
				"up": {"uv": [11.5, 0, 16, 2], "texture": "#0"},
				"down": {"uv": [11.5, 2, 16, 0], "texture": "#0"}
			}
		},
		{
			"from": [-1, 31, 4],
			"to": [17, 32, 12],
			"rotation": {"angle": 0, "axis": "y", "origin": [0, 0, 16]},
			"faces": {
				"north": {"uv": [16, 1.75, 11.5, 2], "texture": "#0"},
				"east": {"uv": [11.5, 2, 11.75, 0], "rotation": 90, "texture": "#0"},
				"south": {"uv": [11.5, 0, 16, 0.25], "texture": "#0"},
				"west": {"uv": [15.75, 0, 16, 2], "rotation": 90, "texture": "#0"},
				"up": {"uv": [11.5, 2, 16, 0], "texture": "#0"},
				"down": {"uv": [11.5, 0, 16, 2], "texture": "#0"}
			}
		},
		{
			"from": [-1, 13, 4],
			"to": [17, 14, 12],
			"faces": {
				"north": {"uv": [16, 0, 11.5, 0.25], "texture": "#0"},
				"east": {"uv": [11.5, 0, 11.75, 2], "rotation": 90, "texture": "#0"},
				"west": {"uv": [15.75, 2, 16, 0], "rotation": 90, "texture": "#0"},
				"up": {"uv": [11.5, 0, 16, 2], "texture": "#0"},
				"down": {"uv": [11.5, 2, 16, 0], "texture": "#0"}
			}
		},
		{
			"from": [-1, 4, 4],
			"to": [17, 5, 12],
			"faces": {
				"north": {"uv": [16, 0, 11.5, 0.25], "texture": "#0"},
				"east": {"uv": [11.5, 0, 11.75, 2], "rotation": 90, "texture": "#0"},
				"west": {"uv": [15.75, 2, 16, 0], "rotation": 90, "texture": "#0"},
				"up": {"uv": [11.5, 0, 16, 2], "texture": "#0"},
				"down": {"uv": [11.5, 2, 16, 0], "texture": "#0"}
			}
		},
		{
			"from": [-1, -4, 4],
			"to": [17, -3, 12],
			"faces": {
				"north": {"uv": [16, 0, 11.5, 0.25], "texture": "#0"},
				"east": {"uv": [11.5, 0, 11.75, 2], "rotation": 90, "texture": "#0"},
				"west": {"uv": [15.75, 2, 16, 0], "rotation": 90, "texture": "#0"},
				"up": {"uv": [11.5, 0, 16, 2], "texture": "#0"},
				"down": {"uv": [11.5, 4.5, 16, 2.5], "texture": "#0"}
			}
		}
	],
	"display": {
		"thirdperson_righthand": {
			"rotation": [75, 45, 0],
			"translation": [0, 2.5, 0],
			"scale": [0.1, 0.1, 0.1]
		},
		"thirdperson_lefthand": {
			"rotation": [75, 45, 0],
			"translation": [0, 2.5, 0],
			"scale": [0.1, 0.1, 0.1]
		},
		"firstperson_righthand": {
			"rotation": [0, 45, 0],
			"scale": [0.2, 0.2, 0.2]
		},
		"firstperson_lefthand": {
			"rotation": [0, 45, 0],
			"scale": [0.2, 0.2, 0.2]
		},
		"ground": {
			"scale": [0.1, 0.1, 0.1]
		},
		"gui": {
			"rotation": [20, 135, 0],
			"translation": [0, -1.5, 0],
			"scale": [0.35, 0.35, 0.35]
		},
		"fixed": {
			"rotation": [-90, 0, 0],
			"translation": [0, 0, -16],
			"scale": [2, 2, 2]
		}
	}
}