{
	"credit": "Made by Falanta Fantomo with Blockbench",
	"texture_size": [32, 32],
	"textures": {
		"0": "shiver:item/props/props_c17/furniture/hl2_shelf_support",
		"particle": "shiver:item/props/props_c17/furniture/hl2_shelf_support"
	},
	"elements": [
		{
			"from": [-1, 11.975, 4],
			"to": [17, 11.975, 12],
			"rotation": {"angle": 0, "axis": "y", "origin": [8, 8, 8]},
			"faces": {
				"up": {"uv": [0, 0, 9, 4], "texture": "#0"},
				"down": {"uv": [0, 4, 9, 0], "texture": "#0"}
			}
		},
		{
			"from": [-1, 4, 11.975],
			"to": [17, 12, 11.975],
			"rotation": {"angle": 0, "axis": "y", "origin": [8, 8, 8]},
			"faces": {
				"north": {"uv": [0, 4, 9, 8], "texture": "#0"},
				"south": {"uv": [9, 4, 0, 8], "texture": "#0"}
			}
		},
		{
			"from": [0.5, 4, 4],
			"to": [0.5, 12, 12],
			"faces": {
				"east": {"uv": [13, 0, 9, 4], "texture": "#0"},
				"west": {"uv": [9, 0, 13, 4], "texture": "#0"}
			}
		},
		{
			"from": [15.5, 4, 4],
			"to": [15.5, 12, 12],
			"rotation": {"angle": 0, "axis": "y", "origin": [16, 0, 0]},
			"faces": {
				"east": {"uv": [13, 0, 9, 4], "texture": "#0"},
				"west": {"uv": [9, 0, 13, 4], "texture": "#0"}
			}
		}
	],
	"display": {
		"thirdperson_righthand": {
			"rotation": [75, 45, 0],
			"translation": [0, 2.5, 0],
			"scale": [0.1, 0.1, 0.1]
		},
		"thirdperson_lefthand": {
			"rotation": [75, 45, 0],
			"translation": [0, 2.5, 0],
			"scale": [0.1, 0.1, 0.1]
		},
		"firstperson_righthand": {
			"rotation": [0, 45, 0],
			"scale": [0.2, 0.2, 0.2]
		},
		"firstperson_lefthand": {
			"rotation": [0, 45, 0],
			"scale": [0.2, 0.2, 0.2]
		},
		"ground": {
			"scale": [0.1, 0.1, 0.1]
		},
		"gui": {
			"rotation": [20, 135, 0],
			"scale": [0.8, 0.8, 0.8]
		},
		"fixed": {
			"rotation": [-90, 0, 0],
			"translation": [0, 0, -16],
			"scale": [2, 2, 2]
		}
	}
}