{
	"credit": "Made by Falanta Fantomo with Blockbench",
	"texture_size": [64, 64],
	"textures": {
		"0": "shiver:item/props/props_c17/furniture/hl2_stove",
		"particle": "shiver:item/props/props_c17/furniture/hl2_stove"
	},
	"elements": [
		{
			"from": [-4, 1, 1],
			"to": [20, 17, 15],
			"rotation": {"angle": 0, "axis": "y", "origin": [0, -1, -1]},
			"faces": {
				"north": {"uv": [0, 7, 6, 11], "texture": "#0"},
				"east": {"uv": [6, 0, 9.5, 4], "texture": "#0"},
				"south": {"uv": [0, 0, 6, 4], "rotation": 180, "texture": "#0"},
				"west": {"uv": [9.5, 0, 6, 4], "texture": "#0"},
				"up": {"uv": [0, 3.75, 6, 7.25], "rotation": 180, "texture": "#0"}
			}
		},
		{
			"from": [-4, -1, 2],
			"to": [20, 1, 15],
			"rotation": {"angle": 0, "axis": "y", "origin": [0, -1, -1]},
			"faces": {
				"north": {"uv": [0, 11, 6, 11.5], "texture": "#0"},
				"east": {"uv": [9.5, 4, 6.25, 4.5], "texture": "#0"},
				"south": {"uv": [0, 11.5, 6, 12], "texture": "#0"},
				"west": {"uv": [6.25, 4, 9.5, 4.5], "texture": "#0"},
				"down": {"uv": [0, 11.75, 6, 15], "texture": "#0"}
			}
		},
		{
			"from": [-4, 15, -1],
			"to": [20, 15, 1],
			"rotation": {"angle": 0, "axis": "y", "origin": [0, -1, -1]},
			"faces": {
				"up": {"uv": [0, 15.5, 6, 16], "texture": "#0"},
				"down": {"uv": [0, 16, 6, 15.5], "texture": "#0"}
			}
		},
		{
			"from": [-4, 1, 1],
			"to": [20, 1, 2],
			"rotation": {"angle": 0, "axis": "y", "origin": [0, -1, -1]},
			"faces": {
				"down": {"uv": [6, 10.75, 0, 11], "texture": "#0"}
			}
		}
	],
	"display": {
		"thirdperson_righthand": {
			"rotation": [75, 45, 0],
			"translation": [0, 2.5, 0],
			"scale": [0.2, 0.2, 0.2]
		},
		"thirdperson_lefthand": {
			"rotation": [75, 45, 0],
			"translation": [0, 2.5, 0],
			"scale": [0.2, 0.2, 0.2]
		},
		"firstperson_righthand": {
			"rotation": [0, 45, 0],
			"scale": [0.2, 0.2, 0.2]
		},
		"firstperson_lefthand": {
			"rotation": [0, 45, 0],
			"scale": [0.2, 0.2, 0.2]
		},
		"ground": {
			"scale": [0.1, 0.1, 0.1]
		},
		"gui": {
			"rotation": [20, 135, 0],
			"scale": [0.5, 0.5, 0.5]
		},
		"fixed": {
			"rotation": [-90, 0, 0],
			"translation": [0, 0, -16],
			"scale": [2, 2, 2]
		}
	}
}