{
	"credit": "Made by Falanta Fantomo with Blockbench",
	"texture_size": [64, 64],
	"textures": {
		"0": "shiver:item/props/props_c17/furniture/hl2_washing_machine",
		"particle": "shiver:item/props/props_c17/furniture/hl2_washing_machine"
	},
	"elements": [
		{
			"from": [2, 2, 2],
			"to": [14, 16, 14],
			"faces": {
				"north": {"uv": [3, 0, 6, 3.5], "rotation": 180, "texture": "#0"},
				"east": {"uv": [3, 0, 0, 3.5], "texture": "#0"},
				"south": {"uv": [0, 3.5, 3, 7], "texture": "#0"},
				"west": {"uv": [0, 0, 3, 3.5], "texture": "#0"},
				"up": {"uv": [3, 3.25, 6, 6.25], "texture": "#0"}
			}
		},
		{
			"from": [2, 16, 13],
			"to": [14, 19, 14],
			"faces": {
				"east": {"uv": [3, 6.75, 3.75, 7], "rotation": 90, "texture": "#0"},
				"south": {"uv": [3, 7.25, 6, 8], "texture": "#0"},
				"west": {"uv": [3, 6.75, 3.75, 7], "rotation": 90, "texture": "#0"},
				"up": {"uv": [3, 7, 6, 7.25], "texture": "#0"}
			}
		},
		{
			"from": [2.01, 15, 13],
			"to": [13.99, 19, 14.75],
			"rotation": {"angle": 22.5, "axis": "x", "origin": [8, 19, 13]},
			"faces": {
				"north": {"uv": [0, 7, 3, 8], "texture": "#0"},
				"east": {"uv": [3, 6.25, 4, 6.75], "rotation": 90, "texture": "#0"},
				"west": {"uv": [3, 6.75, 4, 6.25], "rotation": 90, "texture": "#0"}
			}
		},
		{
			"from": [2, 0, 3],
			"to": [14, 2, 14],
			"faces": {
				"north": {"uv": [7, 0, 7.5, 3], "rotation": 90, "texture": "#0"},
				"east": {"uv": [6.5, 0, 7, 2.75], "rotation": 90, "texture": "#0"},
				"south": {"uv": [6, 0, 6.5, 3], "rotation": 90, "texture": "#0"},
				"west": {"uv": [6.5, 2.75, 7, 0], "rotation": 90, "texture": "#0"},
				"down": {"uv": [7.5, 0, 10.5, 2.75], "texture": "#0"}
			}
		},
		{
			"from": [2, 2, 2],
			"to": [14, 2, 3],
			"faces": {
				"north": {"uv": [0, 0, 3, 0], "texture": "#missing"},
				"east": {"uv": [0, 0, 0.25, 0], "texture": "#missing"},
				"south": {"uv": [0, 0, 3, 0], "texture": "#missing"},
				"west": {"uv": [0, 0, 0.25, 0], "texture": "#missing"},
				"up": {"uv": [0, 0, 3, 0.25], "texture": "#missing"},
				"down": {"uv": [3, 0, 6, 0.25], "texture": "#0"}
			}
		}
	],
	"display": {
		"thirdperson_righthand": {
			"rotation": [75, 45, 0],
			"translation": [0, 2.5, 0],
			"scale": [0.25, 0.25, 0.25]
		},
		"thirdperson_lefthand": {
			"rotation": [75, 45, 0],
			"translation": [0, 2.5, 0],
			"scale": [0.25, 0.25, 0.25]
		},
		"firstperson_righthand": {
			"rotation": [0, 45, 0],
			"scale": [0.2, 0.2, 0.2]
		},
		"firstperson_lefthand": {
			"rotation": [0, 45, 0],
			"scale": [0.2, 0.2, 0.2]
		},
		"ground": {
			"scale": [0.1, 0.1, 0.1]
		},
		"gui": {
			"rotation": [20, 135, 0],
			"translation": [0, -1, 0],
			"scale": [0.65, 0.65, 0.65]
		},
		"fixed": {
			"rotation": [-90, 0, 0],
			"translation": [0, 0, -16],
			"scale": [2, 2, 2]
		}
	}
}