{
    "textures": {
        "spyglass": "item/spyglass_model"
    },
    "elements": [
        {
            "from": [7, 8.5, 7],
            "to": [9, 13.5, 9],
            "faces": {
                "north": {"uv": [0, 2, 2, 7], "texture": "#spyglass"},
                "east": {"uv": [0, 2, 2, 7], "texture": "#spyglass"},
                "south": {"uv": [0, 2, 2, 7], "texture": "#spyglass"},
                "west": {"uv": [0, 2, 2, 7], "texture": "#spyglass"},
                "up": {"uv": [0, 0, 2, 2], "texture": "#spyglass"}
            }
        },
        {
            "from": [6.9, 2.4, 6.9],
            "to": [9.1, 8.6, 9.1],
            "faces": {
                "north": {"uv": [0, 7, 2, 13], "texture": "#spyglass"},
                "east": {"uv": [0, 7, 2, 13], "texture": "#spyglass"},
                "south": {"uv": [0, 7, 2, 13], "texture": "#spyglass"},
                "west": {"uv": [0, 7, 2, 13], "texture": "#spyglass"},
                "up": {"uv": [0, 5, 2, 7], "texture": "#spyglass"},
                "down": {"uv": [0, 13, 2, 15], "texture": "#spyglass"}
            }
        }
    ],
    "gui_light": "front",
    "display": {
        "thirdperson_righthand": {
            "translation": [0, -2, 0]
        },
        "ground": {
            "rotation": [90, 0, 0]
        },
        "gui": {
            "rotation": [-67.5, 0, 45],
            "scale": [1.5, 1.5, 1.5]
        },
        "head": {
            "rotation": [90, 0, 0],
            "translation": [0, 0, -16],
            "scale": [1.6, 1.6, 1.6]
        },
        "fixed": {
            "translation": [0, 0, -1.5],
            "scale": [1.5, 1.5, 1.5]
        }
    },
    "overrides": [
        {"predicate": {"custom_model_data": 1},"model": "shiver:weapons/sniper_rifle"},
        {"predicate": {"custom_model_data": 2},"model": "shiver:weapons/sniper_rifle/1"},
        {"predicate": {"custom_model_data": 3},"model": "shiver:weapons/sniper_rifle/2"},
        {"predicate": {"custom_model_data": 4},"model": "shiver:weapons/sniper_rifle/3"},
        {"predicate": {"custom_model_data": 5},"model": "shiver:weapons/sniper_rifle/4"},
        {"predicate": {"custom_model_data": 6},"model": "shiver:weapons/sniper_rifle/5"},
        {"predicate": {"custom_model_data": 7},"model": "shiver:weapons/sniper_rifle/6"},
        {"predicate": {"custom_model_data": 10},"model": "shiver:weapons/sniper_rifle/reload/1"},
        {"predicate": {"custom_model_data": 11},"model": "shiver:weapons/sniper_rifle/reload/2"},
        {"predicate": {"custom_model_data": 12},"model": "shiver:weapons/sniper_rifle/reload/3"},
        {"predicate": {"custom_model_data": 13},"model": "shiver:weapons/sniper_rifle/reload/4"},
        {"predicate": {"custom_model_data": 14},"model": "shiver:weapons/sniper_rifle/reload/6"},
        {"predicate": {"custom_model_data": 15},"model": "shiver:weapons/sniper_rifle/reload/7"},
        {"predicate": {"custom_model_data": 16},"model": "shiver:weapons/sniper_rifle/reload/8"},
        {"predicate": {"custom_model_data": 17},"model": "shiver:weapons/sniper_rifle/reload/9"},
        {"predicate": {"custom_model_data": 18},"model": "shiver:weapons/sniper_rifle/reload/10"},
        {"predicate": {"custom_model_data": 35},"model": "shiver:weapons/sniper_rifle/reload/11"},
        {"predicate": {"custom_model_data": 36},"model": "shiver:weapons/sniper_rifle/reload/12"},
        {"predicate": {"custom_model_data": 37},"model": "shiver:weapons/sniper_rifle/reload/13"},
        {"predicate": {"custom_model_data": 38},"model": "shiver:weapons/sniper_rifle/reload/14"},
        {"predicate": {"custom_model_data": 39},"model": "shiver:weapons/sniper_rifle/reload/15"},
        {"predicate": {"custom_model_data": 40},"model": "shiver:weapons/sniper_rifle/reload/16"},
        {"predicate": {"custom_model_data": 41},"model": "shiver:weapons/sniper_rifle/reload/17"},
        {"predicate": {"custom_model_data": 42},"model": "shiver:weapons/sniper_rifle/reload/18"}
    ]
}
