{
  "variants": {
    "east=false,north=false,south=false,west=false,attached=false,disarmed=false": [
      {"model": "shiver:blockstates/leaves1"},
      {"model": "shiver:blockstates/leaves1_1", "y": 90},
      {"model": "shiver:blockstates/leaves1_2", "y": 180}
    ],
    "east=false,north=false,south=false,west=true,attached=false,disarmed=false": [
      {"model": "shiver:blockstates/leaves2"},
      {"model": "shiver:blockstates/leaves2", "y": 90},
      {"model": "shiver:blockstates/leaves2", "y": 180}
    ],
    "east=false,north=false,south=true,west=false,attached=false,disarmed=false": [
      {"model": "shiver:blockstates/leaves3"},
      {"model": "shiver:blockstates/leaves3", "y": 90},
      {"model": "shiver:blockstates/leaves3", "y": 180}
    ],
    "east=false,north=true,south=false,west=false,attached=false,disarmed=false": [
      {"model": "shiver:blockstates/spruce_mine_fence"}
    ],
    "east=true,north=false,south=false,west=false,attached=false,disarmed=false": [
      {"model": "shiver:blockstates/spruce_mine_fence_90", "y": 90}
    ],
    "east=false,north=false,south=true,west=true,attached=false,disarmed=false": [
      {"model": "shiver:blockstates/spruce_mine_fence_180", "y": 180}
    ],
    "east=false,north=true,south=false,west=true,attached=false,disarmed=false": [
      {"model": "shiver:blockstates/spruce_mine_fence_270", "y": 270}
    ],
    "east=true,north=false,south=false,west=true,attached=false,disarmed=false": [
      {"model": "shiver:free"}
    ],
    "east=false,north=true,south=true,west=true,attached=false,disarmed=false": [
      {"model": "shiver:free"}
    ],
    "east=true,north=false,south=true,west=true,attached=false,disarmed=false": [
      {"model": "shiver:free"}
    ],
    "east=true,north=true,south=true,west=true,attached=false,disarmed=false": [
      {"model": "shiver:free"}
    ],
    "east=false,north=false,south=false,west=false,attached=false,disarmed=true": [
      {"model": "shiver:blockstates/rail"}
    ],
    "east=false,north=false,south=false,west=false,attached=true,disarmed=true": [
      {"model": "shiver:blockstates/rail", "y": 90}
    ],
    "east=false,north=false,south=false,west=true,attached=false,disarmed=true": [
      {"model": "shiver:blockstates/rail", "y": 180}
    ],
    "east=false,north=false,south=true,west=false,attached=false,disarmed=true": [
      {"model": "shiver:blockstates/rail", "y": 270}
    ],
    "east=false,north=true,south=false,west=false,attached=false,disarmed=true": [
      {"model": "shiver:blockstates/rail_rotate"}
    ],
    "east=true,north=false,south=false,west=false,attached=false,disarmed=true": [
      {"model": "shiver:blockstates/rail_rotate", "y": 90}
    ],
    "east=false,north=false,south=false,west=true,attached=true,disarmed=true": [
      {"model": "shiver:blockstates/rail_rotate", "y": 180}
    ],
    "east=false,north=false,south=true,west=false,attached=true,disarmed=true": [
      {"model": "shiver:blockstates/rail_rotate", "y": 270}
    ],
    "east=false,north=true,south=false,west=false,attached=true,disarmed=true": [
      {"model": "shiver:blockstates/rail_up"}
    ],
    "east=true,north=false,south=false,west=false,attached=true,disarmed=true": [
      {"model": "shiver:blockstates/rail_up", "y": 90}
    ],
    "east=false,north=false,south=true,west=true,attached=true,disarmed=true": [
      {"model": "shiver:blockstates/rail_up", "y": 180}
    ],
    "east=false,north=true,south=false,west=true,attached=true,disarmed=true": [
      {"model": "shiver:blockstates/rail_up", "y": 270}
    ],
    "east=true,north=false,south=false,west=true,attached=true,disarmed=true": [
      {"model": "shiver:blockstates/rail_oneblock"}
    ],
    "east=false,north=true,south=true,west=true,attached=true,disarmed=true": [
      {"model": "shiver:blockstates/rail_oneblock", "y": 90}
    ],
    "east=false,north=true,south=false,west=true,attached=false,disarmed=true": [
      {"model": "shiver:blockstates/wall_bone"}
    ],
    "east=true,north=true,south=false,west=true,attached=false,disarmed=true": [
      {"model": "shiver:blockstates/wall_bone", "y": 90}
    ],
    "east=true,north=true,south=false,west=false,attached=true,disarmed=true": [
      {"model": "shiver:blockstates/wall_bone", "y": 180}
    ]
  }
}