{
	"credit": "Made with Blockbench",
	"textures": {
		"0": "block/green_stained_glass",
		"1": "block/green_stained_glass_pane_top",
		"particle": "block/green_stained_glass"
	},
	"elements": [
		{
			"from": [4, 8, 8],
			"to": [12, 16, 8],
			"rotation": {"angle": 0, "axis": "y", "origin": [11, 8, 8]},
			"faces": {
				"north": {"uv": [0, 0, 16, 16], "texture": "#0"},
				"south": {"uv": [0, 0, 16, 16], "texture": "#0"},
				"down": {"uv": [0, 0, 16, 2], "texture": "#1"}
			}
		},
		{
			"from": [12, 8, 8],
			"to": [20, 16, 8],
			"rotation": {"angle": 0, "axis": "y", "origin": [19, 8, 8]},
			"faces": {
				"north": {"uv": [0, 0, 16, 16], "texture": "#0"},
				"south": {"uv": [0, 0, 16, 16], "texture": "#0"},
				"down": {"uv": [0, 0, 16, 2], "texture": "#1"}
			}
		},
		{
			"from": [-4, 8, 8],
			"to": [4, 16, 8],
			"rotation": {"angle": 0, "axis": "y", "origin": [3, 8, 8]},
			"faces": {
				"north": {"uv": [0, 0, 16, 16], "texture": "#0"},
				"south": {"uv": [0, 0, 16, 16], "texture": "#0"},
				"down": {"uv": [0, 0, 16, 2], "texture": "#1"}
			}
		},
		{
			"from": [20, 8, 16],
			"to": [28, 16, 16],
			"rotation": {"angle": 0, "axis": "y", "origin": [27, 8, 15]},
			"faces": {
				"north": {"uv": [0, 0, 16, 16], "texture": "#0"},
				"south": {"uv": [0, 0, 16, 16], "texture": "#0"},
				"down": {"uv": [0, 0, 16, 2], "texture": "#1"}
			}
		},
		{
			"from": [-12, 8, 16],
			"to": [-4, 16, 16],
			"rotation": {"angle": 0, "axis": "y", "origin": [-5, 8, 15]},
			"faces": {
				"north": {"uv": [0, 0, 16, 16], "texture": "#0"},
				"south": {"uv": [0, 0, 16, 16], "texture": "#0"},
				"down": {"uv": [0, 0, 16, 2], "texture": "#1"}
			}
		},
		{
			"from": [20, 8, 8],
			"to": [20, 16, 16],
			"rotation": {"angle": 0, "axis": "y", "origin": [19.5, 12, 12]},
			"faces": {
				"east": {"uv": [0, 0, 16, 16], "texture": "#0"},
				"west": {"uv": [0, 0, 16, 16], "texture": "#0"},
				"down": {"uv": [0, 0, 16, 2], "rotation": 90, "texture": "#1"}
			}
		},
		{
			"from": [-4, 8, 8],
			"to": [-4, 16, 16],
			"rotation": {"angle": 0, "axis": "y", "origin": [-4.5, 12, 12]},
			"faces": {
				"east": {"uv": [0, 0, 16, 16], "texture": "#0"},
				"west": {"uv": [0, 0, 16, 16], "texture": "#0"},
				"down": {"uv": [0, 0, 16, 2], "rotation": 90, "texture": "#1"}
			}
		}
	]
}