{
	"credit": "Made with Blockbench",
	"textures": {
		"0": "block/andesite",
		"particle": "block/andesite"
	},
	"elements": [
		{
			"from": [6.75, 0, 10],
			"to": [7, 0.25, 12],
			"rotation": {"angle": 0, "axis": "y", "origin": [8, 0.125, 11]},
			"faces": {
				"north": {"uv": [0, 0, 2, 2], "texture": "#0"},
				"south": {"uv": [0, 0, 2, 2], "texture": "#0"},
				"west": {"uv": [0, 0, 16, 2], "texture": "#0"},
				"up": {"uv": [8, 0, 10, 16], "texture": "#0"}
			}
		},
		{
			"from": [7, 0, 10],
			"to": [9, 0.25, 12],
			"rotation": {"angle": 0, "axis": "y", "origin": [8, 0.125, 11]},
			"faces": {
				"north": {"uv": [0, 0, 16, 2], "texture": "#0"},
				"south": {"uv": [0, 0, 16, 2], "texture": "#0"},
				"up": {"uv": [0, 0, 16, 16], "texture": "#0"}
			}
		},
		{
			"from": [9, 0, 10],
			"to": [9.25, 0.25, 12],
			"rotation": {"angle": 0, "axis": "y", "origin": [8, 0.125, 11]},
			"faces": {
				"north": {"uv": [0, 0, 2, 2], "texture": "#0"},
				"east": {"uv": [0, 0, 16, 2], "texture": "#0"},
				"south": {"uv": [0, 0, 2, 2], "texture": "#0"},
				"up": {"uv": [0, 0, 2, 16], "texture": "#0"}
			}
		},
		{
			"from": [6.75, 0, 2],
			"to": [7, 0.25, 4],
			"rotation": {"angle": 0, "axis": "y", "origin": [8, 0.125, 3]},
			"faces": {
				"north": {"uv": [0, 0, 2, 2], "texture": "#0"},
				"south": {"uv": [0, 0, 2, 2], "texture": "#0"},
				"west": {"uv": [0, 0, 16, 2], "texture": "#0"},
				"up": {"uv": [8, 0, 10, 16], "texture": "#0"}
			}
		},
		{
			"from": [7, 0, 2],
			"to": [9, 0.25, 4],
			"rotation": {"angle": 0, "axis": "y", "origin": [8, 0.125, 3]},
			"faces": {
				"north": {"uv": [0, 0, 16, 2], "texture": "#0"},
				"south": {"uv": [0, 0, 16, 2], "texture": "#0"},
				"up": {"uv": [0, 0, 16, 16], "texture": "#0"}
			}
		},
		{
			"from": [9, 0, 2],
			"to": [9.25, 0.25, 4],
			"rotation": {"angle": 0, "axis": "y", "origin": [8, 0.125, 3]},
			"faces": {
				"north": {"uv": [0, 0, 2, 2], "texture": "#0"},
				"east": {"uv": [0, 0, 16, 2], "texture": "#0"},
				"south": {"uv": [0, 0, 2, 2], "texture": "#0"},
				"up": {"uv": [0, 0, 2, 16], "texture": "#0"}
			}
		},
		{
			"from": [6.75, 0, 8],
			"to": [7, 0.25, 10],
			"rotation": {"angle": 0, "axis": "y", "origin": [8, 0.125, 9]},
			"faces": {
				"north": {"uv": [0, 0, 2, 2], "texture": "#0"},
				"south": {"uv": [0, 0, 2, 2], "texture": "#0"},
				"west": {"uv": [0, 0, 16, 2], "texture": "#0"},
				"up": {"uv": [8, 0, 10, 16], "texture": "#0"}
			}
		},
		{
			"from": [7, 0, 8],
			"to": [9, 0.25, 10],
			"rotation": {"angle": 0, "axis": "y", "origin": [8, 0.125, 9]},
			"faces": {
				"north": {"uv": [0, 0, 16, 2], "texture": "#0"},
				"south": {"uv": [0, 0, 16, 2], "texture": "#0"},
				"up": {"uv": [0, 0, 16, 16], "texture": "#0"}
			}
		},
		{
			"from": [9, 0, 8],
			"to": [9.25, 0.25, 10],
			"rotation": {"angle": 0, "axis": "y", "origin": [8, 0.125, 9]},
			"faces": {
				"north": {"uv": [0, 0, 2, 2], "texture": "#0"},
				"east": {"uv": [0, 0, 16, 2], "texture": "#0"},
				"south": {"uv": [0, 0, 2, 2], "texture": "#0"},
				"up": {"uv": [0, 0, 2, 16], "texture": "#0"}
			}
		},
		{
			"from": [6.75, 0, 0],
			"to": [7, 0.25, 2],
			"rotation": {"angle": 0, "axis": "y", "origin": [8, 0.125, 1]},
			"faces": {
				"north": {"uv": [0, 0, 2, 2], "texture": "#0"},
				"south": {"uv": [0, 0, 2, 2], "texture": "#0"},
				"west": {"uv": [0, 0, 16, 2], "texture": "#0"},
				"up": {"uv": [8, 0, 10, 16], "texture": "#0"}
			}
		},
		{
			"from": [7, 0, 0],
			"to": [9, 0.25, 2],
			"rotation": {"angle": 0, "axis": "y", "origin": [8, 0.125, 1]},
			"faces": {
				"north": {"uv": [0, 0, 16, 2], "texture": "#0"},
				"south": {"uv": [0, 0, 16, 2], "texture": "#0"},
				"up": {"uv": [0, 0, 16, 16], "texture": "#0"}
			}
		},
		{
			"from": [9, 0, 0],
			"to": [9.25, 0.25, 2],
			"rotation": {"angle": 0, "axis": "y", "origin": [8, 0.125, 1]},
			"faces": {
				"north": {"uv": [0, 0, 2, 2], "texture": "#0"},
				"east": {"uv": [0, 0, 16, 2], "texture": "#0"},
				"south": {"uv": [0, 0, 2, 2], "texture": "#0"},
				"up": {"uv": [0, 0, 2, 16], "texture": "#0"}
			}
		},
		{
			"from": [6.75, 0, 12],
			"to": [7, 0.25, 14],
			"rotation": {"angle": 0, "axis": "y", "origin": [8, 0.125, 13]},
			"faces": {
				"north": {"uv": [0, 0, 2, 2], "texture": "#0"},
				"south": {"uv": [0, 0, 2, 2], "texture": "#0"},
				"west": {"uv": [0, 0, 16, 2], "texture": "#0"},
				"up": {"uv": [8, 0, 10, 16], "texture": "#0"}
			}
		},
		{
			"from": [7, 0, 12],
			"to": [9, 0.25, 14],
			"rotation": {"angle": 0, "axis": "y", "origin": [8, 0.125, 13]},
			"faces": {
				"north": {"uv": [0, 0, 16, 2], "texture": "#0"},
				"south": {"uv": [0, 0, 16, 2], "texture": "#0"},
				"up": {"uv": [0, 0, 16, 16], "texture": "#0"}
			}
		},
		{
			"from": [9, 0, 12],
			"to": [9.25, 0.25, 14],
			"rotation": {"angle": 0, "axis": "y", "origin": [8, 0.125, 13]},
			"faces": {
				"north": {"uv": [0, 0, 2, 2], "texture": "#0"},
				"east": {"uv": [0, 0, 16, 2], "texture": "#0"},
				"south": {"uv": [0, 0, 2, 2], "texture": "#0"},
				"up": {"uv": [0, 0, 2, 16], "texture": "#0"}
			}
		},
		{
			"from": [6.75, 0, 4],
			"to": [7, 0.25, 6],
			"rotation": {"angle": 0, "axis": "y", "origin": [8, 0.125, 5]},
			"faces": {
				"north": {"uv": [0, 0, 2, 2], "texture": "#0"},
				"south": {"uv": [0, 0, 2, 2], "texture": "#0"},
				"west": {"uv": [0, 0, 16, 2], "texture": "#0"},
				"up": {"uv": [8, 0, 10, 16], "texture": "#0"}
			}
		},
		{
			"from": [7, 0, 4],
			"to": [9, 0.25, 6],
			"rotation": {"angle": 0, "axis": "y", "origin": [8, 0.125, 5]},
			"faces": {
				"north": {"uv": [0, 0, 16, 2], "texture": "#0"},
				"south": {"uv": [0, 0, 16, 2], "texture": "#0"},
				"up": {"uv": [0, 0, 16, 16], "texture": "#0"}
			}
		},
		{
			"from": [9, 0, 4],
			"to": [9.25, 0.25, 6],
			"rotation": {"angle": 0, "axis": "y", "origin": [8, 0.125, 5]},
			"faces": {
				"north": {"uv": [0, 0, 2, 2], "texture": "#0"},
				"east": {"uv": [0, 0, 16, 2], "texture": "#0"},
				"south": {"uv": [0, 0, 2, 2], "texture": "#0"},
				"up": {"uv": [0, 0, 2, 16], "texture": "#0"}
			}
		},
		{
			"from": [7, 0, 14],
			"to": [9, 0.25, 16],
			"rotation": {"angle": 0, "axis": "y", "origin": [8, 0.125, 15]},
			"faces": {
				"north": {"uv": [0, 0, 16, 2], "texture": "#0"},
				"south": {"uv": [0, 0, 16, 2], "texture": "#0"},
				"up": {"uv": [0, 0, 16, 16], "texture": "#0"}
			}
		},
		{
			"from": [9, 0, 14],
			"to": [9.25, 0.25, 16],
			"rotation": {"angle": 0, "axis": "y", "origin": [8, 0.125, 15]},
			"faces": {
				"north": {"uv": [0, 0, 2, 2], "texture": "#0"},
				"east": {"uv": [0, 0, 16, 2], "texture": "#0"},
				"south": {"uv": [0, 0, 2, 2], "texture": "#0"},
				"up": {"uv": [0, 0, 2, 16], "texture": "#0"}
			}
		},
		{
			"from": [5, 0, 14],
			"to": [7, 0.25, 16],
			"rotation": {"angle": 0, "axis": "y", "origin": [6, 0.125, 15]},
			"faces": {
				"north": {"uv": [0, 0, 16, 2], "texture": "#0"},
				"south": {"uv": [0, 0, 16, 2], "texture": "#0"},
				"up": {"uv": [0, 0, 16, 16], "texture": "#0"}
			}
		},
		{
			"from": [5, 0, 16],
			"to": [7, 0.25, 16.25],
			"rotation": {"angle": 0, "axis": "y", "origin": [6.125, 0.125, 17]},
			"faces": {
				"east": {"uv": [0, 0, 2, 2], "texture": "#0"},
				"south": {"uv": [0, 0, 16, 2], "texture": "#0"},
				"west": {"uv": [0, 0, 2, 2], "texture": "#0"},
				"up": {"uv": [0, 7, 16, 9], "texture": "#0"}
			}
		},
		{
			"from": [3, 0, 14],
			"to": [5, 0.25, 16],
			"rotation": {"angle": 0, "axis": "y", "origin": [4, 0.125, 15]},
			"faces": {
				"north": {"uv": [0, 0, 16, 2], "texture": "#0"},
				"south": {"uv": [0, 0, 16, 2], "texture": "#0"},
				"up": {"uv": [0, 0, 16, 16], "texture": "#0"}
			}
		},
		{
			"from": [3, 0, 16],
			"to": [5, 0.25, 16.25],
			"rotation": {"angle": 0, "axis": "y", "origin": [4.125, 0.125, 17]},
			"faces": {
				"east": {"uv": [0, 0, 2, 2], "texture": "#0"},
				"south": {"uv": [0, 0, 16, 2], "texture": "#0"},
				"west": {"uv": [0, 0, 2, 2], "texture": "#0"},
				"up": {"uv": [0, 12, 16, 14], "texture": "#0"}
			}
		},
		{
			"from": [3, 0, 13.75],
			"to": [5, 0.25, 14],
			"rotation": {"angle": 0, "axis": "y", "origin": [4, 0.125, 13.875]},
			"faces": {
				"north": {"uv": [0, 0, 16, 2], "texture": "#0"},
				"east": {"uv": [0, 0, 2, 2], "texture": "#0"},
				"west": {"uv": [0, 0, 2, 2], "texture": "#0"},
				"up": {"uv": [5, 0, 7, 16], "rotation": 270, "texture": "#0"}
			}
		},
		{
			"from": [5, 0, 13.75],
			"to": [6.8, 0.25, 14],
			"rotation": {"angle": 0, "axis": "y", "origin": [5.9, 0.125, 13.875]},
			"faces": {
				"north": {"uv": [0, 0, 16, 2], "texture": "#0"},
				"east": {"uv": [0, 0, 2, 2], "texture": "#0"},
				"west": {"uv": [0, 0, 2, 2], "texture": "#0"},
				"up": {"uv": [5, 0, 7, 14], "rotation": 270, "texture": "#0"}
			}
		},
		{
			"from": [7, 0, 16],
			"to": [9, 0.25, 16.25],
			"rotation": {"angle": 0, "axis": "y", "origin": [8.125, 0.125, 17]},
			"faces": {
				"east": {"uv": [0, 0, 2, 2], "texture": "#0"},
				"south": {"uv": [0, 0, 16, 2], "texture": "#0"},
				"west": {"uv": [0, 0, 2, 2], "texture": "#0"},
				"up": {"uv": [0, 4, 16, 6], "texture": "#0"}
			}
		},
		{
			"from": [6.75, 0, 6],
			"to": [7, 0.25, 8],
			"rotation": {"angle": 0, "axis": "y", "origin": [8, 0.125, 7]},
			"faces": {
				"north": {"uv": [0, 0, 2, 2], "texture": "#0"},
				"south": {"uv": [0, 0, 2, 2], "texture": "#0"},
				"west": {"uv": [0, 0, 16, 2], "texture": "#0"},
				"up": {"uv": [8, 0, 10, 16], "texture": "#0"}
			}
		},
		{
			"from": [7, 0, 6],
			"to": [9, 0.25, 8],
			"rotation": {"angle": 0, "axis": "y", "origin": [8, 0.125, 7]},
			"faces": {
				"north": {"uv": [0, 0, 16, 2], "texture": "#0"},
				"south": {"uv": [0, 0, 16, 2], "texture": "#0"},
				"up": {"uv": [0, 0, 16, 16], "texture": "#0"}
			}
		},
		{
			"from": [9, 0, 6],
			"to": [9.25, 0.25, 8],
			"rotation": {"angle": 0, "axis": "y", "origin": [8, 0.125, 7]},
			"faces": {
				"north": {"uv": [0, 0, 2, 2], "texture": "#0"},
				"east": {"uv": [0, 0, 16, 2], "texture": "#0"},
				"south": {"uv": [0, 0, 2, 2], "texture": "#0"},
				"up": {"uv": [0, 0, 2, 16], "texture": "#0"}
			}
		}
	],
	"groups": [
		{
			"name": "group",
			"origin": [8, 0.125, 8],
			"color": 0,
			"children": [0, 1, 2]
		},
		{
			"name": "group",
			"origin": [8, 0.125, 8],
			"color": 0,
			"children": [3, 4, 5]
		},
		{
			"name": "group",
			"origin": [8, 0.125, 8],
			"color": 0,
			"children": [6, 7, 8]
		},
		{
			"name": "group",
			"origin": [8, 0.125, 8],
			"color": 0,
			"children": [9, 10, 11]
		},
		{
			"name": "group",
			"origin": [8, 0.125, 8],
			"color": 0,
			"children": [12, 13, 14]
		},
		{
			"name": "group",
			"origin": [8, 0.125, 8],
			"color": 0,
			"children": [15, 16, 17]
		},
		{
			"name": "group",
			"origin": [8, 0.125, 8],
			"color": 0,
			"children": [18, 19]
		},
		{
			"name": "group",
			"origin": [8, 0.125, 8],
			"color": 0,
			"children": [20, 21, 22, 23, 24, 25, 26]
		},
		{
			"name": "group",
			"origin": [8, 0.125, 8],
			"color": 0,
			"children": [27, 28, 29]
		}
	]
}