{
	"credit": "Made by Mait",
	"texture_size": [8, 8],
	"textures": {
		"0": "./base_texture",
		"2": "./sphere",
		"3": "./animeted",
		"particle": "./base_texture"
	},
	"elements": [
		{
			"from": [5.7475, 16.5, 7.5],
			"to": [11.2475, 22, 7.5],
			"rotation": {"angle": 0, "axis": "y", "origin": [7.2475, 13.375, 7.5]},
			"faces": {
				"north": {"uv": [0, 0, 5.5, 5.5], "texture": "#3"},
				"east": {"uv": [0, 0, 0, 5.5], "texture": "#3"},
				"south": {"uv": [0, 0, 5.5, 5.5], "texture": "#3"},
				"west": {"uv": [0, 0, 0, 5.5], "texture": "#3"},
				"up": {"uv": [5.5, 0, 0, 0], "texture": "#3"},
				"down": {"uv": [5.5, 0, 0, 0], "texture": "#3"}
			}
		},
		{
			"from": [7.7475, 18.5, 6.7475],
			"to": [9.2475, 20, 8.2475],
			"rotation": {"angle": 0, "axis": "y", "origin": [7.2475, 13.375, 7.5]},
			"faces": {
				"north": {"uv": [0, 0, 3, 3], "texture": "#2"},
				"east": {"uv": [0, 4, 3, 7], "texture": "#2"},
				"south": {"uv": [4, 0, 7, 3], "texture": "#2"},
				"west": {"uv": [4, 4, 7, 7], "texture": "#2"},
				"up": {"uv": [3, 11, 0, 8], "texture": "#2"},
				"down": {"uv": [11, 0, 8, 3], "texture": "#2"}
			}
		},
		{
			"from": [5.2475, 18.5, 7.3775],
			"to": [6.7475, 23, 7.6275],
			"rotation": {"angle": 0, "axis": "y", "origin": [7.2475, 13.375, 7.5]},
			"faces": {
				"north": {"uv": [3.5, 5.5, 4.25, 7.75], "texture": "#0"},
				"east": {"uv": [1.5, 7.5, 1.75, 9.75], "texture": "#0"},
				"south": {"uv": [0, 6, 0.75, 8.25], "texture": "#0"},
				"west": {"uv": [7.5, 1.5, 7.75, 3.75], "texture": "#0"},
				"up": {"uv": [9.75, 7.75, 9, 7.5], "texture": "#0"},
				"down": {"uv": [9.75, 8, 9, 8.25], "texture": "#0"}
			}
		},
		{
			"from": [6.2475, 6, 7.3775],
			"to": [9.2475, 10.5, 7.6275],
			"rotation": {"angle": 0, "axis": "y", "origin": [7.2475, 13.375, 7.5]},
			"faces": {
				"north": {"uv": [0, 2.5, 1.5, 4.75], "texture": "#0"},
				"east": {"uv": [2, 7.5, 2.25, 9.75], "texture": "#0"},
				"south": {"uv": [1.5, 2.5, 3, 4.75], "texture": "#0"},
				"west": {"uv": [7.5, 4, 7.75, 6.25], "texture": "#0"},
				"up": {"uv": [10, 4.75, 8.5, 4.5], "texture": "#0"},
				"down": {"uv": [10, 5, 8.5, 5.25], "texture": "#0"}
			}
		},
		{
			"from": [8.2475, -1.5, 7.5],
			"to": [11.2475, 3.5, 7.5],
			"rotation": {"angle": 0, "axis": "y", "origin": [7.2475, 13.375, 7.5]},
			"faces": {
				"north": {"uv": [0, 0, 1.5, 2.5], "texture": "#0"},
				"east": {"uv": [5, 7, 5.25, 9.5], "texture": "#0"},
				"south": {"uv": [1.5, 0, 3, 2.5], "texture": "#0"},
				"west": {"uv": [5.5, 7, 5.75, 9.5], "texture": "#0"},
				"up": {"uv": [10, 5.75, 8.5, 5.5], "texture": "#0"},
				"down": {"uv": [10, 6, 8.5, 6.25], "texture": "#0"}
			}
		},
		{
			"from": [5.7475, 18, 7.2475],
			"to": [7.2475, 18.5, 7.7475],
			"rotation": {"angle": 0, "axis": "y", "origin": [7.2475, 13.375, 7.5]},
			"faces": {
				"north": {"uv": [8.5, 9, 9.25, 9.25], "texture": "#0"},
				"east": {"uv": [0.5, 10, 0.75, 10.25], "texture": "#0"},
				"south": {"uv": [9, 8.5, 9.75, 8.75], "texture": "#0"},
				"west": {"uv": [1, 10, 1.25, 10.25], "texture": "#0"},
				"up": {"uv": [3.25, 9.75, 2.5, 9.5], "texture": "#0"},
				"down": {"uv": [4.25, 9.5, 3.5, 9.75], "texture": "#0"}
			}
		},
		{
			"from": [5.7475, 17.5, 7.2475],
			"to": [7.7475, 18, 7.7475],
			"rotation": {"angle": 0, "axis": "y", "origin": [7.2475, 13.375, 7.5]},
			"faces": {
				"north": {"uv": [9, 2.5, 10, 2.75], "texture": "#0"},
				"east": {"uv": [1.5, 10, 1.75, 10.25], "texture": "#0"},
				"south": {"uv": [9, 3, 10, 3.25], "texture": "#0"},
				"west": {"uv": [2, 10, 2.25, 10.25], "texture": "#0"},
				"up": {"uv": [5, 9.25, 4, 9], "texture": "#0"},
				"down": {"uv": [7.5, 9, 6.5, 9.25], "texture": "#0"}
			}
		},
		{
			"from": [5.7475, 11, 7.2475],
			"to": [8.7475, 14.5, 7.7475],
			"rotation": {"angle": 0, "axis": "y", "origin": [7.2475, 13.375, 7.5]},
			"faces": {
				"north": {"uv": [3, 0, 4.5, 1.75], "texture": "#0"},
				"east": {"uv": [8, 4.5, 8.25, 6.25], "texture": "#0"},
				"south": {"uv": [3, 2, 4.5, 3.75], "texture": "#0"},
				"west": {"uv": [6, 8, 6.25, 9.75], "texture": "#0"},
				"up": {"uv": [8, 8.75, 6.5, 8.5], "texture": "#0"},
				"down": {"uv": [10, 6.5, 8.5, 6.75], "texture": "#0"}
			}
		},
		{
			"from": [5.7475, 5, 7.2475],
			"to": [9.2475, 6, 7.7475],
			"rotation": {"angle": 0, "axis": "y", "origin": [7.2475, 13.375, 7.5]},
			"faces": {
				"north": {"uv": [6.5, 0, 8.25, 0.5], "texture": "#0"},
				"east": {"uv": [4.5, 3.5, 4.75, 4], "texture": "#0"},
				"south": {"uv": [6.5, 0.5, 8.25, 1], "texture": "#0"},
				"west": {"uv": [2.5, 5, 2.75, 5.5], "texture": "#0"},
				"up": {"uv": [10.25, 0.25, 8.5, 0], "texture": "#0"},
				"down": {"uv": [10.25, 0.5, 8.5, 0.75], "texture": "#0"}
			}
		},
		{
			"from": [5.9975, 3.5, 6.4975],
			"to": [8.9975, 5, 8.4975],
			"rotation": {"angle": 0, "axis": "y", "origin": [7.2475, 13.375, 7.5]},
			"faces": {
				"north": {"uv": [0, 5, 1.5, 5.75], "texture": "#0"},
				"east": {"uv": [6.5, 5.5, 7.5, 6.25], "texture": "#0"},
				"south": {"uv": [5, 3.5, 6.5, 4.25], "texture": "#0"},
				"west": {"uv": [6.5, 6.5, 7.5, 7.25], "texture": "#0"},
				"up": {"uv": [6, 2.5, 4.5, 1.5], "texture": "#0"},
				"down": {"uv": [6, 2.5, 4.5, 3.5], "texture": "#0"}
			}
		},
		{
			"from": [7.9975, 4.5, 6.4975],
			"to": [10.9975, 5.5, 8.4975],
			"rotation": {"angle": 22.5, "axis": "z", "origin": [9.4975, 5, 7.4975]},
			"faces": {
				"north": {"uv": [12, 5.5, 13.5, 6], "texture": "#0"},
				"east": {"uv": [10.5, 2.75, 11.5, 3.25], "texture": "#0"},
				"south": {"uv": [10.5, 2, 12, 2.5], "texture": "#0"},
				"west": {"uv": [10.5, 3.75, 11.5, 4.25], "texture": "#0"},
				"up": {"uv": [12, 1, 10.5, 0], "texture": "#0"},
				"down": {"uv": [12, 1, 10.5, 2], "texture": "#0"}
			}
		},
		{
			"from": [3.9975, 2.75, 6.4975],
			"to": [6.9975, 3.75, 8.4975],
			"rotation": {"angle": -22.5, "axis": "z", "origin": [9.4975, 5, 7.4975]},
			"faces": {
				"north": {"uv": [12.25, 4.5, 13.75, 5], "texture": "#0"},
				"east": {"uv": [12.25, 2.5, 13.25, 3.25], "texture": "#0"},
				"south": {"uv": [12.25, 2, 13.75, 2.5], "texture": "#0"},
				"west": {"uv": [12.25, 3.5, 13.25, 4], "texture": "#0"},
				"up": {"uv": [13.25, 1, 11.75, 0], "texture": "#0"},
				"down": {"uv": [13.25, 1, 11.75, 2], "texture": "#0"}
			}
		},
		{
			"from": [6.5, -2, 6.4975],
			"to": [8.5, -1, 8.4975],
			"rotation": {"angle": 0, "axis": "y", "origin": [7.2475, 13.375, 7.5]},
			"faces": {
				"north": {"uv": [4.25, 11.5, 5.25, 12], "texture": "#0"},
				"east": {"uv": [8, 3, 9, 3.5], "texture": "#0"},
				"south": {"uv": [1.75, 11.5, 2.75, 12], "texture": "#0"},
				"west": {"uv": [3.5, 8, 4.5, 8.5], "texture": "#0"},
				"up": {"uv": [4, 12.5, 3, 11.5], "texture": "#0"},
				"down": {"uv": [7, 4.5, 6, 5.5], "texture": "#0"}
			}
		},
		{
			"from": [6.7475, 20.5, 7.3775],
			"to": [7.7475, 23, 7.6275],
			"rotation": {"angle": 0, "axis": "y", "origin": [7.2475, 13.375, 7.5]},
			"faces": {
				"north": {"uv": [7, 1.5, 7.5, 2.75], "texture": "#0"},
				"east": {"uv": [8.5, 7.5, 8.75, 8.75], "texture": "#0"},
				"south": {"uv": [1, 7.5, 1.5, 8.75], "texture": "#0"},
				"west": {"uv": [8, 8.5, 8.25, 9.75], "texture": "#0"},
				"up": {"uv": [7.5, 3.25, 7, 3], "texture": "#0"},
				"down": {"uv": [5, 9.5, 4.5, 9.75], "texture": "#0"}
			}
		},
		{
			"from": [5.7475, 23, 7.3775],
			"to": [6.7475, 25, 7.6275],
			"rotation": {"angle": 0, "axis": "y", "origin": [7.2475, 13.375, 7.5]},
			"faces": {
				"north": {"uv": [8, 3.5, 8.5, 4.5], "texture": "#0"},
				"east": {"uv": [1, 9, 1.25, 10], "texture": "#0"},
				"south": {"uv": [4.5, 8, 5, 9], "texture": "#0"},
				"west": {"uv": [7.5, 9, 7.75, 10], "texture": "#0"},
				"up": {"uv": [5.5, 9.75, 5, 9.5], "texture": "#0"},
				"down": {"uv": [6, 9.5, 5.5, 9.75], "texture": "#0"}
			}
		},
		{
			"from": [6.7475, 20, 7.3775],
			"to": [7.2475, 20.5, 7.6275],
			"rotation": {"angle": 0, "axis": "y", "origin": [7.2475, 13.375, 7.5]},
			"faces": {
				"north": {"uv": [2.5, 10, 2.75, 10.25], "texture": "#0"},
				"east": {"uv": [10, 2.5, 10.25, 2.75], "texture": "#0"},
				"south": {"uv": [3, 10, 3.25, 10.25], "texture": "#0"},
				"west": {"uv": [10, 3, 10.25, 3.25], "texture": "#0"},
				"up": {"uv": [3.75, 10.25, 3.5, 10], "texture": "#0"},
				"down": {"uv": [4.25, 10, 4, 10.25], "texture": "#0"}
			}
		},
		{
			"from": [5.7475, 25, 7.3775],
			"to": [6.2475, 25.5, 7.6275],
			"rotation": {"angle": 0, "axis": "y", "origin": [7.2475, 13.375, 7.5]},
			"faces": {
				"north": {"uv": [4.5, 10, 4.75, 10.25], "texture": "#0"},
				"east": {"uv": [10, 4.5, 10.25, 4.75], "texture": "#0"},
				"south": {"uv": [5, 10, 5.25, 10.25], "texture": "#0"},
				"west": {"uv": [10, 5, 10.25, 5.25], "texture": "#0"},
				"up": {"uv": [5.75, 10.25, 5.5, 10], "texture": "#0"},
				"down": {"uv": [10.25, 5.5, 10, 5.75], "texture": "#0"}
			}
		},
		{
			"from": [6.7475, 23, 7.3775],
			"to": [7.2475, 24, 7.6275],
			"rotation": {"angle": 0, "axis": "y", "origin": [7.2475, 13.375, 7.5]},
			"faces": {
				"north": {"uv": [6.5, 9.5, 6.75, 10], "texture": "#0"},
				"east": {"uv": [7, 9.5, 7.25, 10], "texture": "#0"},
				"south": {"uv": [9.5, 7, 9.75, 7.5], "texture": "#0"},
				"west": {"uv": [8.5, 9.5, 8.75, 10], "texture": "#0"},
				"up": {"uv": [6.25, 10.25, 6, 10], "texture": "#0"},
				"down": {"uv": [10.25, 6, 10, 6.25], "texture": "#0"}
			}
		},
		{
			"from": [6.2475, 10.5, 7.2475],
			"to": [8.7475, 11, 7.7475],
			"rotation": {"angle": 0, "axis": "y", "origin": [7.2475, 13.375, 7.5]},
			"faces": {
				"north": {"uv": [9, 1, 10.25, 1.25], "texture": "#0"},
				"east": {"uv": [6.5, 10, 6.75, 10.25], "texture": "#0"},
				"south": {"uv": [9, 1.5, 10.25, 1.75], "texture": "#0"},
				"west": {"uv": [10, 6.5, 10.25, 6.75], "texture": "#0"},
				"up": {"uv": [10.25, 2.25, 9, 2], "texture": "#0"},
				"down": {"uv": [3.75, 9, 2.5, 9.25], "texture": "#0"}
			}
		},
		{
			"from": [7.7475, 21, 7.3775],
			"to": [8.2475, 22, 7.6275],
			"rotation": {"angle": 0, "axis": "y", "origin": [7.2475, 13.375, 7.5]},
			"faces": {
				"north": {"uv": [9, 9.5, 9.25, 10], "texture": "#0"},
				"east": {"uv": [9.5, 9, 9.75, 9.5], "texture": "#0"},
				"south": {"uv": [9.5, 9.5, 9.75, 10], "texture": "#0"},
				"west": {"uv": [0, 10, 0.25, 10.5], "texture": "#0"},
				"up": {"uv": [7.25, 10.25, 7, 10], "texture": "#0"},
				"down": {"uv": [10.25, 7, 10, 7.25], "texture": "#0"}
			}
		},
		{
			"from": [5.7475, 14.5, 7.2475],
			"to": [9.2475, 17.5, 7.7475],
			"rotation": {"angle": 0, "axis": "y", "origin": [7.2475, 13.375, 7.5]},
			"faces": {
				"north": {"uv": [3, 4, 4.75, 5.5], "texture": "#0"},
				"east": {"uv": [0, 8.5, 0.25, 10], "texture": "#0"},
				"south": {"uv": [4.5, 0, 6.25, 1.5], "texture": "#0"},
				"west": {"uv": [0.5, 8.5, 0.75, 10], "texture": "#0"},
				"up": {"uv": [10.25, 3.75, 8.5, 3.5], "texture": "#0"},
				"down": {"uv": [10.25, 4, 8.5, 4.25], "texture": "#0"}
			}
		},
		{
			"from": [6.7475, -1.5, 6.9975],
			"to": [8.2475, 3.5, 7.9975],
			"rotation": {"angle": 0, "axis": "y", "origin": [7.2475, 13.375, 7.5]},
			"faces": {
				"north": {"uv": [5, 4.5, 5.75, 7], "texture": "#0"},
				"east": {"uv": [4.5, 5.5, 5, 8], "texture": "#0"},
				"south": {"uv": [2.5, 5.5, 3.25, 8], "texture": "#0"},
				"west": {"uv": [6, 5.5, 6.5, 8], "texture": "#0"},
				"up": {"uv": [4.25, 9, 3.5, 8.5], "texture": "#0"},
				"down": {"uv": [9.25, 7, 8.5, 7.5], "texture": "#0"}
			}
		}
	],
	"gui_light": "front",
	"display": {
		"thirdperson_righthand": {
			"rotation": [3, 90, 0],
			"translation": [0, 4.75, 1.75]
		},
		"firstperson_righthand": {
			"rotation": [0, 86, -7],
			"translation": [0.75, 3.25, 2],
			"scale": [0.6, 0.6, 0.6]
		},
		"ground": {
			"rotation": [90, 0, 0],
			"translation": [0, -2, 0]
		},
		"gui": {
			"rotation": [0, 0, 45],
			"translation": [2, -1.5, 0],
			"scale": [0.8, 0.8, 0.8]
		},
		"fixed": {
			"translation": [1, -4, -0.25],
			"scale": [1.5, 1.5, 1.5]
		}
	},
	"groups": [
		0,
		1,
		{
			"name": "group",
			"origin": [7.25, 21.25, 10.75],
			"color": 0,
			"children": [2, 3, 4, 5, 6, 7, 8, 9, 10, 11, 12, 13, 14, 15, 16, 17, 18, 19, 20, 21]
		}
	]
}