{
	"credit": "Made by Mait",
	"texture_size": [32, 32],
	"textures": {
		"0": "./base_texture",
		"2": "./two_hand",
		"particle": "./base_texture"
	},
	"elements": [
		{
			"from": [5.6, 5, 6.6],
			"to": [9.35, 6, 8.35],
			"rotation": {"angle": 0, "axis": "y", "origin": [7.2475, 13.375, 7.5]},
			"faces": {
				"north": {"uv": [8, 3, 9.75, 3.5], "texture": "#2"},
				"east": {"uv": [8, 8, 9, 8.5], "texture": "#2"},
				"south": {"uv": [8, 3.5, 9.75, 4], "texture": "#2"},
				"west": {"uv": [6, 8.5, 7, 9], "texture": "#2"},
				"up": {"uv": [7.75, 1, 6, 0], "texture": "#2"},
				"down": {"uv": [7.75, 1, 6, 2], "texture": "#2"}
			}
		},
		{
			"from": [5.7475, 5, 6.75],
			"to": [9.2475, 23, 8.25],
			"rotation": {"angle": 0, "axis": "y", "origin": [7.2475, 13.375, 7.5]},
			"faces": {
				"north": {"uv": [0, 0, 1.75, 9], "texture": "#2"},
				"east": {"uv": [4, 0, 4.75, 9], "texture": "#2"},
				"south": {"uv": [2, 0, 3.75, 9], "texture": "#2"},
				"west": {"uv": [5, 0, 5.75, 9], "texture": "#2"},
				"up": {"uv": [7.75, 2.75, 6, 2], "texture": "#2"},
				"down": {"uv": [7.75, 3, 6, 3.75], "texture": "#2"}
			}
		},
		{
			"from": [-0.2525, 5, 7.5],
			"to": [6.2475, 23, 7.5],
			"rotation": {"angle": 0, "axis": "y", "origin": [7.2475, 13.375, 7.5]},
			"faces": {
				"north": {"uv": [12.75, 0, 16, 9], "texture": "#2"},
				"east": {"uv": [4, 0, 4.75, 9], "texture": "#2"},
				"south": {"uv": [16, 0, 12.75, 9], "texture": "#2"},
				"west": {"uv": [5, 0, 5.75, 9], "texture": "#2"},
				"up": {"uv": [7.75, 2.75, 6, 2], "texture": "#2"},
				"down": {"uv": [7.75, 3, 6, 3.75], "texture": "#2"}
			}
		},
		{
			"from": [1.5, 21.2, 6.75],
			"to": [3, 24.2, 8.25],
			"rotation": {"angle": -22.5, "axis": "z", "origin": [7.2475, 11.375, 7.5]},
			"faces": {
				"north": {"uv": [6, 4, 6.75, 5.5], "texture": "#2"},
				"east": {"uv": [6, 5.5, 6.75, 7], "texture": "#2"},
				"south": {"uv": [7, 4, 7.75, 5.5], "texture": "#2"},
				"west": {"uv": [7, 5.5, 7.75, 7], "texture": "#2"},
				"up": {"uv": [8.75, 4.75, 8, 4], "texture": "#2"},
				"down": {"uv": [8.75, 5, 8, 5.75], "texture": "#2"}
			}
		},
		{
			"from": [12, 21, 6.75],
			"to": [13.5, 24, 8.25],
			"rotation": {"angle": 22.5, "axis": "z", "origin": [7.2475, 11.375, 7.5]},
			"faces": {
				"north": {"uv": [6, 7, 6.75, 8.5], "texture": "#2"},
				"east": {"uv": [7, 7, 7.75, 8.5], "texture": "#2"},
				"south": {"uv": [8, 0, 8.75, 1.5], "texture": "#2"},
				"west": {"uv": [8, 1.5, 8.75, 3], "texture": "#2"},
				"up": {"uv": [8.75, 6.75, 8, 6], "texture": "#2"},
				"down": {"uv": [8.75, 7, 8, 7.75], "texture": "#2"}
			}
		},
		{
			"from": [8.2475, -1.5, 7.5],
			"to": [11.2475, 3.5, 7.5],
			"rotation": {"angle": 0, "axis": "y", "origin": [7.2475, 13.375, 7.5]},
			"faces": {
				"north": {"uv": [0, 0, 1.5, 2.5], "texture": "#0"},
				"east": {"uv": [5, 7, 5.25, 9.5], "texture": "#0"},
				"south": {"uv": [1.5, 0, 3, 2.5], "texture": "#0"},
				"west": {"uv": [5.5, 7, 5.75, 9.5], "texture": "#0"},
				"up": {"uv": [10, 5.75, 8.5, 5.5], "texture": "#0"},
				"down": {"uv": [10, 6, 8.5, 6.25], "texture": "#0"}
			}
		},
		{
			"from": [5.9975, 3.5, 6.4975],
			"to": [8.9975, 5, 8.4975],
			"rotation": {"angle": 0, "axis": "y", "origin": [7.2475, 13.375, 7.5]},
			"faces": {
				"north": {"uv": [0, 5, 1.5, 5.75], "texture": "#0"},
				"east": {"uv": [6.5, 5.5, 7.5, 6.25], "texture": "#0"},
				"south": {"uv": [5, 3.5, 6.5, 4.25], "texture": "#0"},
				"west": {"uv": [6.5, 6.5, 7.5, 7.25], "texture": "#0"},
				"up": {"uv": [6, 2.5, 4.5, 1.5], "texture": "#0"},
				"down": {"uv": [6, 2.5, 4.5, 3.5], "texture": "#0"}
			}
		},
		{
			"from": [7.9975, 4.5, 6.4975],
			"to": [10.9975, 5.5, 8.4975],
			"rotation": {"angle": 22.5, "axis": "z", "origin": [9.4975, 5, 7.4975]},
			"faces": {
				"north": {"uv": [12, 5.5, 13.5, 6], "texture": "#0"},
				"east": {"uv": [10.5, 2.75, 11.5, 3.25], "texture": "#0"},
				"south": {"uv": [10.5, 2, 12, 2.5], "texture": "#0"},
				"west": {"uv": [10.5, 3.75, 11.5, 4.25], "texture": "#0"},
				"up": {"uv": [12, 1, 10.5, 0], "texture": "#0"},
				"down": {"uv": [12, 1, 10.5, 2], "texture": "#0"}
			}
		},
		{
			"from": [3.9975, 2.75, 6.4975],
			"to": [6.9975, 3.75, 8.4975],
			"rotation": {"angle": -22.5, "axis": "z", "origin": [9.4975, 5, 7.4975]},
			"faces": {
				"north": {"uv": [12.25, 4.5, 13.75, 5], "texture": "#0"},
				"east": {"uv": [12.25, 2.5, 13.25, 3.25], "texture": "#0"},
				"south": {"uv": [12.25, 2, 13.75, 2.5], "texture": "#0"},
				"west": {"uv": [12.25, 3.5, 13.25, 4], "texture": "#0"},
				"up": {"uv": [13.25, 1, 11.75, 0], "texture": "#0"},
				"down": {"uv": [13.25, 1, 11.75, 2], "texture": "#0"}
			}
		},
		{
			"from": [6.5, -2, 6.4975],
			"to": [8.5, -1, 8.4975],
			"rotation": {"angle": 0, "axis": "y", "origin": [7.2475, 13.375, 7.5]},
			"faces": {
				"north": {"uv": [4.25, 11.5, 5.25, 12], "texture": "#0"},
				"east": {"uv": [8, 3, 9, 3.5], "texture": "#0"},
				"south": {"uv": [1.75, 11.5, 2.75, 12], "texture": "#0"},
				"west": {"uv": [3.5, 8, 4.5, 8.5], "texture": "#0"},
				"up": {"uv": [4, 12.5, 3, 11.5], "texture": "#0"},
				"down": {"uv": [7, 4.5, 6, 5.5], "texture": "#0"}
			}
		},
		{
			"from": [6.7475, -1.5, 6.9975],
			"to": [8.2475, 3.5, 7.9975],
			"rotation": {"angle": 0, "axis": "y", "origin": [7.2475, 13.375, 7.5]},
			"faces": {
				"north": {"uv": [5, 4.5, 5.75, 7], "texture": "#0"},
				"east": {"uv": [4.5, 5.5, 5, 8], "texture": "#0"},
				"south": {"uv": [2.5, 5.5, 3.25, 8], "texture": "#0"},
				"west": {"uv": [6, 5.5, 6.5, 8], "texture": "#0"},
				"up": {"uv": [4.25, 9, 3.5, 8.5], "texture": "#0"},
				"down": {"uv": [9.25, 7, 8.5, 7.5], "texture": "#0"}
			}
		}
	],
	"gui_light": "front",
	"display": {
		"thirdperson_righthand": {
			"rotation": [180, 90, 0],
			"translation": [0, -9, 1.5]
		},
		"thirdperson_lefthand": {
			"rotation": [180, -90, 0],
			"translation": [-0.5, -1, 1.5]
		},
		"firstperson_righthand": {
			"rotation": [0, 77, 0],
			"translation": [1.5, 1.75, 2],
			"scale": [0.7, 0.7, 0.7]
		},
		"firstperson_lefthand": {
			"rotation": [152, -101, 39],
			"translation": [5.25, -1.25, 0]
		},
		"ground": {
			"rotation": [90, 0, 0],
			"translation": [0, -2, 0],
			"scale": [0.7, 0.7, 0.7]
		},
		"gui": {
			"rotation": [-180, 0, -45],
			"translation": [-2, 2, 0],
			"scale": [0.8, 0.8, 0.8]
		},
		"fixed": {
			"translation": [1, -4, -0.25],
			"scale": [1.5, 1.5, 1.5]
		}
	},
	"groups": [
		0,
		1,
		2,
		3,
		4,
		{
			"name": "group",
			"origin": [7.25, 21.25, 10.75],
			"color": 0,
			"children": [5, 6, 7, 8, 9, 10]
		}
	]
}