{
	"credit": "Made by Mait",
	"textures": {
		"1": "./texture",
		"3": "./texture1"
	},
	"elements": [
		{
			"from": [7, 9, 4],
			"to": [8, 10, 13],
			"faces": {
				"north": {"uv": [8, 6, 9, 7], "texture": "#1"},
				"east": {"uv": [0, 0, 9, 1], "texture": "#1"},
				"south": {"uv": [8, 7, 9, 8], "texture": "#1"},
				"west": {"uv": [0, 1, 9, 2], "texture": "#1"},
				"up": {"uv": [1, 11, 0, 2], "texture": "#1"},
				"down": {"uv": [2, 2, 1, 11], "texture": "#1"}
			}
		},
		{
			"from": [7, -2.5, 15],
			"to": [8, -1.5, 21],
			"rotation": {"angle": -45, "axis": "x", "origin": [0, 0, 0]},
			"faces": {
				"north": {"uv": [8, 2, 9, 3], "texture": "#1"},
				"east": {"uv": [2, 2, 8, 3], "texture": "#1"},
				"south": {"uv": [8, 3, 9, 4], "texture": "#1"},
				"west": {"uv": [2, 3, 8, 4], "texture": "#1"},
				"up": {"uv": [3, 10, 2, 4], "texture": "#1"},
				"down": {"uv": [4, 4, 3, 10], "texture": "#1"}
			}
		},
		{
			"from": [7, 3, 9.5],
			"to": [8, 9, 10.5],
			"rotation": {"angle": -45, "axis": "x", "origin": [0, 0, 0]},
			"faces": {
				"north": {"uv": [4, 4, 5, 10], "texture": "#1"},
				"east": {"uv": [5, 4, 6, 10], "texture": "#1"},
				"south": {"uv": [6, 4, 7, 10], "texture": "#1"},
				"west": {"uv": [7, 4, 8, 10], "texture": "#1"},
				"up": {"uv": [9, 5, 8, 4], "texture": "#1"},
				"down": {"uv": [9, 5, 8, 6], "texture": "#1"}
			}
		},
		{
			"from": [6, 8, 3],
			"to": [8, 10, 5],
			"faces": {
				"north": {"uv": [8, 2, 10, 4], "texture": "#3"},
				"east": {"uv": [8, 4, 10, 6], "texture": "#3"},
				"south": {"uv": [8, 6, 10, 8], "texture": "#3"},
				"west": {"uv": [8, 8, 10, 10], "texture": "#3"},
				"up": {"uv": [11, 2, 9, 0], "texture": "#3"},
				"down": {"uv": [4, 10, 2, 12], "texture": "#3"}
			}
		},
		{
			"from": [6, 9.5, 7],
			"to": [8, 11.5, 9],
			"faces": {
				"north": {"uv": [10, 2, 12, 4], "texture": "#3"},
				"east": {"uv": [4, 10, 6, 12], "texture": "#3"},
				"south": {"uv": [10, 4, 12, 6], "texture": "#3"},
				"west": {"uv": [6, 10, 8, 12], "texture": "#3"},
				"up": {"uv": [12, 8, 10, 6], "texture": "#3"},
				"down": {"uv": [10, 10, 8, 12], "texture": "#3"}
			}
		},
		{
			"from": [6, 11, 14],
			"to": [8, 13, 16],
			"rotation": {"angle": 22.5, "axis": "y", "origin": [7, 12, 15]},
			"faces": {
				"north": {"uv": [10, 12, 12, 14], "texture": "#3"},
				"east": {"uv": [12, 10, 14, 12], "texture": "#3"},
				"south": {"uv": [12, 12, 14, 14], "texture": "#3"},
				"west": {"uv": [0, 13, 2, 15], "texture": "#3"},
				"up": {"uv": [15, 2, 13, 0], "texture": "#3"},
				"down": {"uv": [4, 14, 2, 16], "texture": "#3"}
			}
		},
		{
			"from": [6, 8.5, 11],
			"to": [8, 10.5, 13],
			"rotation": {"angle": 22.5, "axis": "x", "origin": [7, 9.5, 12]},
			"faces": {
				"north": {"uv": [4, 12, 6, 14], "texture": "#3"},
				"east": {"uv": [12, 4, 14, 6], "texture": "#3"},
				"south": {"uv": [6, 12, 8, 14], "texture": "#3"},
				"west": {"uv": [12, 6, 14, 8], "texture": "#3"},
				"up": {"uv": [10, 14, 8, 12], "texture": "#3"},
				"down": {"uv": [14, 8, 12, 10], "texture": "#3"}
			}
		},
		{
			"from": [5.64451, 11, 1.07615],
			"to": [7.64451, 13, 3.07615],
			"rotation": {"angle": 22.5, "axis": "x", "origin": [6.64451, 12, 1.07615]},
			"faces": {
				"north": {"uv": [10, 8, 12, 10], "texture": "#3"},
				"east": {"uv": [10, 10, 12, 12], "texture": "#3"},
				"south": {"uv": [0, 11, 2, 13], "texture": "#3"},
				"west": {"uv": [11, 0, 13, 2], "texture": "#3"},
				"up": {"uv": [4, 14, 2, 12], "texture": "#3"},
				"down": {"uv": [14, 2, 12, 4], "texture": "#3"}
			}
		}
	],
	"gui_light": "front",
	"display": {
		"gui": {
			"rotation": [0, 90, 0],
			"translation": [-0.5, -3.25, 0]
		},
		"fixed": {
			"rotation": [0, -90, 0],
			"translation": [0.5, -4.5, 0],
			"scale": [2, 2, 2]
		}
	}
}