{
	"credit": "Made by Falanta Fantomo with Blockbench",
	"textures": {
		"0": "shiver:item/weapons/bolter",
		"particle": "shiver:item/weapons/bolter"
	},
	"elements": [
		{
			"from": [7.51, 4, 9],
			"to": [8.49, 8, 11],
			"rotation": {"angle": -22.5, "axis": "x", "origin": [8, 8, 11]},
			"faces": {
				"north": {"uv": [14, 0, 15, 4], "texture": "#0"},
				"east": {"uv": [16, 0, 14, 4], "texture": "#0"},
				"south": {"uv": [15, 0, 16, 4], "texture": "#0"},
				"west": {"uv": [14, 0, 16, 4], "texture": "#0"},
				"down": {"uv": [16, 3, 14, 4], "rotation": 90, "texture": "#0"}
			}
		},
		{
			"from": [7.5, 7, 8],
			"to": [8.5, 8, 11],
			"rotation": {"angle": 0, "axis": "x", "origin": [8, 8, 11]},
			"faces": {
				"north": {"uv": [3, 2, 4, 3], "texture": "#0"},
				"east": {"uv": [6, 2, 3, 3], "texture": "#0"},
				"west": {"uv": [3, 2, 6, 3], "texture": "#0"},
				"down": {"uv": [6, 2, 3, 3], "rotation": 90, "texture": "#0"}
			}
		},
		{
			"from": [8, 7, 5],
			"to": [8, 8, 8],
			"rotation": {"angle": 0, "axis": "x", "origin": [8, 8, 11]},
			"faces": {
				"east": {"uv": [9, 2, 6, 3], "texture": "#0"},
				"west": {"uv": [6, 2, 9, 3], "texture": "#0"}
			}
		},
		{
			"from": [6.5, 8, 3],
			"to": [9.5, 9, 11],
			"rotation": {"angle": 0, "axis": "x", "origin": [8, 8, 11]},
			"faces": {
				"east": {"uv": [2, 3, 3, 11], "rotation": 90, "texture": "#0"},
				"south": {"uv": [0, 10, 3, 11], "texture": "#0"},
				"west": {"uv": [0, 11, 1, 3], "rotation": 90, "texture": "#0"},
				"up": {"uv": [3, 3, 6, 11], "texture": "#0"},
				"down": {"uv": [0, 11, 3, 3], "texture": "#0"}
			}
		},
		{
			"from": [3.5, 8.49, 4],
			"to": [6.5, 8.49, 7],
			"rotation": {"angle": 0, "axis": "y", "origin": [5.3, 8.19, 5.2]},
			"faces": {
				"up": {"uv": [0, 0, 3, 3], "texture": "#0"},
				"down": {"uv": [0, 3, 3, 0], "texture": "#0"}
			}
		},
		{
			"from": [9.5, 8.49, 4],
			"to": [12.5, 8.49, 7],
			"rotation": {"angle": 0, "axis": "y", "origin": [10.8, 8.49, 4.4]},
			"faces": {
				"up": {"uv": [3, 0, 0, 3], "texture": "#0"},
				"down": {"uv": [3, 3, 0, 0], "texture": "#0"}
			}
		},
		{
			"from": [2.5, 7.5, 2],
			"to": [6.5, 9.5, 3],
			"rotation": {"angle": 22.5, "axis": "y", "origin": [6.5, 8.5, 2]},
			"faces": {
				"north": {"uv": [10, 0, 14, 2], "texture": "#0"},
				"south": {"uv": [14, 0, 10, 2], "texture": "#0"},
				"west": {"uv": [13, 0, 14, 2], "texture": "#0"},
				"up": {"uv": [14, 0, 10, 1], "texture": "#0"},
				"down": {"uv": [14, 1, 10, 2], "texture": "#0"}
			}
		},
		{
			"from": [6.5, 7.499, 2],
			"to": [9.5, 9.499, 3],
			"rotation": {"angle": 0, "axis": "y", "origin": [6, 8.5, 2]},
			"faces": {
				"north": {"uv": [7, 0, 10, 2], "texture": "#0"},
				"south": {"uv": [10, 0, 7, 2], "texture": "#0"},
				"up": {"uv": [10, 0, 7, 1], "texture": "#0"},
				"down": {"uv": [10, 1, 7, 2], "texture": "#0"}
			}
		},
		{
			"from": [9.5, 7.5, 2],
			"to": [13.5, 9.5, 3],
			"rotation": {"angle": -22.5, "axis": "y", "origin": [9.5, 8.5, 2]},
			"faces": {
				"north": {"uv": [3, 0, 7, 2], "texture": "#0"},
				"east": {"uv": [3, 0, 4, 2], "texture": "#0"},
				"south": {"uv": [7, 0, 3, 2], "texture": "#0"},
				"up": {"uv": [7, 0, 3, 1], "texture": "#0"},
				"down": {"uv": [7, 1, 3, 2], "texture": "#0"}
			}
		},
		{
			"from": [8, 7, 11],
			"to": [8, 9, 12],
			"rotation": {"angle": 0, "axis": "y", "origin": [0, 3, 2]},
			"faces": {
				"east": {"uv": [13, 2, 14, 4], "texture": "#0"},
				"west": {"uv": [13, 2, 14, 4], "texture": "#0"}
			}
		}
	],
	"gui_light": "front",
	"display": {
		"thirdperson_righthand": {
			"translation": [0, 0.25, -1.25],
			"scale": [1.15, 1.15, 1.15]
		},
		"thirdperson_lefthand": {
			"translation": [0, 0.5, 1.5]
		},
		"firstperson_righthand": {
			"rotation": [0, 0, 5],
			"translation": [0.75, 12.25, -0.25]
		},
		"ground": {
			"translation": [0, 1.5, 0]
		},
		"gui": {
			"rotation": [50, -45, 0],
			"translation": [-1.75, -1.5, 0],
			"scale": [1.25, 1.25, 1.25]
		},
		"head": {
			"scale": [1.6, 1.6, 1.6]
		},
		"fixed": {
			"rotation": [-90, 0, 0],
			"translation": [0, 3, 0],
			"scale": [2, 2, 2]
		}
	}
}