{
	"credit": "by 2M3V",
	"parent": "shiver:gui/nums/0",
	"texture_size": [64, 64],
	"textures": {
		"0": "shiver:item/gui/nums",
		"particle": "shiver:item/gui/nums"
	},
	"elements": [
		{
			"from": [5.5, 5, 8],
			"to": [10.5, 12, 8],
			"rotation": {"angle": 0, "axis": "y", "origin": [8, 8, 8]},
			"faces": {
				"north": {"uv": [0, 0, 16, 16], "texture": "#missing"},
				"east": {"uv": [0, 0, 0, 16], "texture": "#missing"},
				"south": {"uv": [11.75, 8.25, 13, 10], "texture": "#0"},
				"west": {"uv": [0, 0, 0, 16], "texture": "#missing"},
				"up": {"uv": [0, 0, 16, 0], "texture": "#missing"},
				"down": {"uv": [0, 0, 16, 0], "texture": "#missing"}
			}
		}
	]
}