{
  "credit": "Made by Falanta Fantomo with Blockbench",
  "textures": {
    "0": "shiver:item/weapons/ak_474",
    "1": "shiver:item/weapons/fire",
    "2": "shiver:item/weapons/fire3",
    "particle": "shiver:item/weapons/ak_474"
  },
  "elements": [
    {
      "from": [
        7.51,
        5,
        11
      ],
      "to": [
        8.49,
        9,
        13
      ],
      "rotation": {
        "angle": -22.5,
        "axis": "x",
        "origin": [
          0.5,
          9,
          11
        ]
      },
      "faces": {
        "north": {
          "uv": [
            14,
            12,
            15,
            16
          ],
          "texture": "#0"
        },
        "east": {
          "uv": [
            16,
            12,
            14,
            16
          ],
          "texture": "#0"
        },
        "south": {
          "uv": [
            15,
            12,
            16,
            16
          ],
          "texture": "#0"
        },
        "west": {
          "uv": [
            14,
            12,
            16,
            16
          ],
          "texture": "#0"
        },
        "down": {
          "uv": [
            16,
            15,
            14,
            16
          ],
          "rotation": 90,
          "texture": "#0"
        }
      }
    },
    {
      "from": [
        7.51,
        6,
        7
      ],
      "to": [
        8.49,
        9,
        9
      ],
      "rotation": {
        "angle": 22.5,
        "axis": "x",
        "origin": [
          0.5,
          9,
          9
        ]
      },
      "faces": {
        "north": {
          "uv": [
            14,
            6,
            15,
            9
          ],
          "texture": "#0"
        },
        "east": {
          "uv": [
            16,
            6,
            14,
            9
          ],
          "texture": "#0"
        },
        "south": {
          "uv": [
            15,
            6,
            16,
            9
          ],
          "texture": "#0"
        },
        "west": {
          "uv": [
            14,
            6,
            16,
            9
          ],
          "texture": "#0"
        },
        "up": {
          "uv": [
            13,
            14,
            14,
            16
          ],
          "texture": "#0"
        }
      }
    },
    {
      "from": [
        7.5,
        3.22836,
        5.85195
      ],
      "to": [
        8.5,
        6.22836,
        7.85195
      ],
      "rotation": {
        "angle": 45,
        "axis": "x",
        "origin": [
          8,
          6.22836,
          7.85195
        ]
      },
      "faces": {
        "north": {
          "uv": [
            14,
            9,
            15,
            12
          ],
          "texture": "#0"
        },
        "east": {
          "uv": [
            16,
            9,
            14,
            12
          ],
          "texture": "#0"
        },
        "south": {
          "uv": [
            15,
            9,
            16,
            12
          ],
          "texture": "#0"
        },
        "west": {
          "uv": [
            14,
            9,
            16,
            12
          ],
          "texture": "#0"
        },
        "down": {
          "uv": [
            13,
            12,
            14,
            14
          ],
          "texture": "#0"
        }
      }
    },
    {
      "from": [
        7.5,
        9,
        1
      ],
      "to": [
        8.5,
        11,
        14
      ],
      "rotation": {
        "angle": 0,
        "axis": "x",
        "origin": [
          0.5,
          9,
          11
        ]
      },
      "faces": {
        "north": {
          "uv": [
            0,
            14,
            1,
            16
          ],
          "texture": "#0"
        },
        "east": {
          "uv": [
            13,
            12,
            0,
            14
          ],
          "texture": "#0"
        },
        "south": {
          "uv": [
            12,
            14,
            13,
            16
          ],
          "texture": "#0"
        },
        "west": {
          "uv": [
            0,
            14,
            13,
            16
          ],
          "texture": "#0"
        },
        "up": {
          "uv": [
            0,
            14,
            13,
            15
          ],
          "rotation": 90,
          "texture": "#0"
        },
        "down": {
          "uv": [
            13,
            15,
            0,
            16
          ],
          "rotation": 90,
          "texture": "#0"
        }
      }
    },
    {
      "from": [
        7.5,
        9,
        -5
      ],
      "to": [
        8.5,
        10,
        1
      ],
      "rotation": {
        "angle": 0,
        "axis": "x",
        "origin": [
          0.5,
          9,
          11
        ]
      },
      "faces": {
        "north": {
          "uv": [
            6,
            11,
            7,
            12
          ],
          "rotation": 90,
          "texture": "#0"
        },
        "east": {
          "uv": [
            6,
            11,
            0,
            12
          ],
          "texture": "#0"
        },
        "west": {
          "uv": [
            0,
            11,
            6,
            12
          ],
          "texture": "#0"
        },
        "up": {
          "uv": [
            0,
            11,
            6,
            12
          ],
          "rotation": 90,
          "texture": "#0"
        },
        "down": {
          "uv": [
            6,
            11,
            0,
            12
          ],
          "rotation": 90,
          "texture": "#0"
        }
      }
    },
    {
      "from": [
        8,
        10,
        -5
      ],
      "to": [
        8,
        11,
        1
      ],
      "rotation": {
        "angle": 0,
        "axis": "x",
        "origin": [
          0.5,
          9,
          11
        ]
      },
      "faces": {
        "east": {
          "uv": [
            6,
            10,
            0,
            11
          ],
          "texture": "#0"
        },
        "west": {
          "uv": [
            0,
            10,
            6,
            11
          ],
          "texture": "#0"
        }
      }
    },
    {
      "from": [
        8,
        8,
        9
      ],
      "to": [
        8,
        9,
        12
      ],
      "rotation": {
        "angle": 0,
        "axis": "x",
        "origin": [
          0.5,
          9,
          11
        ]
      },
      "faces": {
        "east": {
          "uv": [
            10,
            11,
            7,
            12
          ],
          "texture": "#0"
        },
        "west": {
          "uv": [
            7,
            11,
            10,
            12
          ],
          "texture": "#0"
        }
      }
    },
    {
      "from": [
        7.51,
        9,
        14
      ],
      "to": [
        8.49,
        11.392,
        21
      ],
      "rotation": {
        "angle": 22.5,
        "axis": "x",
        "origin": [
          0.5,
          10,
          14
        ]
      },
      "faces": {
        "east": {
          "uv": [
            15,
            0,
            8,
            3
          ],
          "texture": "#0"
        },
        "south": {
          "uv": [
            14,
            0,
            15,
            3
          ],
          "texture": "#0"
        },
        "west": {
          "uv": [
            8,
            0,
            15,
            3
          ],
          "texture": "#0"
        },
        "down": {
          "uv": [
            15,
            2,
            8,
            3
          ],
          "rotation": 90,
          "texture": "#0"
        }
      }
    },
    {
      "from": [
        7.5,
        8,
        14
      ],
      "to": [
        8.5,
        10,
        21
      ],
      "rotation": {
        "angle": 0,
        "axis": "x",
        "origin": [
          0.5,
          10,
          14
        ]
      },
      "faces": {
        "east": {
          "uv": [
            7,
            0,
            0,
            2
          ],
          "texture": "#0"
        },
        "south": {
          "uv": [
            7,
            0,
            8,
            2
          ],
          "texture": "#0"
        },
        "west": {
          "uv": [
            0,
            0,
            7,
            2
          ],
          "texture": "#0"
        },
        "up": {
          "uv": [
            0,
            0,
            7,
            1
          ],
          "rotation": 90,
          "texture": "#0"
        }
      }
    },
    {
      "from": [
        7.5,
        8.6,
        20
      ],
      "to": [
        8.5,
        9,
        21
      ],
      "rotation": {
        "angle": 0,
        "axis": "x",
        "origin": [
          0.5,
          10,
          14
        ]
      },
      "faces": {
        "east": {
          "uv": [
            7,
            2,
            8,
            3
          ],
          "texture": "#0"
        },
        "south": {
          "uv": [
            7,
            2,
            8,
            3
          ],
          "texture": "#0"
        },
        "west": {
          "uv": [
            7,
            2,
            8,
            3
          ],
          "texture": "#0"
        }
      }
    },
    {
      "from": [
        7.4,
        8.9,
        1.9
      ],
      "to": [
        8.6,
        11.1,
        5.1
      ],
      "rotation": {
        "angle": 0,
        "axis": "y",
        "origin": [
          7,
          9,
          3
        ]
      },
      "faces": {
        "east": {
          "uv": [
            1,
            12,
            4,
            14
          ],
          "texture": "#0"
        },
        "west": {
          "uv": [
            1,
            12,
            4,
            14
          ],
          "texture": "#0"
        },
        "up": {
          "uv": [
            1,
            14.1,
            4,
            15
          ],
          "rotation": 90,
          "texture": "#0"
        },
        "down": {
          "uv": [
            1,
            13,
            4,
            13.9
          ],
          "rotation": 90,
          "texture": "#0"
        }
      }
    },
    {
      "from": [
        7.4,
        8.9,
        5.1
      ],
      "to": [
        8.6,
        10,
        6.1
      ],
      "rotation": {
        "angle": 0,
        "axis": "y",
        "origin": [
          7,
          9,
          6.2
        ]
      },
      "faces": {
        "north": {
          "uv": [
            4.1,
            15.4,
            4.8,
            16
          ],
          "texture": "#0"
        },
        "east": {
          "uv": [
            4.1,
            15.4,
            4.8,
            16
          ],
          "texture": "#0"
        },
        "west": {
          "uv": [
            4.1,
            15.4,
            4.8,
            16
          ],
          "texture": "#0"
        },
        "down": {
          "uv": [
            4.1,
            15.4,
            4.8,
            16
          ],
          "texture": "#0"
        }
      }
    },
    {
      "from": [
        8.5,
        10,
        10
      ],
      "to": [
        9.5,
        11,
        10
      ],
      "rotation": {
        "angle": 0,
        "axis": "y",
        "origin": [
          7.5,
          10,
          8
        ]
      },
      "faces": {
        "north": {
          "uv": [
            0,
            6,
            1,
            7
          ],
          "texture": "#0"
        },
        "east": {
          "uv": [
            0,
            6,
            1,
            7
          ],
          "texture": "#0"
        },
        "south": {
          "uv": [
            0,
            6,
            1,
            7
          ],
          "texture": "#0"
        },
        "west": {
          "uv": [
            0,
            6,
            1,
            7
          ],
          "texture": "#0"
        },
        "up": {
          "uv": [
            0,
            6,
            1,
            7
          ],
          "texture": "#0"
        },
        "down": {
          "uv": [
            0,
            6,
            1,
            7
          ],
          "texture": "#0"
        }
      }
    },
    {
      "from": [
        0,
        1.5,
        -5.1
      ],
      "to": [
        16,
        17.5,
        -5.1
      ],
      "rotation": {
        "angle": 0,
        "axis": "y",
        "origin": [
          0,
          1.5,
          -5.1
        ]
      },
      "faces": {
        "north": {
          "uv": [
            0,
            0,
            16,
            16
          ],
          "texture": "#1"
        },
        "east": {
          "uv": [
            0,
            0,
            16,
            16
          ],
          "texture": "#1"
        },
        "south": {
          "uv": [
            0,
            0,
            16,
            16
          ],
          "texture": "#1"
        },
        "west": {
          "uv": [
            0,
            0,
            16,
            16
          ],
          "texture": "#1"
        },
        "up": {
          "uv": [
            0,
            0,
            16,
            16
          ],
          "texture": "#1"
        },
        "down": {
          "uv": [
            0,
            0,
            16,
            16
          ],
          "texture": "#1"
        }
      }
    },
    {
      "from": [
        8,
        2,
        -15.1
      ],
      "to": [
        8,
        18,
        -4.1
      ],
      "rotation": {
        "angle": 0,
        "axis": "y",
        "origin": [
          8,
          10,
          -10.1
        ]
      },
      "faces": {
        "north": {
          "uv": [
            3,
            0,
            14,
            16
          ],
          "texture": "#2"
        },
        "east": {
          "uv": [
            14,
            0,
            3,
            16
          ],
          "texture": "#2"
        },
        "south": {
          "uv": [
            3,
            0,
            14,
            16
          ],
          "texture": "#2"
        },
        "west": {
          "uv": [
            3,
            0,
            14,
            16
          ],
          "texture": "#2"
        },
        "up": {
          "uv": [
            3,
            0,
            14,
            16
          ],
          "texture": "#2"
        },
        "down": {
          "uv": [
            3,
            0,
            14,
            16
          ],
          "texture": "#2"
        }
      }
    }
  ],
  "gui_light": "front",
  "display": {
    "thirdperson_righthand": {
      "translation": [
        -0.75,
        -0.5,
        -1.75
      ]
    },
    "thirdperson_lefthand": {
      "scale": [
        0,
        0,
        0
      ]
    },
    "firstperson_righthand": {
      "rotation": [
        6,
        0,
        -3
      ],
      "translation": [
        -2,
        12,
        -0.25
      ]
    },
    "ground": {
      "translation": [
        0,
        0.75,
        0
      ]
    },
    "gui": {
      "rotation": [
        70,
        -45,
        70
      ],
      "translation": [
        0.75,
        -0.75,
        0
      ],
      "scale": [
        0.75,
        0.75,
        0.75
      ]
    },
    "fixed": {
      "rotation": [
        0,
        90,
        0
      ],
      "translation": [
        0,
        0,
        -1
      ],
      "scale": [
        2,
        2,
        2
      ]
    }
  }
}