{
	"credit": "Made with Blockbench",
	"textures": {
		"0": "shiver:item/beacon",
		"particle": "shiver:item/beacon"
	},
	"elements": [
		{
			"from": [4, 4, 6.3],
			"to": [12, 12, 8.3],
			"rotation": {"angle": 0, "axis": "x", "origin": [7, 9, 6.3]},
			"faces": {
				"north": {"uv": [0, 0, 8, 8], "rotation": 180, "texture": "#0"},
				"east": {"uv": [0, 7, 8, 9], "rotation": 270, "texture": "#0"},
				"south": {"uv": [0, 0, 8, 8], "texture": "#0"},
				"west": {"uv": [0, 7, 8, 9], "rotation": 90, "texture": "#0"},
				"up": {"uv": [7, 0, 9, 8], "rotation": 270, "texture": "#0"},
				"down": {"uv": [7, 0, 9, 8], "rotation": 90, "texture": "#0"}
			}
		}
	],
	"gui_light": "front",
	"display": {
		"thirdperson_righthand": {
			"rotation": [0, 0, 45],
			"translation": [0.25, 1.75, 1],
			"scale": [0.5, 0.5, 0.5]
		},
		"firstperson_righthand": {
			"rotation": [-44, 0, -62],
			"translation": [8.5, -1, -6.5]
		},
		"ground": {
			"translation": [0, 3.25, 0],
			"scale": [0.6, 0.6, 0.6]
		},
		"gui": {
			"rotation": [-55, 0, -45],
			"translation": [-0.25, 0, 0]
		}
	}
}