{
	"credit": "by 2M3V",
	"texture_size": [128, 128],
	"textures": {
		"0": "shiver:item/helicopter",
		"1": "shiver:item/helirot",
		"particle": "shiver:item/helicopter"
	},
	"elements": [
		{
			"from": [20.445, 5.925, 6.245],
			"to": [24.16, 7.992, 9.755],
			"rotation": {"angle": 0, "axis": "z", "origin": [22.5025, 6.9, 8]},
			"faces": {
				"north": {"uv": [5.75, 6, 6.1875, 6.25], "texture": "#0"},
				"east": {"uv": [0.5, 6.125, 0.9375, 6.375], "texture": "#0"},
				"south": {"uv": [6.125, 1.375, 6.5625, 1.625], "texture": "#0"},
				"west": {"uv": [2, 6.125, 2.4375, 6.375], "texture": "#0"},
				"up": {"uv": [3.5625, 5.6875, 3.125, 5.25], "texture": "#0"},
				"down": {"uv": [5.1875, 5.5, 4.75, 5.9375], "texture": "#0"}
			}
		},
		{
			"from": [20.82192, 7.29098, 6.245],
			"to": [24.13692, 8.65598, 9.755],
			"rotation": {"angle": -22.5, "axis": "z", "origin": [22.47942, 8.26598, 8]},
			"faces": {
				"north": {"uv": [1.125, 6.375, 1.5625, 6.5625], "texture": "#0"},
				"east": {"uv": [6.375, 1.75, 6.8125, 1.9375], "texture": "#0"},
				"south": {"uv": [2, 6.375, 2.4375, 6.5625], "texture": "#0"},
				"west": {"uv": [6.375, 2, 6.8125, 2.1875], "texture": "#0"},
				"up": {"uv": [5.6875, 5.9375, 5.25, 5.5], "texture": "#0"},
				"down": {"uv": [0.9375, 5.625, 0.5, 6.0625], "texture": "#0"}
			}
		},
		{
			"from": [20.43323, 6.29975, 4.75253],
			"to": [21.21323, 9.41975, 11.24747],
			"rotation": {"angle": -22.5, "axis": "z", "origin": [20.43323, 7.85975, 8.06753]},
			"faces": {
				"north": {"uv": [0.5, 6.75, 0.625, 7.125], "texture": "#0"},
				"east": {"uv": [4.625, 3.125, 5.4375, 3.5], "texture": "#0"},
				"south": {"uv": [0.625, 6.75, 0.75, 7.125], "texture": "#0"},
				"west": {"uv": [3.625, 4.625, 4.4375, 5], "texture": "#0"},
				"up": {"uv": [2.625, 6.9375, 2.5, 6.125], "texture": "#0"},
				"down": {"uv": [2.75, 6.125, 2.625, 6.9375], "texture": "#0"}
			}
		},
		{
			"from": [20.0951, 6.159, 8.92598],
			"to": [23.9951, 7.992, 10.48598],
			"rotation": {"angle": 22.5, "axis": "y", "origin": [22.2401, 6.939, 9.70598]},
			"faces": {
				"north": {"uv": [6, 1.125, 6.5, 1.375], "texture": "#0"},
				"east": {"uv": [3, 5, 3.1875, 5.25], "texture": "#0"},
				"south": {"uv": [6, 3.125, 6.5, 3.375], "texture": "#0"},
				"west": {"uv": [6.75, 0.625, 6.9375, 0.875], "texture": "#0"},
				"up": {"uv": [3.625, 6.4375, 3.125, 6.25], "texture": "#0"},
				"down": {"uv": [6.75, 5.25, 6.25, 5.4375], "texture": "#0"}
			}
		},
		{
			"from": [17.89207, 6.12, 4.763],
			"to": [20.5525, 8.07, 11.237],
			"rotation": {"angle": 0, "axis": "y", "origin": [13.4651, 6.9, 10.01798]},
			"faces": {
				"north": {"uv": [3.625, 4.375, 3.9375, 4.625], "texture": "#0"},
				"east": {"uv": [5.375, 5, 6.1875, 5.25], "texture": "#0"},
				"south": {"uv": [3.625, 6.375, 3.9375, 6.625], "texture": "#0"},
				"west": {"uv": [5.375, 5.25, 6.1875, 5.5], "texture": "#0"},
				"up": {"uv": [3.9375, 5.8125, 3.625, 5], "texture": "#0"},
				"down": {"uv": [5.3125, 3.75, 5, 4.5625], "texture": "#0"}
			}
		},
		{
			"from": [17.92, 8.02, 5.463],
			"to": [20.8525, 9.47, 10.737],
			"rotation": {"angle": 0, "axis": "y", "origin": [13.4651, 9.9, 10.01798]},
			"faces": {
				"north": {"uv": [4, 6.375, 4.375, 6.5625], "texture": "#0"},
				"east": {"uv": [6, 0.625, 6.6875, 0.8125], "texture": "#0"},
				"south": {"uv": [4.375, 6.375, 4.75, 6.5625], "texture": "#0"},
				"west": {"uv": [6, 0.875, 6.6875, 1.0625], "texture": "#0"},
				"up": {"uv": [0.875, 5.5625, 0.5, 4.875], "texture": "#0"},
				"down": {"uv": [1.25, 4.875, 0.875, 5.5625], "texture": "#0"}
			}
		},
		{
			"from": [17.92, 9.42, 5.463],
			"to": [20.1525, 10.07, 10.737],
			"rotation": {"angle": 0, "axis": "y", "origin": [13.4651, 11.3, 10.01798]},
			"faces": {
				"north": {"uv": [1, 5.625, 1.25, 5.6875], "texture": "#0"},
				"east": {"uv": [6.75, 0.875, 7.4375, 0.9375], "texture": "#0"},
				"south": {"uv": [3.875, 6.875, 4.125, 6.9375], "texture": "#0"},
				"west": {"uv": [6.75, 1, 7.4375, 1.0625], "texture": "#0"},
				"up": {"uv": [1.25, 4.6875, 1, 4], "texture": "#0"},
				"down": {"uv": [6, 2.25, 5.75, 2.9375], "texture": "#0"}
			}
		},
		{
			"from": [17.92, 10.02, 5.463],
			"to": [19.5525, 10.67, 10.737],
			"rotation": {"angle": 0, "axis": "y", "origin": [13.4651, 11.9, 10.01798]},
			"faces": {
				"north": {"uv": [6.5, 6.875, 6.6875, 6.9375], "texture": "#0"},
				"east": {"uv": [2.75, 6.75, 3.4375, 6.8125], "texture": "#0"},
				"south": {"uv": [6.75, 6.875, 6.9375, 6.9375], "texture": "#0"},
				"west": {"uv": [6.75, 3, 7.4375, 3.0625], "texture": "#0"},
				"up": {"uv": [6.1875, 2.9375, 6, 2.25], "texture": "#0"},
				"down": {"uv": [4.9375, 6, 4.75, 6.6875], "texture": "#0"}
			}
		},
		{
			"from": [17.92, 10.62, 5.463],
			"to": [19.0525, 11.27, 10.737],
			"rotation": {"angle": 0, "axis": "y", "origin": [13.4651, 12.5, 10.01798]},
			"faces": {
				"north": {"uv": [6.875, 6.75, 7, 6.8125], "texture": "#0"},
				"east": {"uv": [3.5, 6.75, 4.1875, 6.8125], "texture": "#0"},
				"south": {"uv": [0, 7, 0.125, 7.0625], "texture": "#0"},
				"west": {"uv": [4.25, 6.75, 4.9375, 6.8125], "texture": "#0"},
				"up": {"uv": [2, 6.9375, 1.875, 6.25], "texture": "#0"},
				"down": {"uv": [1.125, 6.375, 1, 7.0625], "texture": "#0"}
			}
		},
		{
			"from": [-0.878, 10.91128, 4.77347],
			"to": [19.06207, 11.69128, 11.24747],
			"rotation": {"angle": 0, "axis": "y", "origin": [13.16417, 10.52128, 10.02845]},
			"faces": {
				"north": {"uv": [3.625, 1.625, 6.125, 1.75], "texture": "#0"},
				"east": {"uv": [6, 3.375, 6.8125, 3.5], "texture": "#0"},
				"south": {"uv": [4.5, 0, 7, 0.125], "texture": "#0"},
				"west": {"uv": [6.125, 1.625, 6.9375, 1.75], "texture": "#0"},
				"up": {"uv": [2.5, 0.8125, 0, 0], "texture": "#0"},
				"down": {"uv": [2.5, 0.875, 0, 1.6875], "texture": "#0"}
			}
		},
		{
			"from": [2.97193, 6.12, 4.763],
			"to": [12.616, 6.9, 11.237],
			"rotation": {"angle": 0, "axis": "y", "origin": [13.5821, 5.73, 10.01798]},
			"faces": {
				"north": {"uv": [5.75, 3.5, 6.9375, 3.625], "texture": "#0"},
				"east": {"uv": [2.75, 6.125, 3.5625, 6.25], "texture": "#0"},
				"south": {"uv": [5.75, 3.625, 6.9375, 3.75], "texture": "#0"},
				"west": {"uv": [6.125, 4.625, 6.9375, 4.75], "texture": "#0"},
				"up": {"uv": [1.6875, 3.0625, 0.5, 2.25], "texture": "#0"},
				"down": {"uv": [2.9375, 2.25, 1.75, 3.0625], "texture": "#0"}
			}
		},
		{
			"from": [0.63193, 3, 3.763],
			"to": [16.516, 3.78, 4.777],
			"rotation": {"angle": 0, "axis": "y", "origin": [13.5821, 2.61, 9.01798]},
			"faces": {
				"north": {"uv": [4.75, 3, 6.75, 3.125], "texture": "#0"},
				"east": {"uv": [5.625, 6.375, 5.75, 6.5], "texture": "#0"},
				"south": {"uv": [5.375, 3.75, 7.375, 3.875], "texture": "#0"},
				"west": {"uv": [1.5, 6.75, 1.625, 6.875], "texture": "#0"},
				"up": {"uv": [7.375, 4, 5.375, 3.875], "texture": "#0"},
				"down": {"uv": [7.375, 4, 5.375, 4.125], "texture": "#0"}
			}
		},
		{
			"from": [9.13393, 4.794, 5.075],
			"to": [13.24, 5.574, 5.543],
			"rotation": {"angle": -45, "axis": "z", "origin": [11.1641, 4.404, 10.01798]},
			"faces": {
				"north": {"uv": [3.125, 6.5, 3.625, 6.625], "texture": "#0"},
				"east": {"uv": [7, 0, 7.0625, 0.125], "texture": "#0"},
				"south": {"uv": [6.5, 3.125, 7, 3.25], "texture": "#0"},
				"west": {"uv": [0.125, 7, 0.1875, 7.125], "texture": "#0"},
				"up": {"uv": [7.25, 6.1875, 6.75, 6.125], "texture": "#0"},
				"down": {"uv": [7.25, 6.25, 6.75, 6.3125], "texture": "#0"}
			}
		},
		{
			"from": [9.13393, 4.794, 10.535],
			"to": [13.24, 5.574, 11.003],
			"rotation": {"angle": -45, "axis": "z", "origin": [11.1641, 4.404, 15.47798]},
			"faces": {
				"north": {"uv": [6.5, 3.25, 7, 3.375], "texture": "#0"},
				"east": {"uv": [0.25, 7, 0.3125, 7.125], "texture": "#0"},
				"south": {"uv": [5, 6.5, 5.5, 6.625], "texture": "#0"},
				"west": {"uv": [0.375, 7, 0.4375, 7.125], "texture": "#0"},
				"up": {"uv": [6.875, 6.8125, 6.375, 6.75], "texture": "#0"},
				"down": {"uv": [7.25, 6.375, 6.75, 6.4375], "texture": "#0"}
			}
		},
		{
			"from": [3.43878, 4.54937, 10.535],
			"to": [7.54485, 5.32937, 11.003],
			"rotation": {"angle": 45, "axis": "z", "origin": [5.49181, 4.93937, 10.769]},
			"faces": {
				"north": {"uv": [5.5, 6.5, 6, 6.625], "texture": "#0"},
				"east": {"uv": [7, 0.625, 7.0625, 0.75], "texture": "#0"},
				"south": {"uv": [6, 6.5, 6.5, 6.625], "texture": "#0"},
				"west": {"uv": [0.75, 7, 0.8125, 7.125], "texture": "#0"},
				"up": {"uv": [0.5, 6.9375, 0, 6.875], "texture": "#0"},
				"down": {"uv": [1.625, 6.875, 1.125, 6.9375], "texture": "#0"}
			}
		},
		{
			"from": [3.43878, 4.54937, 5.075],
			"to": [7.54485, 5.32937, 5.543],
			"rotation": {"angle": 45, "axis": "z", "origin": [5.49181, 4.93937, 5.309]},
			"faces": {
				"north": {"uv": [6.5, 6.5, 7, 6.625], "texture": "#0"},
				"east": {"uv": [7, 0.75, 7.0625, 0.875], "texture": "#0"},
				"south": {"uv": [0.5, 6.625, 1, 6.75], "texture": "#0"},
				"west": {"uv": [0.875, 7, 0.9375, 7.125], "texture": "#0"},
				"up": {"uv": [7.375, 1.8125, 6.875, 1.75], "texture": "#0"},
				"down": {"uv": [7.375, 1.875, 6.875, 1.9375], "texture": "#0"}
			}
		},
		{
			"from": [0.63193, 3, 11.223],
			"to": [16.516, 3.78, 12.237],
			"rotation": {"angle": 0, "axis": "y", "origin": [13.5821, 2.61, 14.91798]},
			"faces": {
				"north": {"uv": [5.375, 4.125, 7.375, 4.25], "texture": "#0"},
				"east": {"uv": [2.25, 6.875, 2.375, 7], "texture": "#0"},
				"south": {"uv": [5.375, 4.25, 7.375, 4.375], "texture": "#0"},
				"west": {"uv": [4.125, 6.875, 4.25, 7], "texture": "#0"},
				"up": {"uv": [7.375, 4.5, 5.375, 4.375], "texture": "#0"},
				"down": {"uv": [7.375, 4.5, 5.375, 4.625], "texture": "#0"}
			}
		},
		{
			"from": [11.836, 12.19828, 4.77347],
			"to": [16.48807, 12.97828, 11.24747],
			"rotation": {"angle": -22.5, "axis": "z", "origin": [13.18703, 12.19828, 8.01047]},
			"faces": {
				"north": {"uv": [3.625, 1.5, 4.1875, 1.625], "texture": "#0"},
				"east": {"uv": [6.125, 4.75, 6.9375, 4.875], "texture": "#0"},
				"south": {"uv": [5, 6.375, 5.5625, 6.5], "texture": "#0"},
				"west": {"uv": [6.125, 4.875, 6.9375, 5], "texture": "#0"},
				"up": {"uv": [4.1875, 1.4375, 3.625, 0.625], "texture": "#0"},
				"down": {"uv": [2.5625, 3.75, 2, 4.5625], "texture": "#0"}
			}
		},
		{
			"from": [-1.0023, 11.45204, 4.77347],
			"to": [3.64977, 12.23204, 11.24747],
			"rotation": {"angle": 22.5, "axis": "z", "origin": [0.34874, 11.45204, 8.01047]},
			"faces": {
				"north": {"uv": [6.5, 1.125, 7.0625, 1.25], "texture": "#0"},
				"east": {"uv": [6.125, 5.5, 6.9375, 5.625], "texture": "#0"},
				"south": {"uv": [6.5, 1.25, 7.0625, 1.375], "texture": "#0"},
				"west": {"uv": [6.125, 5.625, 6.9375, 5.75], "texture": "#0"},
				"up": {"uv": [4.3125, 3.0625, 3.75, 2.25], "texture": "#0"},
				"down": {"uv": [3.1875, 3.75, 2.625, 4.5625], "texture": "#0"}
			}
		},
		{
			"from": [3.1, 11.64192, 4.77347],
			"to": [12.23733, 13.43592, 11.24747],
			"rotation": {"angle": 0, "axis": "z", "origin": [8.9363, 12.65592, 8.01047]},
			"faces": {
				"north": {"uv": [4.625, 3.5, 5.75, 3.75], "texture": "#0"},
				"east": {"uv": [5.5, 1.75, 6.3125, 2], "texture": "#0"},
				"south": {"uv": [5, 1.375, 6.125, 1.625], "texture": "#0"},
				"west": {"uv": [5.5, 2, 6.3125, 2.25], "texture": "#0"},
				"up": {"uv": [3.625, 0.8125, 2.5, 0], "texture": "#0"},
				"down": {"uv": [3.625, 0.875, 2.5, 1.6875], "texture": "#0"}
			}
		},
		{
			"from": [7.078, 13.20192, 6.29947],
			"to": [10.75533, 14.21592, 9.65347],
			"rotation": {"angle": 0, "axis": "z", "origin": [9.7943, 14.21592, 7.97647]},
			"faces": {
				"north": {"uv": [5.5, 6.625, 5.9375, 6.75], "texture": "#0"},
				"east": {"uv": [6, 6.625, 6.4375, 6.75], "texture": "#0"},
				"south": {"uv": [6.5, 6.625, 6.9375, 6.75], "texture": "#0"},
				"west": {"uv": [0, 6.75, 0.4375, 6.875], "texture": "#0"},
				"up": {"uv": [1.4375, 6.1875, 1, 5.75], "texture": "#0"},
				"down": {"uv": [1.9375, 5.75, 1.5, 6.1875], "texture": "#0"}
			}
		},
		{
			"from": [8.358, 13.25992, 7.34547],
			"to": [9.508, 15.07392, 8.49547],
			"rotation": {"angle": 0, "axis": "z", "origin": [9.7943, 15.07392, 8.05447]},
			"faces": {
				"north": {"uv": [2.375, 6.75, 2.5, 7], "texture": "#0"},
				"east": {"uv": [2, 6.875, 2.125, 7.125], "texture": "#0"},
				"south": {"uv": [6.875, 2, 7, 2.25], "texture": "#0"},
				"west": {"uv": [2.125, 6.875, 2.25, 7.125], "texture": "#0"},
				"up": {"uv": [4.375, 7, 4.25, 6.875], "texture": "#0"},
				"down": {"uv": [4.5, 6.875, 4.375, 7], "texture": "#0"}
			}
		},
		{
			"from": [-15.4, 15.27392, -15.5],
			"to": [28.6, 15.27392, 28.5],
			"rotation": {"angle": 0, "axis": "z", "origin": [9.7943, 16.85392, 7.75447]},
			"faces": {
				"north": {"uv": [9.625, 9.25, 0, 0], "texture": "#1"},
				"east": {"uv": [9.625, 9.25, 0, 0], "texture": "#1"},
				"south": {"uv": [9.625, 9.25, 0, 0], "texture": "#1"},
				"west": {"uv": [9.625, 9.25, 0, 0], "texture": "#1"},
				"up": {"uv": [9.625, 9.25, 0, 0], "texture": "#1"},
				"down": {"uv": [9.625, 0, 0, 9.25], "texture": "#1"}
			}
		},
		{
			"from": [11.836, 11.40792, 4.77347],
			"to": [14.57733, 12.42192, 11.24747],
			"rotation": {"angle": -22.5, "axis": "z", "origin": [13.51867, 11.91492, 8.01047]},
			"faces": {
				"north": {"uv": [1.125, 6.75, 1.4375, 6.875], "texture": "#0"},
				"east": {"uv": [6.125, 5.75, 6.9375, 5.875], "texture": "#0"},
				"south": {"uv": [2, 6.75, 2.3125, 6.875], "texture": "#0"},
				"west": {"uv": [6.125, 5.875, 6.9375, 6], "texture": "#0"},
				"up": {"uv": [4.3125, 5.8125, 4, 5], "texture": "#0"},
				"down": {"uv": [4.6875, 5, 4.375, 5.8125], "texture": "#0"}
			}
		},
		{
			"from": [11.956, 11.40792, 4.77347],
			"to": [13.79733, 12.42192, 11.24747],
			"rotation": {"angle": 0, "axis": "z", "origin": [12.73867, 11.91492, 8.01047]},
			"faces": {
				"north": {"uv": [5, 6.75, 5.3125, 6.875], "texture": "#0"},
				"east": {"uv": [1, 6.25, 1.8125, 6.375], "texture": "#0"},
				"south": {"uv": [6.75, 5.25, 7.0625, 5.375], "texture": "#0"},
				"west": {"uv": [6.25, 2.25, 7.0625, 2.375], "texture": "#0"},
				"up": {"uv": [5.3125, 5.4375, 5, 4.625], "texture": "#0"},
				"down": {"uv": [2.3125, 5.25, 2, 6.0625], "texture": "#0"}
			}
		},
		{
			"from": [0.76, 11.40792, 4.77347],
			"to": [3.50133, 12.42192, 11.24747],
			"rotation": {"angle": 22.5, "axis": "z", "origin": [2.44267, 11.91492, 8.01047]},
			"faces": {
				"north": {"uv": [5.375, 6.75, 5.6875, 6.875], "texture": "#0"},
				"east": {"uv": [6.25, 2.375, 7.0625, 2.5], "texture": "#0"},
				"south": {"uv": [6.75, 5.375, 7.0625, 5.5], "texture": "#0"},
				"west": {"uv": [6.25, 2.5, 7.0625, 2.625], "texture": "#0"},
				"up": {"uv": [2.6875, 6.0625, 2.375, 5.25], "texture": "#0"},
				"down": {"uv": [3.0625, 5.25, 2.75, 6.0625], "texture": "#0"}
			}
		},
		{
			"from": [18.57212, 10.50843, 10.47347],
			"to": [22.37462, 11.28843, 11.24747],
			"rotation": {"angle": -45, "axis": "z", "origin": [19.30337, 10.89843, 8.01047]},
			"faces": {
				"north": {"uv": [1.125, 6.625, 1.625, 6.75], "texture": "#0"},
				"east": {"uv": [5.5, 6.875, 5.625, 7], "texture": "#0"},
				"south": {"uv": [6.625, 1.375, 7.125, 1.5], "texture": "#0"},
				"west": {"uv": [5.625, 6.875, 5.75, 7], "texture": "#0"},
				"up": {"uv": [7.125, 1.625, 6.625, 1.5], "texture": "#0"},
				"down": {"uv": [2.5, 6.625, 2, 6.75], "texture": "#0"}
			}
		},
		{
			"from": [18.57212, 10.98843, 5.47347],
			"to": [22.37462, 10.98843, 10.54747],
			"rotation": {"angle": -45, "axis": "z", "origin": [19.30337, 10.89843, 5.11047]},
			"faces": {
				"north": {"uv": [0, 0, 0.5, 0], "texture": "#0"},
				"east": {"uv": [0, 0, 0.625, 0], "texture": "#0"},
				"south": {"uv": [0, 0, 0.5, 0], "texture": "#0"},
				"west": {"uv": [0, 0, 0.625, 0], "texture": "#0"},
				"up": {"uv": [5, 4.375, 4.5, 3.75], "texture": "#0"},
				"down": {"uv": [5, 4.375, 4.5, 5], "texture": "#0"}
			}
		},
		{
			"from": [18.57212, 10.50843, 7.57347],
			"to": [22.37462, 11.28843, 8.34747],
			"rotation": {"angle": -45, "axis": "z", "origin": [19.30337, 10.89843, 5.11047]},
			"faces": {
				"north": {"uv": [6.625, 2.625, 7.125, 2.75], "texture": "#0"},
				"east": {"uv": [5.75, 6.875, 5.875, 7], "texture": "#0"},
				"south": {"uv": [2.75, 6.625, 3.25, 6.75], "texture": "#0"},
				"west": {"uv": [5.875, 6.875, 6, 7], "texture": "#0"},
				"up": {"uv": [7.125, 2.875, 6.625, 2.75], "texture": "#0"},
				"down": {"uv": [7.125, 2.875, 6.625, 3], "texture": "#0"}
			}
		},
		{
			"from": [18.57212, 10.50843, 4.77347],
			"to": [22.37462, 11.28843, 5.54747],
			"rotation": {"angle": -45, "axis": "z", "origin": [19.30337, 10.89843, 2.31047]},
			"faces": {
				"north": {"uv": [3.25, 6.625, 3.75, 6.75], "texture": "#0"},
				"east": {"uv": [6, 6.875, 6.125, 7], "texture": "#0"},
				"south": {"uv": [3.75, 6.625, 4.25, 6.75], "texture": "#0"},
				"west": {"uv": [6.375, 6.875, 6.5, 7], "texture": "#0"},
				"up": {"uv": [4.75, 6.75, 4.25, 6.625], "texture": "#0"},
				"down": {"uv": [5.5, 6.625, 5, 6.75], "texture": "#0"}
			}
		},
		{
			"from": [12.616, 6.12, 4.763],
			"to": [17.89207, 10.91128, 11.24747],
			"rotation": {"angle": 0, "axis": "y", "origin": [10.9301, 6.9, 10.01798]},
			"faces": {
				"north": {"uv": [3.25, 3.75, 3.9375, 4.375], "texture": "#0"},
				"east": {"uv": [1.25, 3.125, 2.0625, 3.75], "texture": "#0"},
				"south": {"uv": [3.875, 3.125, 4.5625, 3.75], "texture": "#0"},
				"west": {"uv": [2.125, 3.125, 2.9375, 3.75], "texture": "#0"},
				"up": {"uv": [3.6875, 3.0625, 3, 2.25], "texture": "#0"},
				"down": {"uv": [1.1875, 3.125, 0.5, 3.9375], "texture": "#0"}
			}
		},
		{
			"from": [-0.8, 6.12, 4.763],
			"to": [3.07207, 10.91128, 11.24747],
			"rotation": {"angle": 0, "axis": "y", "origin": [-3.8899, 6.9, 10.01798]},
			"faces": {
				"north": {"uv": [2, 4.625, 2.5, 5.25], "texture": "#0"},
				"east": {"uv": [3, 3.125, 3.8125, 3.75], "texture": "#0"},
				"south": {"uv": [2.5, 4.625, 3, 5.25], "texture": "#0"},
				"west": {"uv": [3.625, 0, 4.4375, 0.625], "texture": "#0"},
				"up": {"uv": [1, 4.8125, 0.5, 4], "texture": "#0"},
				"down": {"uv": [4.5, 3.75, 4, 4.5625], "texture": "#0"}
			}
		},
		{
			"from": [-7.00305, 7.30967, 6.73],
			"to": [-0.79098, 10.50095, 9.36],
			"rotation": {"angle": 22.5, "axis": "z", "origin": [-3.89701, 10.05531, 8.0157]},
			"faces": {
				"north": {"uv": [4.25, 0.625, 5, 1.0625], "texture": "#0"},
				"east": {"uv": [5.75, 5.5, 6.0625, 5.9375], "texture": "#0"},
				"south": {"uv": [4.25, 1.125, 5, 1.5625], "texture": "#0"},
				"west": {"uv": [3.625, 5.875, 3.9375, 6.3125], "texture": "#0"},
				"up": {"uv": [2, 5.6875, 1.25, 5.375], "texture": "#0"},
				"down": {"uv": [6.125, 4.625, 5.375, 4.9375], "texture": "#0"}
			}
		},
		{
			"from": [-8.49715, 8.38712, 6.73347],
			"to": [-6.62515, 9.2784, 9.35393],
			"rotation": {"angle": 0, "axis": "z", "origin": [-3.83112, 8.83276, 8.0157]},
			"faces": {
				"north": {"uv": [1, 4.75, 1.25, 4.875], "texture": "#0"},
				"east": {"uv": [5.75, 6.75, 6.0625, 6.875], "texture": "#0"},
				"south": {"uv": [4.75, 5.375, 5, 5.5], "texture": "#0"},
				"west": {"uv": [6.75, 6, 7.0625, 6.125], "texture": "#0"},
				"up": {"uv": [3.25, 4.9375, 3, 4.625], "texture": "#0"},
				"down": {"uv": [5, 5, 4.75, 5.3125], "texture": "#0"}
			}
		},
		{
			"from": [-8.40705, 6.02167, 6.73347],
			"to": [-0.79098, 8.41295, 9.35393],
			"rotation": {"angle": 0, "axis": "z", "origin": [-3.89701, 6.46731, 8.0157]},
			"faces": {
				"north": {"uv": [4.75, 2.25, 5.6875, 2.5625], "texture": "#0"},
				"east": {"uv": [6.25, 2.625, 6.5625, 2.9375], "texture": "#0"},
				"south": {"uv": [4.75, 2.625, 5.6875, 2.9375], "texture": "#0"},
				"west": {"uv": [2.75, 6.25, 3.0625, 6.5625], "texture": "#0"},
				"up": {"uv": [5.9375, 0.9375, 5, 0.625], "texture": "#0"},
				"down": {"uv": [5.9375, 1, 5, 1.3125], "texture": "#0"}
			}
		},
		{
			"from": [-10.74705, 6.02167, 6.33347],
			"to": [-8.43498, 9.25295, 9.85393],
			"rotation": {"angle": 0, "axis": "z", "origin": [-11.54101, 7.24731, 8.0157]},
			"faces": {
				"north": {"uv": [5, 6, 5.3125, 6.375], "texture": "#0"},
				"east": {"uv": [5.5, 3.125, 5.9375, 3.5], "texture": "#0"},
				"south": {"uv": [5.375, 6, 5.6875, 6.375], "texture": "#0"},
				"west": {"uv": [3.125, 5.75, 3.5625, 6.125], "texture": "#0"},
				"up": {"uv": [4.3125, 6.3125, 4, 5.875], "texture": "#0"},
				"down": {"uv": [4.6875, 5.875, 4.375, 6.3125], "texture": "#0"}
			}
		},
		{
			"from": [-10.64705, 7.11367, 1.65347],
			"to": [-8.43498, 7.69295, 14.14393],
			"rotation": {"angle": 0, "axis": "z", "origin": [-9.59101, 7.40331, 4.7787]},
			"faces": {
				"north": {"uv": [6.875, 3.375, 7.1875, 3.4375], "texture": "#0"},
				"east": {"uv": [6.25, 5, 7.8125, 5.0625], "texture": "#0"},
				"south": {"uv": [3.5, 6.875, 3.8125, 6.9375], "texture": "#0"},
				"west": {"uv": [6.25, 5.125, 7.8125, 5.1875], "texture": "#0"},
				"up": {"uv": [1.5625, 5.3125, 1.25, 3.75], "texture": "#0"},
				"down": {"uv": [1.9375, 3.75, 1.625, 5.3125], "texture": "#0"}
			}
		},
		{
			"from": [-11.29305, 6.61808, 7.60906],
			"to": [-8.20098, 13.72654, 8.18834],
			"rotation": {"angle": 22.5, "axis": "z", "origin": [-9.74701, 9.39231, 7.8987]},
			"faces": {
				"north": {"uv": [4.375, 2.25, 4.75, 3.125], "texture": "#0"},
				"east": {"uv": [1.625, 6.375, 1.6875, 7.25], "texture": "#0"},
				"south": {"uv": [3.25, 4.375, 3.625, 5.25], "texture": "#0"},
				"west": {"uv": [1.75, 6.375, 1.8125, 7.25], "texture": "#0"},
				"up": {"uv": [3.125, 6.9375, 2.75, 6.875], "texture": "#0"},
				"down": {"uv": [3.5, 6.875, 3.125, 6.9375], "texture": "#0"}
			}
		},
		{
			"from": [20.0951, 6.12, 5.51402],
			"to": [23.9951, 7.992, 7.07402],
			"rotation": {"angle": -22.5, "axis": "y", "origin": [22.2401, 6.9, 6.29402]},
			"faces": {
				"north": {"uv": [5.75, 6.25, 6.25, 6.4375], "texture": "#0"},
				"east": {"uv": [0.75, 6.75, 0.9375, 6.9375], "texture": "#0"},
				"south": {"uv": [6.25, 6, 6.75, 6.1875], "texture": "#0"},
				"west": {"uv": [6.125, 6.75, 6.3125, 6.9375], "texture": "#0"},
				"up": {"uv": [6.75, 6.4375, 6.25, 6.25], "texture": "#0"},
				"down": {"uv": [1, 6.375, 0.5, 6.5625], "texture": "#0"}
			}
		}
	],
	"gui_light": "front",
	"display": {
		"ground": {
			"translation": [0, 2.25, 0]
		},
		"gui": {
			"rotation": [34, -63, 0],
			"translation": [-0.25, -1.75, 0],
			"scale": [0.5, 0.5, 0.5]
		}
	}
}