{
	"credit": "Made with Blockbench",
	"textures": {
		"1": "shiver:item/part_plate_iron",
		"particle": "shiver:item/part_plate_iron"
	},
	"elements": [
		{
			"name": "part_plate_iron_0",
			"from": [3, 3, 8],
			"to": [15, 15, 9],
			"rotation": {"angle": 0, "axis": "y", "origin": [0, 0, 8]},
			"faces": {
				"north": {"uv": [15, 1, 3, 13], "texture": "#1"},
				"east": {"uv": [14, 1, 15, 13], "texture": "#1"},
				"south": {"uv": [3, 1, 15, 13], "texture": "#1"},
				"west": {"uv": [3, 1, 4, 13], "texture": "#1"},
				"up": {"uv": [3, 1, 15, 2], "texture": "#1"},
				"down": {"uv": [3, 12, 15, 13], "texture": "#1"}
			}
		},
		{
			"name": "part_plate_iron_1",
			"from": [2, 1, 8],
			"to": [3, 14, 9],
			"rotation": {"angle": 0, "axis": "y", "origin": [0, 0, 8]},
			"faces": {
				"north": {"uv": [3, 2, 2, 15], "texture": "#1"},
				"east": {"uv": [2, 2, 3, 15], "texture": "#1"},
				"south": {"uv": [2, 2, 3, 15], "texture": "#1"},
				"west": {"uv": [2, 2, 3, 15], "texture": "#1"},
				"up": {"uv": [2, 2, 3, 3], "texture": "#1"},
				"down": {"uv": [2, 14, 3, 15], "texture": "#1"}
			}
		},
		{
			"name": "part_plate_iron_2",
			"from": [1, 1, 8],
			"to": [2, 13, 9],
			"rotation": {"angle": 0, "axis": "y", "origin": [0, 0, 8]},
			"faces": {
				"north": {"uv": [2, 3, 1, 15], "texture": "#1"},
				"east": {"uv": [1, 3, 2, 15], "texture": "#1"},
				"south": {"uv": [1, 3, 2, 15], "texture": "#1"},
				"west": {"uv": [1, 3, 2, 15], "texture": "#1"},
				"up": {"uv": [1, 3, 2, 4], "texture": "#1"},
				"down": {"uv": [1, 14, 2, 15], "texture": "#1"}
			}
		},
		{
			"name": "part_plate_iron_3",
			"from": [3, 1, 8],
			"to": [13, 3, 9],
			"rotation": {"angle": 0, "axis": "y", "origin": [0, 0, 8]},
			"faces": {
				"north": {"uv": [13, 13, 3, 15], "texture": "#1"},
				"east": {"uv": [12, 13, 13, 15], "texture": "#1"},
				"south": {"uv": [3, 13, 13, 15], "texture": "#1"},
				"west": {"uv": [3, 13, 4, 15], "texture": "#1"},
				"up": {"uv": [3, 13, 13, 14], "texture": "#1"},
				"down": {"uv": [3, 14, 13, 15], "texture": "#1"}
			}
		},
		{
			"name": "part_plate_iron_4",
			"from": [13, 2, 8],
			"to": [14, 3, 9],
			"rotation": {"angle": 0, "axis": "y", "origin": [0, 0, 8]},
			"faces": {
				"north": {"uv": [14, 13, 13, 14], "texture": "#1"},
				"east": {"uv": [13, 13, 14, 14], "texture": "#1"},
				"south": {"uv": [13, 13, 14, 14], "texture": "#1"},
				"west": {"uv": [13, 13, 14, 14], "texture": "#1"},
				"up": {"uv": [13, 13, 14, 14], "texture": "#1"},
				"down": {"uv": [13, 13, 14, 14], "texture": "#1"}
			}
		}
	],
	"gui_light": "front",
	"display": {
		"thirdperson_righthand": {
			"translation": [0.75, 4.5, 1.5],
			"scale": [0.75, 0.75, 0.5]
		},
		"firstperson_righthand": {
			"rotation": [0, -75, 0],
			"translation": [5.25, 1, -5.75],
			"scale": [0.8, 0.8, 0.8]
		},
		"ground": {
			"translation": [0, 3.5, 0],
			"scale": [0.6, 0.6, 0.4]
		}
	},
	"groups": [
		{
			"name": "part_plate_iron",
			"origin": [8, 8, 8],
			"color": 0,
			"children": [0, 1, 2, 3, 4]
		}
	]
}