{
	"credit": "Made by Falanta Fantomo with Blockbench",
	"textures": {
		"0": "shiver:item/small_heal",
		"particle": "shiver:item/small_heal"
	},
	"elements": [
		{
			"from": [6.5, 5, 6.5],
			"to": [9.5, 10, 9.5],
			"rotation": {"angle": 0, "axis": "y", "origin": [8, 9, 8]},
			"faces": {
				"north": {"uv": [0, 0, 3, 5], "texture": "#0"},
				"east": {"uv": [6, 0, 3, 5], "texture": "#0"},
				"south": {"uv": [0, 0, 3, 5], "texture": "#0"},
				"west": {"uv": [3, 0, 6, 5], "texture": "#0"},
				"up": {"uv": [6, 0, 9, 3], "texture": "#0"},
				"down": {"uv": [9, 0, 12, 3], "texture": "#0"}
			}
		},
		{
			"from": [7, 10, 7],
			"to": [9, 11, 9],
			"rotation": {"angle": 0, "axis": "y", "origin": [8, 9, 8]},
			"faces": {
				"north": {"uv": [8, 3, 6, 4], "texture": "#0"},
				"east": {"uv": [7, 3, 8, 5], "rotation": 90, "texture": "#0"},
				"south": {"uv": [6, 4, 8, 5], "texture": "#0"},
				"west": {"uv": [6, 5, 7, 3], "rotation": 90, "texture": "#0"},
				"up": {"uv": [6, 3, 8, 5], "texture": "#0"}
			}
		}
	],
	"gui_light": "front",
	"display": {
		"firstperson_righthand": {
			"rotation": [0, -23, 0],
			"translation": [2.25, 0, -1.5]
		},
		"gui": {
			"rotation": [18, 35, 0],
			"scale": [1.5, 1.5, 1.5]
		}
	}
}