{
	"credit": "Made by Falanta Fantomo with Blockbench",
	"texture_size": [64, 64],
	"textures": {
		"main": "shiver:item/props/props_junk/hl2_bicycle_fixed",
		"particle": "shiver:item/props/props_junk/hl2_bicycle_tint",
		"tint": "shiver:item/props/props_junk/hl2_bicycle_tint"
	},
	"elements": [
		{
			"from": [6, 4.5, 7.25],
			"to": [8, 6.5, 8.75],
			"rotation": {"angle": 0, "axis": "y", "origin": [8, 11.88947, 8]},
			"faces": {
				"east": {"uv": [10.5, 15.5, 10.75, 16], "texture": "#main"},
				"west": {"uv": [10.75, 15.5, 11, 16], "texture": "#main"},
				"up": {"uv": [10.5, 15.5, 11, 15.75], "rotation": 180, "texture": "#main"},
				"down": {"uv": [11, 15.75, 10.5, 16], "texture": "#main"}
			}
		},
		{
			"from": [15.60021, 10.20073, 7.5],
			"to": [16.60021, 17.20073, 8.5],
			"rotation": {"angle": 22.5, "axis": "z", "origin": [8, 11.88947, 8]},
			"faces": {
				"north": {"uv": [5.25, 15, 7, 15.25], "rotation": 90, "texture": "#main"},
				"east": {"uv": [5.25, 15, 7, 15.25], "rotation": 90, "texture": "#main"},
				"south": {"uv": [5.25, 15, 7, 15.25], "rotation": 90, "texture": "#main"},
				"west": {"uv": [5.25, 15, 7, 15.25], "rotation": 90, "texture": "#main"},
				"down": {"uv": [6.75, 15, 7, 15.25], "rotation": 270, "texture": "#main"}
			}
		},
		{
			"from": [16.10021, 2.20073, 6.5],
			"to": [16.10021, 11.20073, 9.5],
			"rotation": {"angle": 22.5, "axis": "z", "origin": [8, 11.88947, 8]},
			"faces": {
				"east": {"uv": [4.75, 16, 7, 15.25], "rotation": 90, "texture": "#main"},
				"west": {"uv": [4.75, 15.25, 7, 16], "rotation": 90, "texture": "#main"}
			}
		},
		{
			"from": [15.60021, 17.20073, 2.5],
			"to": [18.60021, 17.20073, 13.5],
			"rotation": {"angle": 22.5, "axis": "z", "origin": [8, 11.88947, 8]},
			"faces": {
				"up": {"uv": [0, 13.25, 0.75, 16], "rotation": 180, "texture": "#main"},
				"down": {"uv": [0.75, 13.25, 0, 16], "texture": "#main"}
			}
		},
		{
			"from": [-0.60021, 10.20073, 7.5],
			"to": [0.39979, 14.20073, 8.5],
			"rotation": {"angle": -22.5, "axis": "z", "origin": [8, 11.88947, 8]},
			"faces": {
				"north": {"uv": [10, 14, 11, 14.25], "rotation": 90, "texture": "#main"},
				"east": {"uv": [10, 14, 11, 14.25], "rotation": 90, "texture": "#main"},
				"south": {"uv": [10, 14, 11, 14.25], "rotation": 90, "texture": "#main"},
				"west": {"uv": [10, 14, 11, 14.25], "rotation": 90, "texture": "#main"},
				"down": {"uv": [10.75, 14, 11, 14.25], "rotation": 270, "texture": "#main"}
			}
		},
		{
			"from": [-0.10021, 2.20073, 6.5],
			"to": [-0.10021, 11.20073, 9.5],
			"rotation": {"angle": -22.5, "axis": "z", "origin": [8, 11.88947, 8]},
			"faces": {
				"east": {"uv": [7, 16, 9.25, 15.25], "rotation": 90, "texture": "#main"},
				"west": {"uv": [7, 15.25, 9.25, 16], "rotation": 90, "texture": "#main"}
			}
		},
		{
			"from": [4.5, 3, 7.25],
			"to": [9.5, 8, 7.25],
			"rotation": {"angle": 0, "axis": "y", "origin": [8, 11.88947, 8]},
			"faces": {
				"north": {"uv": [9.25, 14.75, 10.5, 16], "texture": "#main"},
				"south": {"uv": [10.5, 14.75, 9.25, 16], "texture": "#main"}
			}
		},
		{
			"from": [4.5, 6, 4],
			"to": [9.5, 1, 7],
			"rotation": {"angle": 0, "axis": "y", "origin": [8, 11.88947, 8]},
			"faces": {
				"south": {"uv": [9.75, 12.75, 11, 14], "texture": "#main"},
				"up": {"uv": [9.75, 12, 11, 12.75], "rotation": 180, "texture": "#main"}
			}
		},
		{
			"from": [4.5, 1, 4],
			"to": [9.5, 6, 7],
			"rotation": {"angle": 0, "axis": "y", "origin": [8, 11.88947, 8]},
			"faces": {
				"south": {"uv": [9.75, 14, 11, 12.75], "texture": "#main"},
				"down": {"uv": [11, 12, 9.75, 12.75], "texture": "#main"}
			}
		},
		{
			"from": [4.5, 10, 9],
			"to": [9.5, 5, 12],
			"rotation": {"angle": 0, "axis": "y", "origin": [8, 11.88947, 8]},
			"faces": {
				"north": {"uv": [9.75, 12.75, 11, 14], "rotation": 180, "texture": "#main"},
				"down": {"uv": [9.75, 12, 11, 12.75], "rotation": 180, "texture": "#main"}
			}
		},
		{
			"from": [4.5, 5, 9],
			"to": [9.5, 10, 12],
			"rotation": {"angle": 0, "axis": "y", "origin": [8, 11.88947, 8]},
			"faces": {
				"north": {"uv": [9.75, 14, 11, 12.75], "rotation": 180, "texture": "#main"},
				"up": {"uv": [11, 12, 9.75, 12.75], "texture": "#main"}
			}
		},
		{
			"from": [4.5, 3, 8.75],
			"to": [9.5, 8, 8.75],
			"rotation": {"angle": 0, "axis": "y", "origin": [8, 11.88947, 8]},
			"faces": {
				"north": {"uv": [9.25, 14.75, 10.5, 16], "texture": "#main"},
				"south": {"uv": [10.5, 14.75, 9.25, 16], "texture": "#main"}
			}
		},
		{
			"from": [11.31093, 6.16433, 7.51],
			"to": [12.31093, 19.16433, 8.49],
			"rotation": {"angle": -45, "axis": "z", "origin": [8, 11.88947, 8]},
			"faces": {
				"north": {"uv": [7.75, 14.5, 11, 14.75], "rotation": 90, "texture": "#main"},
				"east": {"uv": [7.75, 14.5, 11, 14.75], "rotation": 90, "texture": "#main"},
				"south": {"uv": [7.75, 14.5, 11, 14.75], "rotation": 90, "texture": "#main"},
				"west": {"uv": [7.75, 14.5, 11, 14.75], "rotation": 90, "texture": "#main"}
			}
		},
		{
			"from": [4.13098, 5.86905, 7.5],
			"to": [5.13098, 18.86905, 8.5],
			"rotation": {"angle": 22.5, "axis": "z", "origin": [8, 11.88947, 8]},
			"faces": {
				"north": {"uv": [7.75, 14.25, 11, 14.5], "rotation": 90, "texture": "#main"},
				"east": {"uv": [7.75, 14.25, 11, 14.5], "rotation": 90, "texture": "#main"},
				"south": {"uv": [7.75, 14.25, 11, 14.5], "rotation": 90, "texture": "#main"},
				"west": {"uv": [7.75, 14.25, 11, 14.5], "rotation": 90, "texture": "#main"}
			}
		},
		{
			"from": [-2, 5.5, 7.49],
			"to": [7, 6.5, 7.49],
			"rotation": {"angle": 0, "axis": "y", "origin": [8, 11.88947, 8]},
			"faces": {
				"north": {"uv": [7, 15, 9.25, 15.25], "texture": "#main"},
				"south": {"uv": [9.25, 15, 7, 15.25], "texture": "#main"}
			}
		},
		{
			"from": [-2, 5.5, 8.51],
			"to": [7, 6.5, 8.51],
			"rotation": {"angle": 0, "axis": "y", "origin": [8, 11.88947, 8]},
			"faces": {
				"north": {"uv": [7, 15, 9.25, 15.25], "texture": "#main"},
				"south": {"uv": [9.25, 15, 7, 15.25], "texture": "#main"}
			}
		},
		{
			"from": [1.4, 16, 7.51],
			"to": [14.6, 17, 8.49],
			"rotation": {"angle": 0, "axis": "y", "origin": [8, 11.88947, 8]},
			"faces": {
				"north": {"uv": [6, 14.75, 9.25, 15], "texture": "#main"},
				"south": {"uv": [9.25, 14.75, 6, 15], "texture": "#main"},
				"up": {"uv": [9.25, 14.75, 6, 15], "rotation": 180, "texture": "#main"},
				"down": {"uv": [9.25, 14.75, 6, 15], "texture": "#main"}
			}
		},
		{
			"from": [-0.4, 17, 6.5],
			"to": [6.6, 18, 9.5],
			"rotation": {"angle": 0, "axis": "y", "origin": [8, 11.88947, 8]},
			"faces": {
				"north": {"uv": [3, 15.75, 4.75, 16], "texture": "#main"},
				"east": {"uv": [3, 16, 3.25, 15.25], "rotation": 90, "texture": "#main"},
				"south": {"uv": [4.75, 15.25, 3, 15.5], "texture": "#main"},
				"west": {"uv": [4.5, 15.25, 4.75, 16], "rotation": 90, "texture": "#main"},
				"up": {"uv": [3, 15.25, 4.75, 16], "rotation": 180, "texture": "#main"},
				"down": {"uv": [1.25, 15.25, 3, 16], "texture": "#main"}
			}
		},
		{
			"from": [16.3, 0, 7.5],
			"to": [21.7, 13, 8.5],
			"rotation": {"angle": 0, "axis": "y", "origin": [8, 11.88947, 8]},
			"faces": {
				"north": {"uv": [14.75, 12.75, 16, 16], "texture": "#main"},
				"south": {"uv": [16, 12.75, 14.75, 16], "texture": "#main"},
				"up": {"uv": [14.75, 12.75, 16, 13], "rotation": 180, "texture": "#main"},
				"down": {"uv": [16, 15.75, 14.75, 16], "texture": "#main"}
			}
		},
		{
			"from": [12.5, 0, 8],
			"to": [25.5, 13, 8],
			"rotation": {"angle": 0, "axis": "y", "origin": [8, 11.88947, 8]},
			"faces": {
				"north": {"uv": [12.75, 9.5, 16, 12.75], "texture": "#main"},
				"south": {"uv": [16, 9.5, 12.75, 12.75], "texture": "#main"}
			}
		},
		{
			"from": [16.3, 13, 7.5],
			"to": [21.7, 0, 8.5],
			"rotation": {"angle": 0, "axis": "y", "origin": [8, 11.88947, 8]},
			"faces": {
				"north": {"uv": [14.75, 16, 16, 12.75], "texture": "#main"},
				"south": {"uv": [16, 16, 14.75, 12.75], "texture": "#main"},
				"up": {"uv": [14.75, 15.75, 16, 16], "rotation": 180, "texture": "#main"},
				"down": {"uv": [16, 12.75, 14.75, 13], "texture": "#main"}
			}
		},
		{
			"from": [25.5, 3.8, 7.5],
			"to": [12.5, 9.2, 8.5],
			"rotation": {"angle": 0, "axis": "y", "origin": [8, 11.88947, 8]},
			"faces": {
				"north": {"uv": [11, 16, 12.25, 12.75], "rotation": 270, "texture": "#main"},
				"east": {"uv": [11, 15.75, 12.25, 16], "rotation": 270, "texture": "#main"},
				"south": {"uv": [12.25, 16, 11, 12.75], "rotation": 90, "texture": "#main"},
				"west": {"uv": [12.25, 12.75, 11, 13], "rotation": 90, "texture": "#main"}
			}
		},
		{
			"from": [16.8891, 22.35671, 7.5],
			"to": [22.2891, 9.35671, 8.5],
			"rotation": {"angle": -45, "axis": "z", "origin": [8, 11.88947, 8]},
			"faces": {
				"north": {"uv": [13.5, 16, 14.75, 12.75], "texture": "#main"},
				"south": {"uv": [14.75, 16, 13.5, 12.75], "texture": "#main"},
				"up": {"uv": [13.5, 15.75, 14.75, 16], "rotation": 180, "texture": "#main"},
				"down": {"uv": [14.75, 12.75, 13.5, 13], "texture": "#main"}
			}
		},
		{
			"from": [9.26724, 6.80036, 7.5],
			"to": [14.66724, -6.19964, 8.5],
			"rotation": {"angle": 45, "axis": "z", "origin": [8, 11.88947, 8]},
			"faces": {
				"north": {"uv": [12.25, 16, 13.5, 12.75], "texture": "#main"},
				"south": {"uv": [13.5, 16, 12.25, 12.75], "texture": "#main"},
				"up": {"uv": [12.25, 15.75, 13.5, 16], "rotation": 180, "texture": "#main"},
				"down": {"uv": [13.5, 12.75, 12.25, 13], "texture": "#main"}
			}
		},
		{
			"from": [18, 5.5, 7.5],
			"to": [20, 7.5, 8.5],
			"rotation": {"angle": 0, "axis": "y", "origin": [8, 11.88947, 8]},
			"faces": {
				"north": {"uv": [10.5, 15.5, 11, 16], "texture": "#main"},
				"east": {"uv": [10.5, 15.5, 10.75, 16], "texture": "#main"},
				"south": {"uv": [11, 15.5, 10.5, 16], "texture": "#main"},
				"west": {"uv": [10.75, 15.5, 11, 16], "texture": "#main"},
				"up": {"uv": [10.5, 15.5, 11, 15.75], "rotation": 180, "texture": "#main"},
				"down": {"uv": [11, 15.75, 10.5, 16], "texture": "#main"}
			}
		},
		{
			"from": [12.5, 3.8, 7.5],
			"to": [25.5, 9.2, 8.5],
			"rotation": {"angle": 0, "axis": "y", "origin": [8, 11.88947, 8]},
			"faces": {
				"north": {"uv": [11, 12.75, 12.25, 16], "rotation": 270, "texture": "#main"},
				"east": {"uv": [11, 12.75, 12.25, 13], "rotation": 270, "texture": "#main"},
				"south": {"uv": [12.25, 12.75, 11, 16], "rotation": 90, "texture": "#main"},
				"west": {"uv": [12.25, 15.75, 11, 16], "rotation": 90, "texture": "#main"}
			}
		},
		{
			"from": [5.46724, -2.39964, 7.5],
			"to": [18.46724, 3.00036, 8.5],
			"rotation": {"angle": 45, "axis": "z", "origin": [8, 11.88947, 8]},
			"faces": {
				"north": {"uv": [13.5, 12.75, 14.75, 16], "rotation": 270, "texture": "#main"},
				"east": {"uv": [13.5, 12.75, 14.75, 13], "rotation": 270, "texture": "#main"},
				"south": {"uv": [13.5, 16, 14.75, 12.75], "rotation": 270, "texture": "#main"},
				"west": {"uv": [14.75, 15.75, 13.5, 16], "rotation": 90, "texture": "#main"}
			}
		},
		{
			"from": [9.26724, -6.19964, 7.5],
			"to": [14.66724, 6.80036, 8.5],
			"rotation": {"angle": 45, "axis": "z", "origin": [8, 11.88947, 8]},
			"faces": {
				"north": {"uv": [12.25, 12.75, 13.5, 16], "texture": "#main"},
				"south": {"uv": [12.25, 16, 13.5, 12.75], "rotation": 180, "texture": "#main"},
				"up": {"uv": [12.25, 12.75, 13.5, 13], "rotation": 180, "texture": "#main"},
				"down": {"uv": [13.5, 15.75, 12.25, 16], "texture": "#main"}
			}
		},
		{
			"from": [-5.7, 0, 7.5],
			"to": [-0.3, 13, 8.5],
			"rotation": {"angle": 0, "axis": "y", "origin": [8, 11.88947, 8]},
			"faces": {
				"north": {"uv": [14.75, 12.75, 16, 16], "texture": "#main"},
				"south": {"uv": [16, 12.75, 14.75, 16], "texture": "#main"},
				"up": {"uv": [14.75, 12.75, 16, 13], "rotation": 180, "texture": "#main"},
				"down": {"uv": [16, 15.75, 14.75, 16], "texture": "#main"}
			}
		},
		{
			"from": [-9.5, 0, 8],
			"to": [3.5, 13, 8],
			"rotation": {"angle": 0, "axis": "y", "origin": [8, 11.88947, 8]},
			"faces": {
				"north": {"uv": [12.75, 9.5, 16, 12.75], "texture": "#main"},
				"south": {"uv": [16, 9.5, 12.75, 12.75], "texture": "#main"}
			}
		},
		{
			"from": [-5.7, 13, 7.5],
			"to": [-0.3, 0, 8.5],
			"rotation": {"angle": 0, "axis": "y", "origin": [8, 11.88947, 8]},
			"faces": {
				"north": {"uv": [14.75, 16, 16, 12.75], "texture": "#main"},
				"south": {"uv": [16, 16, 14.75, 12.75], "texture": "#main"},
				"up": {"uv": [14.75, 15.75, 16, 16], "rotation": 180, "texture": "#main"},
				"down": {"uv": [16, 12.75, 14.75, 13], "texture": "#main"}
			}
		},
		{
			"from": [3.5, 3.8, 7.5],
			"to": [-9.5, 9.2, 8.5],
			"rotation": {"angle": 0, "axis": "y", "origin": [8, 11.88947, 8]},
			"faces": {
				"north": {"uv": [11, 16, 12.25, 12.75], "rotation": 270, "texture": "#main"},
				"east": {"uv": [11, 15.75, 12.25, 16], "rotation": 270, "texture": "#main"},
				"south": {"uv": [12.25, 16, 11, 12.75], "rotation": 90, "texture": "#main"},
				"west": {"uv": [12.25, 12.75, 11, 13], "rotation": 90, "texture": "#main"}
			}
		},
		{
			"from": [1.33276, 6.80036, 7.5],
			"to": [6.73276, -6.19964, 8.5],
			"rotation": {"angle": -45, "axis": "z", "origin": [8, 11.88947, 8]},
			"faces": {
				"north": {"uv": [13.5, 16, 14.75, 12.75], "texture": "#main"},
				"south": {"uv": [14.75, 16, 13.5, 12.75], "texture": "#main"},
				"up": {"uv": [13.5, 15.75, 14.75, 16], "rotation": 180, "texture": "#main"},
				"down": {"uv": [14.75, 12.75, 13.5, 13], "texture": "#main"}
			}
		},
		{
			"from": [-6.2891, 22.35671, 7.5],
			"to": [-0.8891, 9.35671, 8.5],
			"rotation": {"angle": 45, "axis": "z", "origin": [8, 11.88947, 8]},
			"faces": {
				"north": {"uv": [12.25, 16, 13.5, 12.75], "texture": "#main"},
				"south": {"uv": [13.5, 16, 12.25, 12.75], "texture": "#main"},
				"up": {"uv": [12.25, 15.75, 13.5, 16], "rotation": 180, "texture": "#main"},
				"down": {"uv": [13.5, 12.75, 12.25, 13], "texture": "#main"}
			}
		},
		{
			"from": [-4, 5.5, 7.5],
			"to": [-2, 7.5, 8.5],
			"rotation": {"angle": 0, "axis": "y", "origin": [8, 11.88947, 8]},
			"faces": {
				"north": {"uv": [10.5, 15.5, 11, 16], "texture": "#main"},
				"east": {"uv": [10.5, 15.5, 10.75, 16], "texture": "#main"},
				"south": {"uv": [11, 15.5, 10.5, 16], "texture": "#main"},
				"west": {"uv": [10.75, 15.5, 11, 16], "texture": "#main"},
				"up": {"uv": [10.5, 15.5, 11, 15.75], "rotation": 180, "texture": "#main"},
				"down": {"uv": [11, 15.75, 10.5, 16], "texture": "#main"}
			}
		},
		{
			"from": [-9.5, 3.8, 7.5],
			"to": [3.5, 9.2, 8.5],
			"rotation": {"angle": 0, "axis": "y", "origin": [8, 11.88947, 8]},
			"faces": {
				"north": {"uv": [11, 12.75, 12.25, 16], "rotation": 270, "texture": "#main"},
				"east": {"uv": [11, 12.75, 12.25, 13], "rotation": 270, "texture": "#main"},
				"south": {"uv": [12.25, 12.75, 11, 16], "rotation": 90, "texture": "#main"},
				"west": {"uv": [12.25, 15.75, 11, 16], "rotation": 90, "texture": "#main"}
			}
		},
		{
			"from": [-10.0891, 13.15671, 7.5],
			"to": [2.9109, 18.55671, 8.5],
			"rotation": {"angle": 45, "axis": "z", "origin": [8, 11.88947, 8]},
			"faces": {
				"north": {"uv": [13.5, 12.75, 14.75, 16], "rotation": 270, "texture": "#main"},
				"east": {"uv": [13.5, 12.75, 14.75, 13], "rotation": 270, "texture": "#main"},
				"south": {"uv": [13.5, 16, 14.75, 12.75], "rotation": 270, "texture": "#main"},
				"west": {"uv": [14.75, 15.75, 13.5, 16], "rotation": 90, "texture": "#main"}
			}
		},
		{
			"from": [-6.2891, 9.35671, 7.5],
			"to": [-0.8891, 22.35671, 8.5],
			"rotation": {"angle": 45, "axis": "z", "origin": [8, 11.88947, 8]},
			"faces": {
				"north": {"uv": [12.25, 12.75, 13.5, 16], "texture": "#main"},
				"south": {"uv": [12.25, 16, 13.5, 12.75], "rotation": 180, "texture": "#main"},
				"up": {"uv": [12.25, 12.75, 13.5, 13], "rotation": 180, "texture": "#main"},
				"down": {"uv": [13.5, 15.75, 12.25, 16], "texture": "#main"}
			}
		},
		{
			"from": [6, 4.5, 7.25],
			"to": [8, 6.5, 8.75],
			"rotation": {"angle": 0, "axis": "y", "origin": [8, 11.88947, 8]},
			"faces": {
				"east": {"uv": [10.5, 15.5, 10.75, 16], "texture": "#tint", "tintindex": 0},
				"west": {"uv": [10.75, 15.5, 11, 16], "texture": "#tint", "tintindex": 0},
				"up": {"uv": [10.5, 15.5, 11, 15.75], "rotation": 180, "texture": "#tint", "tintindex": 0},
				"down": {"uv": [11, 15.75, 10.5, 16], "texture": "#tint", "tintindex": 0}
			}
		},
		{
			"from": [15.60021, 10.20073, 7.5],
			"to": [16.60021, 17.20073, 8.5],
			"rotation": {"angle": 22.5, "axis": "z", "origin": [8, 11.88947, 8]},
			"faces": {
				"north": {"uv": [5.25, 15, 7, 15.25], "rotation": 90, "texture": "#tint", "tintindex": 0},
				"east": {"uv": [5.25, 15, 7, 15.25], "rotation": 90, "texture": "#tint", "tintindex": 0},
				"south": {"uv": [5.25, 15, 7, 15.25], "rotation": 90, "texture": "#tint", "tintindex": 0},
				"west": {"uv": [5.25, 15, 7, 15.25], "rotation": 90, "texture": "#tint", "tintindex": 0},
				"down": {"uv": [6.75, 15, 7, 15.25], "rotation": 270, "texture": "#tint", "tintindex": 0}
			}
		},
		{
			"from": [16.10021, 2.20073, 6.5],
			"to": [16.10021, 11.20073, 9.5],
			"rotation": {"angle": 22.5, "axis": "z", "origin": [8, 11.88947, 8]},
			"faces": {
				"east": {"uv": [4.75, 16, 7, 15.25], "rotation": 90, "texture": "#tint", "tintindex": 0},
				"west": {"uv": [4.75, 15.25, 7, 16], "rotation": 90, "texture": "#tint", "tintindex": 0}
			}
		},
		{
			"from": [15.60021, 17.20073, 2.5],
			"to": [18.60021, 17.20073, 13.5],
			"rotation": {"angle": 22.5, "axis": "z", "origin": [8, 11.88947, 8]},
			"faces": {
				"up": {"uv": [0, 13.25, 0.75, 16], "rotation": 180, "texture": "#tint", "tintindex": 0},
				"down": {"uv": [0.75, 13.25, 0, 16], "texture": "#tint", "tintindex": 0}
			}
		},
		{
			"from": [-0.60021, 10.20073, 7.5],
			"to": [0.39979, 14.20073, 8.5],
			"rotation": {"angle": -22.5, "axis": "z", "origin": [8, 11.88947, 8]},
			"faces": {
				"north": {"uv": [10, 14, 11, 14.25], "rotation": 90, "texture": "#tint", "tintindex": 0},
				"east": {"uv": [10, 14, 11, 14.25], "rotation": 90, "texture": "#tint", "tintindex": 0},
				"south": {"uv": [10, 14, 11, 14.25], "rotation": 90, "texture": "#tint", "tintindex": 0},
				"west": {"uv": [10, 14, 11, 14.25], "rotation": 90, "texture": "#tint", "tintindex": 0},
				"down": {"uv": [10.75, 14, 11, 14.25], "rotation": 270, "texture": "#tint", "tintindex": 0}
			}
		},
		{
			"from": [-0.10021, 2.20073, 6.5],
			"to": [-0.10021, 11.20073, 9.5],
			"rotation": {"angle": -22.5, "axis": "z", "origin": [8, 11.88947, 8]},
			"faces": {
				"east": {"uv": [7, 16, 9.25, 15.25], "rotation": 90, "texture": "#tint", "tintindex": 0},
				"west": {"uv": [7, 15.25, 9.25, 16], "rotation": 90, "texture": "#tint", "tintindex": 0}
			}
		},
		{
			"from": [4.5, 3, 7.25],
			"to": [9.5, 8, 7.25],
			"rotation": {"angle": 0, "axis": "y", "origin": [8, 11.88947, 8]},
			"faces": {
				"north": {"uv": [9.25, 14.75, 10.5, 16], "texture": "#tint", "tintindex": 0},
				"south": {"uv": [10.5, 14.75, 9.25, 16], "texture": "#tint", "tintindex": 0}
			}
		},
		{
			"from": [4.5, 6, 4],
			"to": [9.5, 1, 7],
			"rotation": {"angle": 0, "axis": "y", "origin": [8, 11.88947, 8]},
			"faces": {
				"south": {"uv": [9.75, 12.75, 11, 14], "texture": "#tint", "tintindex": 0},
				"up": {"uv": [9.75, 12, 11, 12.75], "rotation": 180, "texture": "#tint", "tintindex": 0}
			}
		},
		{
			"from": [4.5, 1, 4],
			"to": [9.5, 6, 7],
			"rotation": {"angle": 0, "axis": "y", "origin": [8, 11.88947, 8]},
			"faces": {
				"south": {"uv": [9.75, 14, 11, 12.75], "texture": "#tint", "tintindex": 0},
				"down": {"uv": [11, 12, 9.75, 12.75], "texture": "#tint", "tintindex": 0}
			}
		},
		{
			"from": [4.5, 10, 9],
			"to": [9.5, 5, 12],
			"rotation": {"angle": 0, "axis": "y", "origin": [8, 11.88947, 8]},
			"faces": {
				"north": {"uv": [9.75, 12.75, 11, 14], "rotation": 180, "texture": "#tint", "tintindex": 0},
				"down": {"uv": [9.75, 12, 11, 12.75], "rotation": 180, "texture": "#tint", "tintindex": 0}
			}
		},
		{
			"from": [4.5, 5, 9],
			"to": [9.5, 10, 12],
			"rotation": {"angle": 0, "axis": "y", "origin": [8, 11.88947, 8]},
			"faces": {
				"north": {"uv": [9.75, 14, 11, 12.75], "rotation": 180, "texture": "#tint", "tintindex": 0},
				"up": {"uv": [11, 12, 9.75, 12.75], "texture": "#tint", "tintindex": 0}
			}
		},
		{
			"from": [4.5, 3, 8.75],
			"to": [9.5, 8, 8.75],
			"rotation": {"angle": 0, "axis": "y", "origin": [8, 11.88947, 8]},
			"faces": {
				"north": {"uv": [9.25, 14.75, 10.5, 16], "texture": "#tint", "tintindex": 0},
				"south": {"uv": [10.5, 14.75, 9.25, 16], "texture": "#tint", "tintindex": 0}
			}
		},
		{
			"from": [11.31093, 6.16433, 7.51],
			"to": [12.31093, 19.16433, 8.49],
			"rotation": {"angle": -45, "axis": "z", "origin": [8, 11.88947, 8]},
			"faces": {
				"north": {"uv": [7.75, 14.5, 11, 14.75], "rotation": 90, "texture": "#tint", "tintindex": 0},
				"east": {"uv": [7.75, 14.5, 11, 14.75], "rotation": 90, "texture": "#tint", "tintindex": 0},
				"south": {"uv": [7.75, 14.5, 11, 14.75], "rotation": 90, "texture": "#tint", "tintindex": 0},
				"west": {"uv": [7.75, 14.5, 11, 14.75], "rotation": 90, "texture": "#tint", "tintindex": 0}
			}
		},
		{
			"from": [4.13098, 5.86905, 7.5],
			"to": [5.13098, 18.86905, 8.5],
			"rotation": {"angle": 22.5, "axis": "z", "origin": [8, 11.88947, 8]},
			"faces": {
				"north": {"uv": [7.75, 14.25, 11, 14.5], "rotation": 90, "texture": "#tint", "tintindex": 0},
				"east": {"uv": [7.75, 14.25, 11, 14.5], "rotation": 90, "texture": "#tint", "tintindex": 0},
				"south": {"uv": [7.75, 14.25, 11, 14.5], "rotation": 90, "texture": "#tint", "tintindex": 0},
				"west": {"uv": [7.75, 14.25, 11, 14.5], "rotation": 90, "texture": "#tint", "tintindex": 0}
			}
		},
		{
			"from": [-2, 5.5, 7.49],
			"to": [7, 6.5, 7.49],
			"rotation": {"angle": 0, "axis": "y", "origin": [8, 11.88947, 8]},
			"faces": {
				"north": {"uv": [7, 15, 9.25, 15.25], "texture": "#tint", "tintindex": 0},
				"south": {"uv": [9.25, 15, 7, 15.25], "texture": "#tint", "tintindex": 0}
			}
		},
		{
			"from": [-2, 5.5, 8.51],
			"to": [7, 6.5, 8.51],
			"rotation": {"angle": 0, "axis": "y", "origin": [8, 11.88947, 8]},
			"faces": {
				"north": {"uv": [7, 15, 9.25, 15.25], "texture": "#tint", "tintindex": 0},
				"south": {"uv": [9.25, 15, 7, 15.25], "texture": "#tint", "tintindex": 0}
			}
		},
		{
			"from": [1.4, 16, 7.51],
			"to": [14.6, 17, 8.49],
			"rotation": {"angle": 0, "axis": "y", "origin": [8, 11.88947, 8]},
			"faces": {
				"north": {"uv": [6, 14.75, 9.25, 15], "texture": "#tint", "tintindex": 0},
				"south": {"uv": [9.25, 14.75, 6, 15], "texture": "#tint", "tintindex": 0},
				"up": {"uv": [9.25, 14.75, 6, 15], "rotation": 180, "texture": "#tint", "tintindex": 0},
				"down": {"uv": [9.25, 14.75, 6, 15], "texture": "#tint", "tintindex": 0}
			}
		},
		{
			"from": [-0.4, 17, 6.5],
			"to": [6.6, 18, 9.5],
			"rotation": {"angle": 0, "axis": "y", "origin": [8, 11.88947, 8]},
			"faces": {
				"north": {"uv": [3, 15.75, 4.75, 16], "texture": "#tint", "tintindex": 0},
				"east": {"uv": [3, 16, 3.25, 15.25], "rotation": 90, "texture": "#tint", "tintindex": 0},
				"south": {"uv": [4.75, 15.25, 3, 15.5], "texture": "#tint", "tintindex": 0},
				"west": {"uv": [4.5, 15.25, 4.75, 16], "rotation": 90, "texture": "#tint", "tintindex": 0},
				"up": {"uv": [3, 15.25, 4.75, 16], "rotation": 180, "texture": "#tint", "tintindex": 0},
				"down": {"uv": [1.25, 15.25, 3, 16], "texture": "#tint", "tintindex": 0}
			}
		},
		{
			"from": [16.3, 0, 7.5],
			"to": [21.7, 13, 8.5],
			"rotation": {"angle": 0, "axis": "y", "origin": [8, 11.88947, 8]},
			"faces": {
				"north": {"uv": [14.75, 12.75, 16, 16], "texture": "#tint", "tintindex": 0},
				"south": {"uv": [16, 12.75, 14.75, 16], "texture": "#tint", "tintindex": 0},
				"up": {"uv": [14.75, 12.75, 16, 13], "rotation": 180, "texture": "#tint", "tintindex": 0},
				"down": {"uv": [16, 15.75, 14.75, 16], "texture": "#tint", "tintindex": 0}
			}
		},
		{
			"from": [12.5, 0, 8],
			"to": [25.5, 13, 8],
			"rotation": {"angle": 0, "axis": "y", "origin": [8, 11.88947, 8]},
			"faces": {
				"north": {"uv": [12.75, 9.5, 16, 12.75], "texture": "#tint", "tintindex": 0},
				"south": {"uv": [16, 9.5, 12.75, 12.75], "texture": "#tint", "tintindex": 0}
			}
		},
		{
			"from": [16.3, 13, 7.5],
			"to": [21.7, 0, 8.5],
			"rotation": {"angle": 0, "axis": "y", "origin": [8, 11.88947, 8]},
			"faces": {
				"north": {"uv": [14.75, 16, 16, 12.75], "texture": "#tint", "tintindex": 0},
				"south": {"uv": [16, 16, 14.75, 12.75], "texture": "#tint", "tintindex": 0},
				"up": {"uv": [14.75, 15.75, 16, 16], "rotation": 180, "texture": "#tint", "tintindex": 0},
				"down": {"uv": [16, 12.75, 14.75, 13], "texture": "#tint", "tintindex": 0}
			}
		},
		{
			"from": [25.5, 3.8, 7.5],
			"to": [12.5, 9.2, 8.5],
			"rotation": {"angle": 0, "axis": "y", "origin": [8, 11.88947, 8]},
			"faces": {
				"north": {"uv": [11, 16, 12.25, 12.75], "rotation": 270, "texture": "#tint", "tintindex": 0},
				"east": {"uv": [11, 15.75, 12.25, 16], "rotation": 270, "texture": "#tint", "tintindex": 0},
				"south": {"uv": [12.25, 16, 11, 12.75], "rotation": 90, "texture": "#tint", "tintindex": 0},
				"west": {"uv": [12.25, 12.75, 11, 13], "rotation": 90, "texture": "#tint", "tintindex": 0}
			}
		},
		{
			"from": [16.8891, 22.35671, 7.5],
			"to": [22.2891, 9.35671, 8.5],
			"rotation": {"angle": -45, "axis": "z", "origin": [8, 11.88947, 8]},
			"faces": {
				"north": {"uv": [13.5, 16, 14.75, 12.75], "texture": "#tint", "tintindex": 0},
				"south": {"uv": [14.75, 16, 13.5, 12.75], "texture": "#tint", "tintindex": 0},
				"up": {"uv": [13.5, 15.75, 14.75, 16], "rotation": 180, "texture": "#tint", "tintindex": 0},
				"down": {"uv": [14.75, 12.75, 13.5, 13], "texture": "#tint", "tintindex": 0}
			}
		},
		{
			"from": [9.26724, 6.80036, 7.5],
			"to": [14.66724, -6.19964, 8.5],
			"rotation": {"angle": 45, "axis": "z", "origin": [8, 11.88947, 8]},
			"faces": {
				"north": {"uv": [12.25, 16, 13.5, 12.75], "texture": "#tint", "tintindex": 0},
				"south": {"uv": [13.5, 16, 12.25, 12.75], "texture": "#tint", "tintindex": 0},
				"up": {"uv": [12.25, 15.75, 13.5, 16], "rotation": 180, "texture": "#tint", "tintindex": 0},
				"down": {"uv": [13.5, 12.75, 12.25, 13], "texture": "#tint", "tintindex": 0}
			}
		},
		{
			"from": [18, 5.5, 7.5],
			"to": [20, 7.5, 8.5],
			"rotation": {"angle": 0, "axis": "y", "origin": [8, 11.88947, 8]},
			"faces": {
				"north": {"uv": [10.5, 15.5, 11, 16], "texture": "#tint", "tintindex": 0},
				"east": {"uv": [10.5, 15.5, 10.75, 16], "texture": "#tint", "tintindex": 0},
				"south": {"uv": [11, 15.5, 10.5, 16], "texture": "#tint", "tintindex": 0},
				"west": {"uv": [10.75, 15.5, 11, 16], "texture": "#tint", "tintindex": 0},
				"up": {"uv": [10.5, 15.5, 11, 15.75], "rotation": 180, "texture": "#tint", "tintindex": 0},
				"down": {"uv": [11, 15.75, 10.5, 16], "texture": "#tint", "tintindex": 0}
			}
		},
		{
			"from": [12.5, 3.8, 7.5],
			"to": [25.5, 9.2, 8.5],
			"rotation": {"angle": 0, "axis": "y", "origin": [8, 11.88947, 8]},
			"faces": {
				"north": {"uv": [11, 12.75, 12.25, 16], "rotation": 270, "texture": "#tint", "tintindex": 0},
				"east": {"uv": [11, 12.75, 12.25, 13], "rotation": 270, "texture": "#tint", "tintindex": 0},
				"south": {"uv": [12.25, 12.75, 11, 16], "rotation": 90, "texture": "#tint", "tintindex": 0},
				"west": {"uv": [12.25, 15.75, 11, 16], "rotation": 90, "texture": "#tint", "tintindex": 0}
			}
		},
		{
			"from": [5.46724, -2.39964, 7.5],
			"to": [18.46724, 3.00036, 8.5],
			"rotation": {"angle": 45, "axis": "z", "origin": [8, 11.88947, 8]},
			"faces": {
				"north": {"uv": [13.5, 12.75, 14.75, 16], "rotation": 270, "texture": "#tint", "tintindex": 0},
				"east": {"uv": [13.5, 12.75, 14.75, 13], "rotation": 270, "texture": "#tint", "tintindex": 0},
				"south": {"uv": [13.5, 16, 14.75, 12.75], "rotation": 270, "texture": "#tint", "tintindex": 0},
				"west": {"uv": [14.75, 15.75, 13.5, 16], "rotation": 90, "texture": "#tint", "tintindex": 0}
			}
		},
		{
			"from": [9.26724, -6.19964, 7.5],
			"to": [14.66724, 6.80036, 8.5],
			"rotation": {"angle": 45, "axis": "z", "origin": [8, 11.88947, 8]},
			"faces": {
				"north": {"uv": [12.25, 12.75, 13.5, 16], "texture": "#tint", "tintindex": 0},
				"south": {"uv": [12.25, 16, 13.5, 12.75], "rotation": 180, "texture": "#tint", "tintindex": 0},
				"up": {"uv": [12.25, 12.75, 13.5, 13], "rotation": 180, "texture": "#tint", "tintindex": 0},
				"down": {"uv": [13.5, 15.75, 12.25, 16], "texture": "#tint", "tintindex": 0}
			}
		},
		{
			"from": [-5.7, 0, 7.5],
			"to": [-0.3, 13, 8.5],
			"rotation": {"angle": 0, "axis": "y", "origin": [8, 11.88947, 8]},
			"faces": {
				"north": {"uv": [14.75, 12.75, 16, 16], "texture": "#tint", "tintindex": 0},
				"south": {"uv": [16, 12.75, 14.75, 16], "texture": "#tint", "tintindex": 0},
				"up": {"uv": [14.75, 12.75, 16, 13], "rotation": 180, "texture": "#tint", "tintindex": 0},
				"down": {"uv": [16, 15.75, 14.75, 16], "texture": "#tint", "tintindex": 0}
			}
		},
		{
			"from": [-9.5, 0, 8],
			"to": [3.5, 13, 8],
			"rotation": {"angle": 0, "axis": "y", "origin": [8, 11.88947, 8]},
			"faces": {
				"north": {"uv": [12.75, 9.5, 16, 12.75], "texture": "#tint", "tintindex": 0},
				"south": {"uv": [16, 9.5, 12.75, 12.75], "texture": "#tint", "tintindex": 0}
			}
		},
		{
			"from": [-5.7, 13, 7.5],
			"to": [-0.3, 0, 8.5],
			"rotation": {"angle": 0, "axis": "y", "origin": [8, 11.88947, 8]},
			"faces": {
				"north": {"uv": [14.75, 16, 16, 12.75], "texture": "#tint", "tintindex": 0},
				"south": {"uv": [16, 16, 14.75, 12.75], "texture": "#tint", "tintindex": 0},
				"up": {"uv": [14.75, 15.75, 16, 16], "rotation": 180, "texture": "#tint", "tintindex": 0},
				"down": {"uv": [16, 12.75, 14.75, 13], "texture": "#tint", "tintindex": 0}
			}
		},
		{
			"from": [3.5, 3.8, 7.5],
			"to": [-9.5, 9.2, 8.5],
			"rotation": {"angle": 0, "axis": "y", "origin": [8, 11.88947, 8]},
			"faces": {
				"north": {"uv": [11, 16, 12.25, 12.75], "rotation": 270, "texture": "#tint", "tintindex": 0},
				"east": {"uv": [11, 15.75, 12.25, 16], "rotation": 270, "texture": "#tint", "tintindex": 0},
				"south": {"uv": [12.25, 16, 11, 12.75], "rotation": 90, "texture": "#tint", "tintindex": 0},
				"west": {"uv": [12.25, 12.75, 11, 13], "rotation": 90, "texture": "#tint", "tintindex": 0}
			}
		},
		{
			"from": [1.33276, 6.80036, 7.5],
			"to": [6.73276, -6.19964, 8.5],
			"rotation": {"angle": -45, "axis": "z", "origin": [8, 11.88947, 8]},
			"faces": {
				"north": {"uv": [13.5, 16, 14.75, 12.75], "texture": "#tint", "tintindex": 0},
				"south": {"uv": [14.75, 16, 13.5, 12.75], "texture": "#tint", "tintindex": 0},
				"up": {"uv": [13.5, 15.75, 14.75, 16], "rotation": 180, "texture": "#tint", "tintindex": 0},
				"down": {"uv": [14.75, 12.75, 13.5, 13], "texture": "#tint", "tintindex": 0}
			}
		},
		{
			"from": [-6.2891, 22.35671, 7.5],
			"to": [-0.8891, 9.35671, 8.5],
			"rotation": {"angle": 45, "axis": "z", "origin": [8, 11.88947, 8]},
			"faces": {
				"north": {"uv": [12.25, 16, 13.5, 12.75], "texture": "#tint", "tintindex": 0},
				"south": {"uv": [13.5, 16, 12.25, 12.75], "texture": "#tint", "tintindex": 0},
				"up": {"uv": [12.25, 15.75, 13.5, 16], "rotation": 180, "texture": "#tint", "tintindex": 0},
				"down": {"uv": [13.5, 12.75, 12.25, 13], "texture": "#tint", "tintindex": 0}
			}
		},
		{
			"from": [-4, 5.5, 7.5],
			"to": [-2, 7.5, 8.5],
			"rotation": {"angle": 0, "axis": "y", "origin": [8, 11.88947, 8]},
			"faces": {
				"north": {"uv": [10.5, 15.5, 11, 16], "texture": "#tint", "tintindex": 0},
				"east": {"uv": [10.5, 15.5, 10.75, 16], "texture": "#tint", "tintindex": 0},
				"south": {"uv": [11, 15.5, 10.5, 16], "texture": "#tint", "tintindex": 0},
				"west": {"uv": [10.75, 15.5, 11, 16], "texture": "#tint", "tintindex": 0},
				"up": {"uv": [10.5, 15.5, 11, 15.75], "rotation": 180, "texture": "#tint", "tintindex": 0},
				"down": {"uv": [11, 15.75, 10.5, 16], "texture": "#tint", "tintindex": 0}
			}
		},
		{
			"from": [-9.5, 3.8, 7.5],
			"to": [3.5, 9.2, 8.5],
			"rotation": {"angle": 0, "axis": "y", "origin": [8, 11.88947, 8]},
			"faces": {
				"north": {"uv": [11, 12.75, 12.25, 16], "rotation": 270, "texture": "#tint", "tintindex": 0},
				"east": {"uv": [11, 12.75, 12.25, 13], "rotation": 270, "texture": "#tint", "tintindex": 0},
				"south": {"uv": [12.25, 12.75, 11, 16], "rotation": 90, "texture": "#tint", "tintindex": 0},
				"west": {"uv": [12.25, 15.75, 11, 16], "rotation": 90, "texture": "#tint", "tintindex": 0}
			}
		},
		{
			"from": [-10.0891, 13.15671, 7.5],
			"to": [2.9109, 18.55671, 8.5],
			"rotation": {"angle": 45, "axis": "z", "origin": [8, 11.88947, 8]},
			"faces": {
				"north": {"uv": [13.5, 12.75, 14.75, 16], "rotation": 270, "texture": "#tint", "tintindex": 0},
				"east": {"uv": [13.5, 12.75, 14.75, 13], "rotation": 270, "texture": "#tint", "tintindex": 0},
				"south": {"uv": [13.5, 16, 14.75, 12.75], "rotation": 270, "texture": "#tint", "tintindex": 0},
				"west": {"uv": [14.75, 15.75, 13.5, 16], "rotation": 90, "texture": "#tint", "tintindex": 0}
			}
		},
		{
			"from": [-6.2891, 9.35671, 7.5],
			"to": [-0.8891, 22.35671, 8.5],
			"rotation": {"angle": 45, "axis": "z", "origin": [8, 11.88947, 8]},
			"faces": {
				"north": {"uv": [12.25, 12.75, 13.5, 16], "texture": "#tint", "tintindex": 0},
				"south": {"uv": [12.25, 16, 13.5, 12.75], "rotation": 180, "texture": "#tint", "tintindex": 0},
				"up": {"uv": [12.25, 12.75, 13.5, 13], "rotation": 180, "texture": "#tint", "tintindex": 0},
				"down": {"uv": [13.5, 15.75, 12.25, 16], "texture": "#tint", "tintindex": 0}
			}
		}
	],
	"display": {
		"thirdperson_righthand": {
			"rotation": [75, 45, 0],
			"translation": [0, 2.5, 0],
			"scale": [0.1, 0.1, 0.1]
		},
		"thirdperson_lefthand": {
			"rotation": [75, 45, 0],
			"translation": [0, 2.5, 0],
			"scale": [0.1, 0.1, 0.1]
		},
		"firstperson_righthand": {
			"rotation": [0, 45, 0],
			"scale": [0.2, 0.2, 0.2]
		},
		"firstperson_lefthand": {
			"rotation": [0, 45, 0],
			"scale": [0.2, 0.2, 0.2]
		},
		"ground": {
			"scale": [0.1, 0.1, 0.1]
		},
		"gui": {
			"rotation": [20, 135, 0],
			"translation": [0, -1, 0],
			"scale": [0.5, 0.5, 0.5]
		},
		"fixed": {
			"rotation": [-90, 0, 0],
			"translation": [0, 0, -16],
			"scale": [2, 2, 2]
		}
	},
	"groups": [
		{
			"name": "bike",
			"origin": [8, 8, 8],
			"color": 0,
			"children": [
				{
					"name": "body",
					"origin": [0, 0, 0],
					"color": 0,
					"children": [0, 1, 2, 3, 4, 5, 6, 7, 8, 9, 10, 11, 12, 13, 14, 15, 16, 17]
				},
				{
					"name": "wheel",
					"origin": [0, 0, 0],
					"color": 0,
					"children": [18, 19, 20, 21, 22, 23, 24, 25, 26, 27]
				},
				{
					"name": "wheel",
					"origin": [0, 0, 0],
					"color": 0,
					"children": [28, 29, 30, 31, 32, 33, 34, 35, 36, 37]
				}
			]
		},
		{
			"name": "tint",
			"origin": [8, 8, 8],
			"color": 0,
			"children": [
				{
					"name": "body",
					"origin": [0, 0, 0],
					"color": 0,
					"children": [38, 39, 40, 41, 42, 43, 44, 45, 46, 47, 48, 49, 50, 51, 52, 53, 54, 55]
				},
				{
					"name": "wheel",
					"origin": [0, 0, 0],
					"color": 0,
					"children": [56, 57, 58, 59, 60, 61, 62, 63, 64, 65]
				},
				{
					"name": "wheel",
					"origin": [0, 0, 0],
					"color": 0,
					"children": [66, 67, 68, 69, 70, 71, 72, 73, 74, 75]
				}
			]
		}
	]
}