{
	"credit": "Made by Falanta Fantomo with Blockbench",
	"texture_size": [64, 64],
	"textures": {
		"particle": "shiver:item/props/props_junk/hl2_trashdumpster_01"
	},
	"elements": [
		{
			"from": [-7, 0, 2],
			"to": [23, 20, 17],
			"faces": {
				"east": {"uv": [11.75, 0, 8, 5], "texture": "#particle"},
				"south": {"uv": [0, 5.25, 7.5, 10.25], "texture": "#particle"},
				"west": {"uv": [8, 0, 11.75, 5], "texture": "#particle"},
				"down": {"uv": [0, 10, 7.5, 13.75], "texture": "#particle"}
			}
		},
		{
			"from": [-7, 8, -1],
			"to": [23, 20, 2],
			"faces": {
				"north": {"uv": [0, 0, 7.5, 3], "texture": "#particle"},
				"east": {"uv": [8, 0, 7.25, 3], "texture": "#particle"},
				"west": {"uv": [7.25, 0, 8, 3], "texture": "#particle"}
			}
		},
		{
			"from": [-7, 7.24, -1],
			"to": [23, 8, 2],
			"faces": {
				"north": {"uv": [0, 3, 7.5, 3.25], "texture": "#particle"},
				"east": {"uv": [8, 3, 7.25, 3.25], "texture": "#particle"},
				"west": {"uv": [7.25, 3, 8, 3.25], "texture": "#particle"}
			}
		},
		{
			"from": [-6.99, 0, 2],
			"to": [22.99, 7.84, 5],
			"rotation": {"angle": -22.5, "axis": "x", "origin": [8, 0, 2]},
			"faces": {
				"north": {"uv": [0, 3.25, 7.5, 5.25], "texture": "#particle"},
				"east": {"uv": [12.25, 14, 11.5, 16], "texture": "#particle"},
				"west": {"uv": [11.5, 14, 12.25, 16], "texture": "#particle"}
			}
		},
		{
			"from": [-8, 18, -2],
			"to": [24, 20, -1],
			"faces": {
				"north": {"uv": [0, 14.75, 8, 15.25], "texture": "#particle"},
				"east": {"uv": [0, 14.75, 0.25, 15.25], "texture": "#particle"},
				"west": {"uv": [7.75, 14.75, 8, 15.25], "texture": "#particle"},
				"up": {"uv": [8, 14.75, 0, 15], "texture": "#particle"},
				"down": {"uv": [8, 15, 0, 15.25], "texture": "#particle"}
			}
		},
		{
			"from": [-8, 18, -1],
			"to": [-7, 20, 17],
			"rotation": {"angle": 0, "axis": "y", "origin": [-7.5, 19, 8]},
			"faces": {
				"west": {"uv": [0, 13.75, 4.5, 14.25], "texture": "#particle"},
				"up": {"uv": [0, 13.75, 4.5, 14], "rotation": 90, "texture": "#particle"},
				"down": {"uv": [4.5, 14, 0, 14.25], "rotation": 90, "texture": "#particle"}
			}
		},
		{
			"from": [23, 18, -1],
			"to": [24, 20, 17],
			"rotation": {"angle": 0, "axis": "y", "origin": [23.5, 19, 8]},
			"faces": {
				"east": {"uv": [4.5, 13.75, 0, 14.25], "texture": "#particle"},
				"up": {"uv": [0, 14, 4.5, 13.75], "rotation": 90, "texture": "#particle"},
				"down": {"uv": [4.5, 14.25, 0, 14], "rotation": 90, "texture": "#particle"}
			}
		},
		{
			"from": [-8, 18, 17],
			"to": [24, 20, 18],
			"faces": {
				"east": {"uv": [0, 14.75, 0.25, 15.25], "texture": "#particle"},
				"south": {"uv": [8, 14.25, 0, 14.75], "texture": "#particle"},
				"west": {"uv": [7.75, 14.25, 8, 14.75], "texture": "#particle"},
				"up": {"uv": [8, 14.25, 0, 14.5], "texture": "#particle"},
				"down": {"uv": [8, 14.5, 0, 14.75], "texture": "#particle"}
			}
		},
		{
			"from": [-8, 20, 16.5],
			"to": [24, 23, 16.5],
			"rotation": {"angle": 0, "axis": "x", "origin": [8, 20, 16.5]},
			"faces": {
				"north": {"uv": [0, 15.25, 8, 16], "texture": "#particle"},
				"south": {"uv": [8, 15.25, 0, 16], "texture": "#particle"}
			}
		},
		{
			"from": [14, 19, -4],
			"to": [22, 19, -2],
			"rotation": {"angle": 0, "axis": "y", "origin": [18, 19, -3]},
			"faces": {
				"up": {"uv": [4.5, 13.75, 6.5, 14.25], "texture": "#particle"},
				"down": {"uv": [4.5, 14.25, 6.5, 13.75], "texture": "#particle"}
			}
		},
		{
			"from": [-6, 19, -4],
			"to": [2, 19, -2],
			"rotation": {"angle": 0, "axis": "y", "origin": [-2, 19, -3]},
			"faces": {
				"up": {"uv": [6.5, 13.75, 4.5, 14.25], "texture": "#particle"},
				"down": {"uv": [6.5, 14.25, 4.5, 13.75], "texture": "#particle"}
			}
		},
		{
			"from": [8, 20, -1],
			"to": [23, 21, 17],
			"rotation": {"angle": 0, "axis": "y", "origin": [15.5, 22.5, 16.5]},
			"faces": {
				"north": {"uv": [12.25, 15.75, 16, 16], "texture": "#particle"},
				"east": {"uv": [12.25, 16, 12.5, 11.5], "rotation": 90, "texture": "#particle"},
				"south": {"uv": [16, 11.5, 12.25, 11.75], "texture": "#particle"},
				"west": {"uv": [15.75, 11.5, 16, 16], "rotation": 90, "texture": "#particle"},
				"up": {"uv": [12.25, 11.5, 16, 16], "rotation": 180, "texture": "#particle"},
				"down": {"uv": [12.25, 16, 16, 11.5], "rotation": 180, "texture": "#particle"}
			}
		},
		{
			"from": [18.5, 20.30552, 15.53596],
			"to": [18.5, 23.30552, 17.53596],
			"rotation": {"angle": 22.5, "axis": "x", "origin": [15.5, 22.5, 16.5]},
			"faces": {
				"east": {"uv": [8, 15.25, 8.5, 16], "texture": "#particle"},
				"west": {"uv": [8.5, 15.25, 8, 16], "texture": "#particle"}
			}
		},
		{
			"from": [12.5, 20.30552, 15.53596],
			"to": [12.5, 23.30552, 17.53596],
			"rotation": {"angle": 22.5, "axis": "x", "origin": [15.5, 22.5, 16.5]},
			"faces": {
				"east": {"uv": [8, 15.25, 8.5, 16], "texture": "#particle"},
				"west": {"uv": [8.5, 15.25, 8, 16], "texture": "#particle"}
			}
		},
		{
			"from": [-7, 20, -1],
			"to": [8, 21, 17],
			"rotation": {"angle": 0, "axis": "x", "origin": [0.5, 22.5, 16.5]},
			"faces": {
				"north": {"uv": [12.25, 15.75, 16, 16], "texture": "#particle"},
				"east": {"uv": [12.25, 16, 12.5, 11.5], "rotation": 90, "texture": "#particle"},
				"south": {"uv": [16, 11.5, 12.25, 11.75], "texture": "#particle"},
				"west": {"uv": [15.75, 11.5, 16, 16], "rotation": 90, "texture": "#particle"},
				"up": {"uv": [12.25, 11.5, 16, 16], "rotation": 180, "texture": "#particle"},
				"down": {"uv": [12.25, 16, 16, 11.5], "rotation": 180, "texture": "#particle"}
			}
		},
		{
			"from": [3.5, 20.30552, 15.53596],
			"to": [3.5, 23.30552, 17.53596],
			"rotation": {"angle": 22.5, "axis": "x", "origin": [0.5, 22.5, 16.5]},
			"faces": {
				"east": {"uv": [8, 15.25, 8.5, 16], "texture": "#particle"},
				"west": {"uv": [8.5, 15.25, 8, 16], "texture": "#particle"}
			}
		},
		{
			"from": [-2.5, 20.30552, 15.53596],
			"to": [-2.5, 23.30552, 17.53596],
			"rotation": {"angle": 22.5, "axis": "x", "origin": [0.5, 22.5, 16.5]},
			"faces": {
				"east": {"uv": [8, 15.25, 8.5, 16], "texture": "#particle"},
				"west": {"uv": [8.5, 15.25, 8, 16], "texture": "#particle"}
			}
		}
	],
	"display": {
		"thirdperson_righthand": {
			"rotation": [75, 45, 0],
			"translation": [0, 2.5, 0],
			"scale": [0.1, 0.1, 0.1]
		},
		"thirdperson_lefthand": {
			"rotation": [75, 45, 0],
			"translation": [0, 2.5, 0],
			"scale": [0.1, 0.1, 0.1]
		},
		"firstperson_righthand": {
			"rotation": [0, 45, 0],
			"scale": [0.2, 0.2, 0.2]
		},
		"firstperson_lefthand": {
			"rotation": [0, 45, 0],
			"scale": [0.2, 0.2, 0.2]
		},
		"ground": {
			"scale": [0.1, 0.1, 0.1]
		},
		"gui": {
			"rotation": [20, 135, 0],
			"translation": [0, -1.5, 0],
			"scale": [0.4, 0.4, 0.4]
		},
		"fixed": {
			"rotation": [-90, 0, 0],
			"translation": [0, 0, -16],
			"scale": [2, 2, 2]
		}
	},
	"groups": [
		0,
		1,
		2,
		3,
		4,
		5,
		6,
		7,
		8,
		9,
		10,
		{
			"name": "lid",
			"origin": [15.5, 20, 17],
			"color": 0,
			"children": [11, 12, 13]
		},
		{
			"name": "lid",
			"origin": [15.5, 20, 17],
			"color": 0,
			"children": [14, 15, 16]
		}
	]
}