{
	"credit": "Made with Blockbench",
	"texture_size": [64, 64],
	"textures": {
		"0": "item/bundle_open_back",
		"particle": "item/bundle_open_back"
	},
	"elements": [
		{
			"name": "back",
			"from": [4.001, 4.001, 4.001],
			"to": [11.999, 7.999, 11.999],
			"rotation": {"angle": 0, "axis": "y", "origin": [7, 4, 7]},
			"faces": {
				"north": {"uv": [2, 2, 4, 3], "texture": "#0"},
				"east": {"uv": [0, 2, 2, 3], "texture": "#0"},
				"south": {"uv": [6, 2, 8, 3], "texture": "#0"},
				"west": {"uv": [4, 2, 6, 3], "texture": "#0"},
				"up": {"uv": [4, 2, 2, 0], "texture": "#0"},
				"down": {"uv": [6, 0, 4, 2], "texture": "#0"}
			}
		},
		{
			"from": [11.001, 8.001, 4.001],
			"to": [12.999, 9.999, 11.999],
			"rotation": {"angle": 0, "axis": "y", "origin": [15, 10, 3]},
			"faces": {
				"north": {"uv": [5.25, 6, 5.75, 6.5], "texture": "#0"},
				"east": {"uv": [3.25, 6, 5.25, 6.5], "texture": "#0"},
				"south": {"uv": [7.75, 6, 8.25, 6.5], "texture": "#0"},
				"west": {"uv": [5.75, 6, 7.75, 6.5], "texture": "#0"},
				"up": {"uv": [5.75, 6, 5.25, 4], "texture": "#0"},
				"down": {"uv": [6.25, 4, 5.75, 6], "texture": "#0"}
			}
		},
		{
			"from": [4, 8, 11],
			"to": [12, 10, 13],
			"rotation": {"angle": 0, "axis": "y", "origin": [7, 11, 16]},
			"faces": {
				"north": {"uv": [6.75, 0.5, 8.75, 1], "texture": "#0"},
				"east": {"uv": [6.25, 0.5, 6.75, 1], "texture": "#0"},
				"south": {"uv": [9.25, 0.5, 11.25, 1], "texture": "#0"},
				"west": {"uv": [8.75, 0.5, 9.25, 1], "texture": "#0"},
				"up": {"uv": [8.75, 0.5, 6.75, 0], "texture": "#0"},
				"down": {"uv": [10.75, 0, 8.75, 0.5], "texture": "#0"}
			}
		}
	],
	"display": {
		"gui": {
			"rotation": [-160, 45, 180],
			"scale": [1.3, 1.3, 1.3]
		}
	}
}