{
	"credit": "Made with Blockbench",
	"texture_size": [64, 64],
	"textures": {
		"0": "item/bundle_open_front",
		"particle": "item/bundle_open_front"
	},
	"elements": [
		{
			"name": "front",
			"from": [5, 4, 4],
			"to": [12, 8, 5],
			"rotation": {"angle": 0, "axis": "y", "origin": [7, 4, 7]},
			"faces": {
				"north": {"uv": [2, 2, 3.75, 3], "texture": "#0"},
				"east": {"uv": [1.75, 2, 2, 3], "texture": "#0"},
				"south": {"uv": [4, 2, 5.75, 3], "texture": "#0"},
				"west": {"uv": [3.75, 2, 4, 3], "texture": "#0"},
				"up": {"uv": [3.75, 2, 2, 1.75], "texture": "#0"},
				"down": {"uv": [5.5, 1.75, 3.75, 2], "texture": "#0"}
			}
		},
		{
			"name": "front",
			"from": [4, 4, 4],
			"to": [5, 8, 12],
			"rotation": {"angle": 0, "axis": "y", "origin": [7, 4, 7]},
			"faces": {
				"north": {"uv": [3.75, 2, 4, 3], "texture": "#0"},
				"east": {"uv": [1.75, 2, 3.75, 3], "texture": "#0"},
				"south": {"uv": [6, 2, 6.25, 3], "texture": "#0"},
				"west": {"uv": [4, 2, 6, 3], "texture": "#0"},
				"up": {"uv": [4, 2, 3.75, 0], "texture": "#0"},
				"down": {"uv": [4.25, 0, 4, 2], "texture": "#0"}
			}
		},
		{
			"from": [3.001, 8.001, 4.001],
			"to": [4.999, 9.999, 11.999],
			"rotation": {"angle": 0, "axis": "y", "origin": [7, 10, 3]},
			"faces": {
				"north": {"uv": [2, 5.25, 2.5, 5.75], "texture": "#0"},
				"east": {"uv": [0, 5.25, 2, 5.75], "texture": "#0"},
				"south": {"uv": [4.5, 5.25, 5, 5.75], "texture": "#0"},
				"west": {"uv": [2.5, 5.25, 4.5, 5.75], "texture": "#0"},
				"up": {"uv": [2.5, 5.25, 2, 3.25], "texture": "#0"},
				"down": {"uv": [3, 3.25, 2.5, 5.25], "texture": "#0"}
			}
		},
		{
			"from": [4, 8, 3],
			"to": [12, 10, 5],
			"rotation": {"angle": 0, "axis": "y", "origin": [8, 10, 3]},
			"faces": {
				"north": {"uv": [7, 3.75, 9, 4.25], "texture": "#0"},
				"east": {"uv": [6.5, 3.75, 7, 4.25], "texture": "#0"},
				"south": {"uv": [9.5, 3.75, 11.5, 4.25], "texture": "#0"},
				"west": {"uv": [9, 3.75, 9.5, 4.25], "texture": "#0"},
				"up": {"uv": [9, 3.75, 7, 3.25], "texture": "#0"},
				"down": {"uv": [11, 3.25, 9, 3.75], "texture": "#0"}
			}
		}
	],
	"display": {
		"gui": {
			"rotation": [20, 135, 0],
			"scale": [1.3, 1.3, 1.3]
		}
	}
}