{
	"credit": "Made with Blockbench",
	"texture_size": [64, 64],
	"textures": {
		"0": "item/bundle",
		"particle": "item/bundle"
	},
	"elements": [
		{
			"from": [4, 4, 4],
			"to": [12, 10, 12],
			"rotation": {"angle": 0, "axis": "y", "origin": [7, 4, 7]},
			"faces": {
				"north": {"uv": [2, 2, 4, 3.5], "texture": "#0"},
				"east": {"uv": [0, 2, 2, 3.5], "texture": "#0"},
				"south": {"uv": [6, 2, 8, 3.5], "texture": "#0"},
				"west": {"uv": [4, 2, 6, 3.5], "texture": "#0"},
				"up": {"uv": [4, 2, 2, 0], "texture": "#0"},
				"down": {"uv": [6, 0, 4, 2], "texture": "#0"}
			}
		},
		{
			"from": [6.001, 9.001, 6.001],
			"to": [9.999, 10.999, 9.999],
			"rotation": {"angle": 0, "axis": "y", "origin": [7, 10, 7]},
			"faces": {
				"north": {"uv": [1, 7, 2, 7.5], "texture": "#0"},
				"east": {"uv": [0, 7, 1, 7.5], "texture": "#0"},
				"south": {"uv": [3, 7, 4, 7.5], "texture": "#0"},
				"west": {"uv": [2, 7, 3, 7.5], "texture": "#0"},
				"up": {"uv": [2, 7, 1, 6], "texture": "#0"},
				"down": {"uv": [3, 6, 2, 7], "texture": "#0"}
			}
		},
		{
			"from": [5, 11, 5],
			"to": [11, 13, 11],
			"rotation": {"angle": 0, "axis": "y", "origin": [7, 12, 7]},
			"faces": {
				"north": {"uv": [1.5, 5.25, 3, 5.75], "texture": "#0"},
				"east": {"uv": [0, 5.25, 1.5, 5.75], "texture": "#0"},
				"south": {"uv": [4.5, 5.25, 6, 5.75], "texture": "#0"},
				"west": {"uv": [3, 5.25, 4.5, 5.75], "texture": "#0"},
				"up": {"uv": [3, 5.25, 1.5, 3.75], "texture": "#0"},
				"down": {"uv": [4.5, 3.75, 3, 5.25], "texture": "#0"}
			}
		},
		{
			"name": "rope",
			"from": [10, 11, 3],
			"to": [15, 11, 9],
			"rotation": {"angle": -22.5, "axis": "z", "origin": [10, 12, 7]},
			"faces": {
				"north": {"uv": [6.25, 6, 7.5, 6], "texture": "#0"},
				"east": {"uv": [4.75, 6, 6.25, 6], "texture": "#0"},
				"south": {"uv": [9, 6, 10.25, 6], "texture": "#0"},
				"west": {"uv": [7.5, 6, 9, 6], "texture": "#0"},
				"up": {"uv": [7.5, 6, 6.25, 4.5], "texture": "#0"},
				"down": {"uv": [8.75, 4.5, 7.5, 6], "texture": "#0"}
			}
		}
	],
	"display": {
		"thirdperson_righthand": {
			"rotation": [-0.29, 11.65, 11.23],
			"translation": [0, -4.5, 1]
		},
		"firstperson_righthand": {
			"rotation": [-171.25, 33, -180]
		},
		"firstperson_lefthand": {
			"rotation": [10.81, -22.98, 4.26]
		},
		"ground": {
			"translation": [0, 0.5, 0]
		},
		"gui": {
			"rotation": [30.14, -42, 3.75],
			"translation": [-0.5, 0, -10.5]
		},
		"head": {
			"translation": [0, 2.25, 0],
			"scale": [2.08008, 2.16797, 2.08008]
		},
		"fixed": {
			"scale": [1.36719, 1.36719, 1.36719]
		}
	},
	"groups": [
		{
			"name": "bag",
			"origin": [7, 5, 7],
			"color": 0,
			"children": [0, 1, 2]
		},
		{
			"name": "knot",
			"origin": [8, 8, 8],
			"color": 0,
			"children": [3]
		}
	]
}