{
	"format_version": "1.9.0",
	"credit": "Made with Blockbench",
	"texture_size": [32, 32],
	"textures": {
		"0": "minecraft:block/heavy_core",
		"particle": "minecraft:block/heavy_core"
	},
	"elements": [
		{
			"from": [5, 2, 6],
			"to": [11, 3, 10],
			"rotation": {"angle": 0, "axis": "y", "origin": [9, 2, 7]},
			"faces": {
				"north": {"uv": [8, 8, 11, 8.5], "texture": "#0"},
				"east": {"uv": [4, 10, 6, 10.5], "texture": "#0"},
				"south": {"uv": [8, 8.5, 11, 9], "texture": "#0"},
				"west": {"uv": [10, 4.5, 12, 5], "texture": "#0"},
				"up": {"uv": [6, 2, 3, 0], "texture": "#0"},
				"down": {"uv": [6, 2, 3, 4], "texture": "#0"}
			}
		},
		{
			"from": [5, 4, 6],
			"to": [11, 5, 10],
			"rotation": {"angle": 0, "axis": "y", "origin": [9, 4, 7]},
			"faces": {
				"north": {"uv": [3, 9, 6, 9.5], "texture": "#0"},
				"east": {"uv": [10, 5, 12, 5.5], "texture": "#0"},
				"south": {"uv": [9, 6, 12, 6.5], "texture": "#0"},
				"west": {"uv": [10, 5.5, 12, 6], "texture": "#0"},
				"up": {"uv": [6, 6, 3, 4], "texture": "#0"},
				"down": {"uv": [3, 6, 0, 8], "texture": "#0"}
			}
		},
		{
			"from": [5, 3, 5],
			"to": [11, 4, 11],
			"rotation": {"angle": 0, "axis": "y", "origin": [7, 3, 7]},
			"faces": {
				"north": {"uv": [9, 6.5, 12, 7], "texture": "#0"},
				"east": {"uv": [9, 7, 12, 7.5], "texture": "#0"},
				"south": {"uv": [9, 7.5, 12, 8], "texture": "#0"},
				"west": {"uv": [8, 9, 11, 9.5], "texture": "#0"},
				"up": {"uv": [3, 3, 0, 0], "texture": "#0"},
				"down": {"uv": [3, 3, 0, 6], "texture": "#0"}
			}
		},
		{
			"from": [6, 2, 5],
			"to": [10, 3, 11],
			"rotation": {"angle": 0, "axis": "y", "origin": [7, 2, 7]},
			"faces": {
				"north": {"uv": [6, 10, 8, 10.5], "texture": "#0"},
				"east": {"uv": [3, 9.5, 6, 10], "texture": "#0"},
				"south": {"uv": [8, 10, 10, 10.5], "texture": "#0"},
				"west": {"uv": [8, 9.5, 11, 10], "texture": "#0"},
				"up": {"uv": [8, 3, 6, 0], "texture": "#0"},
				"down": {"uv": [5, 6, 3, 9], "texture": "#0"}
			}
		},
		{
			"from": [6, 4, 5],
			"to": [10, 5, 11],
			"rotation": {"angle": 0, "axis": "y", "origin": [7, 4, 7]},
			"faces": {
				"north": {"uv": [10, 10, 12, 10.5], "texture": "#0"},
				"east": {"uv": [0, 10, 3, 10.5], "texture": "#0"},
				"south": {"uv": [0, 10.5, 2, 11], "texture": "#0"},
				"west": {"uv": [10, 0, 13, 0.5], "texture": "#0"},
				"up": {"uv": [8, 6, 6, 3], "texture": "#0"},
				"down": {"uv": [7, 6, 5, 9], "texture": "#0"}
			}
		},
		{
			"from": [6, 1, 6],
			"to": [10, 2, 10],
			"rotation": {"angle": 0, "axis": "y", "origin": [7, 1, 7]},
			"faces": {
				"north": {"uv": [4, 10.5, 6, 11], "texture": "#0"},
				"east": {"uv": [6, 10.5, 8, 11], "texture": "#0"},
				"south": {"uv": [8, 10.5, 10, 11], "texture": "#0"},
				"west": {"uv": [10, 10.5, 12, 11], "texture": "#0"},
				"up": {"uv": [9, 8, 7, 6], "texture": "#0"},
				"down": {"uv": [2, 8, 0, 10], "texture": "#0"}
			}
		},
		{
			"from": [6, 5, 6],
			"to": [10, 6, 10],
			"rotation": {"angle": 0, "axis": "y", "origin": [7, 5, 7]},
			"faces": {
				"north": {"uv": [0, 11, 2, 11.5], "texture": "#0"},
				"east": {"uv": [11, 0.5, 13, 1], "texture": "#0"},
				"south": {"uv": [11, 1, 13, 1.5], "texture": "#0"},
				"west": {"uv": [11, 1.5, 13, 2], "texture": "#0"},
				"up": {"uv": [10, 2, 8, 0], "texture": "#0"},
				"down": {"uv": [10, 2, 8, 4], "texture": "#0"}
			}
		},
		{
			"from": [6, 6, 7],
			"to": [10, 7, 9],
			"rotation": {"angle": 0, "axis": "y", "origin": [7, 6, 7]},
			"faces": {
				"north": {"uv": [2, 11, 4, 11.5], "texture": "#0"},
				"east": {"uv": [2, 10.5, 3, 11], "texture": "#0"},
				"south": {"uv": [11, 2, 13, 2.5], "texture": "#0"},
				"west": {"uv": [5, 11, 6, 11.5], "texture": "#0"},
				"up": {"uv": [10, 5, 8, 4], "texture": "#0"},
				"down": {"uv": [10, 5, 8, 6], "texture": "#0"}
			}
		},
		{
			"from": [7, 6, 6],
			"to": [9, 7, 10],
			"rotation": {"angle": 0, "axis": "y", "origin": [9, 6, 7]},
			"faces": {
				"north": {"uv": [6, 11, 7, 11.5], "texture": "#0"},
				"east": {"uv": [11, 2.5, 13, 3], "texture": "#0"},
				"south": {"uv": [7, 11, 8, 11.5], "texture": "#0"},
				"west": {"uv": [11, 3, 13, 3.5], "texture": "#0"},
				"up": {"uv": [3, 10, 2, 8], "texture": "#0"},
				"down": {"uv": [8, 8, 7, 10], "texture": "#0"}
			}
		},
		{
			"from": [7, 3, 4.5],
			"to": [9, 4, 11.5],
			"rotation": {"angle": 0, "axis": "y", "origin": [9, 3, 7]},
			"faces": {
				"north": {"uv": [6, 11, 7, 11.5], "texture": "#0"},
				"east": {"uv": [11, 2.5, 13, 3], "texture": "#0"},
				"south": {"uv": [7, 11, 8, 11.5], "texture": "#0"},
				"west": {"uv": [11, 3, 13, 3.5], "texture": "#0"},
				"up": {"uv": [3, 10, 2, 8], "texture": "#0"},
				"down": {"uv": [8, 8, 7, 10], "texture": "#0"}
			}
		},
		{
			"from": [4.5, 3, 7],
			"to": [11.5, 4, 9],
			"rotation": {"angle": 0, "axis": "y", "origin": [9, 3, 9]},
			"faces": {
				"north": {"uv": [11, 3, 13, 3.5], "texture": "#0"},
				"east": {"uv": [6, 11, 7, 11.5], "texture": "#0"},
				"south": {"uv": [11, 2.5, 13, 3], "texture": "#0"},
				"west": {"uv": [7, 11, 8, 11.5], "texture": "#0"},
				"up": {"uv": [3, 10, 2, 8], "rotation": 90, "texture": "#0"},
				"down": {"uv": [8, 8, 7, 10], "rotation": 270, "texture": "#0"}
			}
		},
		{
			"from": [7, 6.5, 7],
			"to": [9, 8.5, 9],
			"rotation": {"angle": 0, "axis": "y", "origin": [8, 7.5, 8]},
			"faces": {
				"north": {"uv": [6, 9, 7, 10], "texture": "#0"},
				"east": {"uv": [10, 0.5, 11, 1.5], "texture": "#0"},
				"south": {"uv": [10, 1.5, 11, 2.5], "texture": "#0"},
				"west": {"uv": [10, 2.5, 11, 3.5], "texture": "#0"},
				"up": {"uv": [4, 11, 3, 10], "texture": "#0"},
				"down": {"uv": [11, 3.5, 10, 4.5], "texture": "#0"}
			}
		},
		{
			"from": [7, 0, 7],
			"to": [9, 1, 9],
			"rotation": {"angle": 0, "axis": "y", "origin": [7, 0, 7]},
			"faces": {
				"north": {"uv": [8, 11, 9, 11.5], "texture": "#0"},
				"east": {"uv": [11, 8, 12, 8.5], "texture": "#0"},
				"south": {"uv": [11, 8.5, 12, 9], "texture": "#0"},
				"west": {"uv": [9, 11, 10, 11.5], "texture": "#0"},
				"up": {"uv": [12, 4.5, 11, 3.5], "texture": "#0"},
				"down": {"uv": [5, 11, 4, 12], "texture": "#0"}
			}
		}
	],
	"groups": [
		{
			"name": "group",
			"origin": [7, 2, 7],
			"color": 0,
			"children": [0, 1, 2, 3, 4, 5, 6, 7, 8, 9, 10, 11, 12]
		}
	]
}