{
	"credit": "by 2M3V",
	"textures": {
		"0": "shiver:item/gui/text2",
		"particle": "shiver:item/gui/text2"
	},
	"elements": [
		{
			"from": [3, 8, 8],
			"to": [19, 10, 8],
			"rotation": {"angle": 0, "axis": "y", "origin": [12.5, 9, 8]},
			"faces": {
				"east": {"uv": [0, 0, 0, 2], "texture": "#missing"},
				"south": {"uv": [0, 13.75, 16, 15.75], "texture": "#0"},
				"west": {"uv": [0, 0, 0, 2], "texture": "#missing"},
				"up": {"uv": [0, 0, 16, 0], "rotation": 180, "texture": "#missing"},
				"down": {"uv": [0, 0, 16, 0], "rotation": 180, "texture": "#missing"}
			}
		}
	],
	"gui_light": "front",
	"display": {
		"gui": {
			"translation": [-5.75, -4.25, 0],
			"scale": [4, 4, 4]
		}
	}
}