{
	"credit": "Made by Falanta Fantomo with Blockbench",
	"texture_size": [64, 64],
	"textures": {
		"0": "shiver:item/props/props_c17/furniture/hl2_couch_02",
		"particle": "shiver:item/props/props_c17/furniture/hl2_couch_02"
	},
	"elements": [
		{
			"from": [-4, 1, 1],
			"to": [20, 7, 15],
			"rotation": {"angle": 0, "axis": "y", "origin": [8, 4, 8]},
			"faces": {
				"north": {"uv": [0, 3.5, 6, 5], "texture": "#0"},
				"east": {"uv": [12.25, 3.5, 13.75, 0], "rotation": 90, "texture": "#0"},
				"south": {"uv": [0, 8.5, 6, 10], "texture": "#0"},
				"west": {"uv": [12.25, 0, 13.75, 3.5], "rotation": 90, "texture": "#0"},
				"up": {"uv": [0, 0, 6, 3.5], "rotation": 180, "texture": "#0"},
				"down": {"uv": [0, 5, 6, 8.5], "texture": "#0"}
			}
		},
		{
			"from": [-4, 7, 11],
			"to": [20, 14, 15],
			"faces": {
				"north": {"uv": [0, 10, 6, 11.75], "texture": "#0"},
				"east": {"uv": [7, 0, 6, 1.75], "rotation": 180, "texture": "#0"},
				"south": {"uv": [0, 11.75, 6, 13.5], "texture": "#0"},
				"west": {"uv": [6, 0, 7, 1.75], "rotation": 180, "texture": "#0"}
			}
		},
		{
			"from": [0.825, 14, 11],
			"to": [15.175, 16, 15],
			"rotation": {"angle": 0, "axis": "y", "origin": [8, 15, 13]},
			"faces": {
				"north": {"uv": [11.75, 0, 12.25, 3.5], "rotation": 90, "texture": "#0"},
				"south": {"uv": [10.75, 0, 11.25, 3.5], "rotation": 270, "texture": "#0"},
				"up": {"uv": [11, 0, 12, 3.5], "rotation": 270, "texture": "#0"}
			}
		},
		{
			"from": [-4, 12, 11.01],
			"to": [1.225, 14, 14.99],
			"rotation": {"angle": 22.5, "axis": "z", "origin": [-4, 14, 13]},
			"faces": {
				"north": {"uv": [11.75, 3.5, 12.25, 4.9125], "rotation": 90, "texture": "#0"},
				"south": {"uv": [10.75, 3.5, 11.25, 4.9125], "rotation": 270, "texture": "#0"},
				"up": {"uv": [11, 3.5, 12, 4.9125], "rotation": 270, "texture": "#0"}
			}
		},
		{
			"from": [14.775, 12, 11.01],
			"to": [20, 14, 14.99],
			"rotation": {"angle": -22.5, "axis": "z", "origin": [20, 14, 13]},
			"faces": {
				"north": {"uv": [11.75, 4.9125, 12.25, 3.5], "rotation": 90, "texture": "#0"},
				"south": {"uv": [10.75, 4.9125, 11.25, 3.5], "rotation": 270, "texture": "#0"},
				"up": {"uv": [11, 4.9125, 12, 3.5], "rotation": 270, "texture": "#0"}
			}
		},
		{
			"from": [-4, 7, 3],
			"to": [-1, 10, 11],
			"faces": {
				"north": {"uv": [15.25, 2, 16, 2.75], "texture": "#0"},
				"east": {"uv": [13.75, 0, 14.5, 2], "rotation": 90, "texture": "#0"},
				"west": {"uv": [15.25, 0, 16, 2], "rotation": 90, "texture": "#0"},
				"up": {"uv": [14.5, 0, 15.25, 2], "texture": "#0"}
			}
		},
		{
			"from": [17, 7, 3],
			"to": [20, 10, 11],
			"rotation": {"angle": 0, "axis": "y", "origin": [16, 0, 0]},
			"faces": {
				"north": {"uv": [16, 2, 15.25, 2.75], "texture": "#0"},
				"east": {"uv": [15.25, 2, 16, 0], "rotation": 90, "texture": "#0"},
				"west": {"uv": [13.75, 2, 14.5, 0], "rotation": 90, "texture": "#0"},
				"up": {"uv": [15.25, 0, 14.5, 2], "texture": "#0"}
			}
		},
		{
			"from": [-3, 0, 2],
			"to": [-2, 1, 3],
			"faces": {
				"north": {"uv": [15, 2, 15.25, 2.25], "texture": "#0"},
				"east": {"uv": [15, 2, 15.25, 2.25], "texture": "#0"},
				"south": {"uv": [15, 2, 15.25, 2.25], "texture": "#0"},
				"west": {"uv": [15, 2, 15.25, 2.25], "texture": "#0"},
				"down": {"uv": [15, 2, 15.25, 2.25], "texture": "#0"}
			}
		},
		{
			"from": [-1, 0, 13],
			"to": [0, 1, 14],
			"faces": {
				"north": {"uv": [14.75, 2, 15, 2.25], "texture": "#0"},
				"east": {"uv": [14.75, 2, 15, 2.25], "texture": "#0"},
				"south": {"uv": [14.75, 2, 15, 2.25], "texture": "#0"},
				"west": {"uv": [14.75, 2, 15, 2.25], "texture": "#0"},
				"down": {"uv": [14.75, 2, 15, 2.25], "texture": "#0"}
			}
		},
		{
			"from": [16, 0, 13],
			"to": [17, 1, 14],
			"rotation": {"angle": 0, "axis": "y", "origin": [16, 0, 0]},
			"faces": {
				"north": {"uv": [15, 2, 14.75, 2.25], "texture": "#0"},
				"east": {"uv": [15, 2, 14.75, 2.25], "texture": "#0"},
				"south": {"uv": [15, 2, 14.75, 2.25], "texture": "#0"},
				"west": {"uv": [15, 2, 14.75, 2.25], "texture": "#0"},
				"down": {"uv": [15, 2, 14.75, 2.25], "texture": "#0"}
			}
		},
		{
			"from": [18, 0, 2],
			"to": [19, 1, 3],
			"rotation": {"angle": 0, "axis": "y", "origin": [16, 0, 0]},
			"faces": {
				"north": {"uv": [15.25, 2, 15, 2.25], "texture": "#0"},
				"east": {"uv": [15.25, 2, 15, 2.25], "texture": "#0"},
				"south": {"uv": [15.25, 2, 15, 2.25], "texture": "#0"},
				"west": {"uv": [15.25, 2, 15, 2.25], "texture": "#0"},
				"down": {"uv": [15.25, 2, 15, 2.25], "texture": "#0"}
			}
		}
	],
	"display": {
		"thirdperson_righthand": {
			"rotation": [75, 45, 0],
			"translation": [0, 2.5, 0],
			"scale": [0.1, 0.1, 0.1]
		},
		"thirdperson_lefthand": {
			"rotation": [75, 45, 0],
			"translation": [0, 2.5, 0],
			"scale": [0.1, 0.1, 0.1]
		},
		"firstperson_righthand": {
			"rotation": [0, 45, 0],
			"scale": [0.25, 0.25, 0.25]
		},
		"firstperson_lefthand": {
			"rotation": [0, 45, 0],
			"scale": [0.25, 0.25, 0.25]
		},
		"ground": {
			"scale": [0.1, 0.1, 0.1]
		},
		"gui": {
			"rotation": [20, 135, 0],
			"scale": [0.5, 0.5, 0.5]
		},
		"fixed": {
			"rotation": [-90, 0, 0],
			"translation": [0, 0, -16],
			"scale": [2, 2, 2]
		}
	}
}