{
	"credit": "Made by Falanta Fantomo with Blockbench",
	"texture_size": [32, 32],
	"textures": {
		"0": "shiver:item/props/props_c17/furniture/hl2_cupboard",
		"particle": "shiver:item/props/props_c17/furniture/hl2_cupboard"
	},
	"elements": [
		{
			"from": [0, 4, 9],
			"to": [16, 15, 16],
			"faces": {
				"north": {"uv": [0, 0, 8, 5.5], "texture": "#0"},
				"east": {"uv": [8, 4, 11.5, 9.5], "texture": "#0"},
				"south": {"uv": [0, 9, 8, 14.5], "texture": "#0"},
				"west": {"uv": [11.5, 4, 8, 9.5], "texture": "#0"},
				"down": {"uv": [0, 5.5, 8, 9], "rotation": 180, "texture": "#0"}
			}
		},
		{
			"from": [0, 15, 8],
			"to": [16, 16, 16],
			"faces": {
				"north": {"uv": [16, 0, 8, 0.5], "texture": "#0"},
				"east": {"uv": [15.5, 0, 16, 4], "rotation": 90, "texture": "#0"},
				"south": {"uv": [8, 3.5, 16, 4], "texture": "#0"},
				"west": {"uv": [8, 4, 8.5, 0], "rotation": 90, "texture": "#0"},
				"up": {"uv": [8, 0, 16, 4], "texture": "#0"},
				"down": {"uv": [8, 4, 16, 0], "texture": "#0"}
			}
		},
		{
			"from": [0.5, 2, 13],
			"to": [0.5, 4, 16],
			"faces": {
				"east": {"uv": [14.5, 4, 16, 5], "texture": "#0"},
				"west": {"uv": [16, 4, 14.5, 5], "texture": "#0"}
			}
		},
		{
			"from": [15.5, 2, 13],
			"to": [15.5, 4, 16],
			"rotation": {"angle": 0, "axis": "y", "origin": [16, 0, 0]},
			"faces": {
				"east": {"uv": [14.5, 4, 16, 5], "texture": "#0"},
				"west": {"uv": [16, 4, 14.5, 5], "texture": "#0"}
			}
		}
	],
	"display": {
		"thirdperson_righthand": {
			"rotation": [75, 45, 0],
			"translation": [0, 2.5, 0],
			"scale": [0.25, 0.25, 0.25]
		},
		"thirdperson_lefthand": {
			"rotation": [75, 45, 0],
			"translation": [0, 2.5, 0],
			"scale": [0.25, 0.25, 0.25]
		},
		"firstperson_righthand": {
			"rotation": [0, 45, 0],
			"scale": [0.4, 0.4, 0.4]
		},
		"firstperson_lefthand": {
			"rotation": [0, 45, 0],
			"scale": [0.4, 0.4, 0.4]
		},
		"ground": {
			"scale": [0.1, 0.1, 0.1]
		},
		"gui": {
			"rotation": [20, 135, 0],
			"translation": [-2, -2, 0],
			"scale": [0.75, 0.75, 0.75]
		},
		"fixed": {
			"translation": [0, 0, -16],
			"scale": [2, 2, 2]
		}
	}
}