{
	"credit": "Made by Falanta Fantomo with Blockbench",
	"texture_size": [32, 32],
	"textures": {
		"0": "shiver:item/props/props_c17/furniture/hl2_drawer_03",
		"particle": "shiver:item/props/props_c17/furniture/hl2_drawer_03"
	},
	"elements": [
		{
			"from": [5, 0, 6],
			"to": [11, 20, 11],
			"faces": {
				"north": {"uv": [0, 0, 3, 10], "texture": "#0"},
				"east": {"uv": [5.5, 0, 3, 10], "texture": "#0"},
				"south": {"uv": [5.5, 0, 8.5, 10], "texture": "#0"},
				"west": {"uv": [3, 0, 5.5, 10], "texture": "#0"},
				"up": {"uv": [13, 0, 16, 2.5], "texture": "#0"}
			}
		},
		{
			"from": [5, 0, 11],
			"to": [11, 1, 6],
			"faces": {
				"north": {"uv": [5.5, 9.5, 8.5, 10], "texture": "#0"},
				"east": {"uv": [3, 9.5, 5.5, 10], "texture": "#0"},
				"south": {"uv": [0, 9.5, 3, 10], "texture": "#0"},
				"west": {"uv": [5.5, 9.5, 3, 10], "texture": "#0"},
				"up": {"uv": [13, 2.5, 16, 5], "texture": "#0"}
			}
		}
	],
	"display": {
		"thirdperson_righthand": {
			"rotation": [75, 45, 0],
			"translation": [0, 2.5, 0],
			"scale": [0.25, 0.25, 0.25]
		},
		"thirdperson_lefthand": {
			"rotation": [75, 45, 0],
			"translation": [0, 2.5, 0],
			"scale": [0.25, 0.25, 0.25]
		},
		"firstperson_righthand": {
			"rotation": [0, 45, 0],
			"scale": [0.25, 0.25, 0.25]
		},
		"firstperson_lefthand": {
			"rotation": [0, 45, 0],
			"scale": [0.25, 0.25, 0.25]
		},
		"ground": {
			"rotation": [0, 45, 0],
			"scale": [0.1, 0.1, 0.1]
		},
		"gui": {
			"rotation": [20, 135, 0],
			"translation": [0, -1.5, 0],
			"scale": [0.7, 0.7, 0.7]
		},
		"fixed": {
			"rotation": [-90, 0, 0],
			"translation": [0, 0, -16],
			"scale": [2, 2, 2]
		}
	}
}