{
	"credit": "Made by Falanta Fantomo with Blockbench",
	"texture_size": [64, 64],
	"textures": {
		"0": "shiver:item/props/props_c17/furniture/hl2_drawer_01",
		"particle": "shiver:item/props/props_c17/furniture/hl2_drawer_01"
	},
	"elements": [
		{
			"from": [-2, 17, 2],
			"to": [18, 18, 14],
			"faces": {
				"north": {"uv": [5, 9.25, 0, 9.5], "texture": "#0"},
				"east": {"uv": [4.75, 9.25, 5, 12.25], "rotation": 90, "texture": "#0"},
				"south": {"uv": [0, 12, 5, 12.25], "texture": "#0"},
				"west": {"uv": [0, 9.25, 0.25, 12.25], "rotation": 90, "texture": "#0"},
				"up": {"uv": [0, 9.25, 5, 12.25], "texture": "#0"},
				"down": {"uv": [0, 12.25, 5, 9.25], "texture": "#0"}
			}
		},
		{
			"from": [-2, 4, 3],
			"to": [18, 17, 14],
			"faces": {
				"north": {"uv": [0, 0, 5, 3.25], "texture": "#0"},
				"east": {"uv": [7.5, 0, 4.75, 3.25], "texture": "#0"},
				"south": {"uv": [0, 3.25, 5, 6.5], "texture": "#0"},
				"west": {"uv": [4.75, 0, 7.5, 3.25], "texture": "#0"},
				"down": {"uv": [0, 6.5, 5, 9.25], "texture": "#0"}
			}
		},
		{
			"from": [-2, 2, 3],
			"to": [18, 4, 14],
			"faces": {
				"north": {"uv": [5, 3.25, 5.5, 8.25], "rotation": 90, "texture": "#0"},
				"east": {"uv": [5, 8.25, 5.5, 11], "rotation": 90, "texture": "#0"},
				"south": {"uv": [5, 3.25, 5.5, 8.25], "rotation": 90, "texture": "#0"},
				"west": {"uv": [5, 11, 5.5, 8.25], "rotation": 90, "texture": "#0"}
			}
		},
		{
			"from": [-2, 0, 3],
			"to": [-1, 4, 4],
			"rotation": {"angle": 0, "axis": "y", "origin": [-1.5, 2, 3.5]},
			"faces": {
				"north": {"uv": [5, 11.25, 5.25, 12.25], "texture": "#0"},
				"east": {"uv": [5, 11.25, 5.25, 12.25], "texture": "#0"},
				"south": {"uv": [5, 11.25, 5.25, 12.25], "texture": "#0"},
				"west": {"uv": [5, 11.25, 5.25, 12.25], "texture": "#0"},
				"down": {"uv": [5, 12, 5.25, 12.25], "texture": "#0"}
			}
		},
		{
			"from": [-2, 0, 13],
			"to": [-1, 4, 14],
			"rotation": {"angle": 0, "axis": "y", "origin": [-1.5, 2, 3.5]},
			"faces": {
				"north": {"uv": [5.25, 11.25, 5.5, 12.25], "texture": "#0"},
				"east": {"uv": [5.25, 11.25, 5.5, 12.25], "texture": "#0"},
				"south": {"uv": [5.25, 11.25, 5.5, 12.25], "texture": "#0"},
				"west": {"uv": [5.25, 11.25, 5.5, 12.25], "texture": "#0"},
				"down": {"uv": [5.25, 12, 5.5, 12.25], "texture": "#0"}
			}
		},
		{
			"from": [17, 0, 13],
			"to": [18, 4, 14],
			"rotation": {"angle": 0, "axis": "y", "origin": [17.5, 2, 3.5]},
			"faces": {
				"north": {"uv": [5.5, 11.25, 5.25, 12.25], "texture": "#0"},
				"east": {"uv": [5.5, 11.25, 5.25, 12.25], "texture": "#0"},
				"south": {"uv": [5.5, 11.25, 5.25, 12.25], "texture": "#0"},
				"west": {"uv": [5.5, 11.25, 5.25, 12.25], "texture": "#0"},
				"down": {"uv": [5.5, 12, 5.25, 12.25], "texture": "#0"}
			}
		},
		{
			"from": [17, 0, 3],
			"to": [18, 4, 4],
			"rotation": {"angle": 0, "axis": "y", "origin": [17.5, 2, 3.5]},
			"faces": {
				"north": {"uv": [5.25, 11.25, 5, 12.25], "texture": "#0"},
				"east": {"uv": [5.25, 11.25, 5, 12.25], "texture": "#0"},
				"south": {"uv": [5.25, 11.25, 5, 12.25], "texture": "#0"},
				"west": {"uv": [5.25, 11.25, 5, 12.25], "texture": "#0"},
				"down": {"uv": [5.25, 12, 5, 12.25], "texture": "#0"}
			}
		},
		{
			"from": [-1, 13, 2.975],
			"to": [17, 16, 12.975],
			"rotation": {"angle": 0, "axis": "y", "origin": [8, 14.5, 7.975]},
			"faces": {
				"north": {"uv": [11.5, 0, 16, 0.75], "texture": "#0"},
				"east": {"uv": [9.25, 0, 11.75, 0.75], "texture": "#0"},
				"south": {"uv": [0, 12.75, 4.5, 13.5], "texture": "#0"},
				"west": {"uv": [11.75, 0, 9.25, 0.75], "texture": "#0"},
				"down": {"uv": [0, 13.5, 4.5, 16], "texture": "#0"}
			}
		},
		{
			"from": [-1, 16, 2.975],
			"to": [17, 13, 12.975],
			"rotation": {"angle": 0, "axis": "y", "origin": [8, 14.5, 7.975]},
			"faces": {
				"north": {"uv": [11.5, 0.75, 16, 0], "texture": "#0"},
				"east": {"uv": [9.25, 0.75, 11.75, 0], "texture": "#0"},
				"south": {"uv": [0, 13.5, 4.5, 12.75], "texture": "#0"},
				"west": {"uv": [11.75, 0.75, 9.25, 0], "texture": "#0"},
				"up": {"uv": [0, 13.5, 4.5, 16], "rotation": 180, "texture": "#0"}
			}
		},
		{
			"from": [-1, 9, 2.975],
			"to": [17, 12, 12.975],
			"rotation": {"angle": 0, "axis": "y", "origin": [8, 10.5, 7.975]},
			"faces": {
				"north": {"uv": [11.5, 0.75, 16, 1.5], "texture": "#0"},
				"east": {"uv": [9.25, 0.75, 11.75, 1.5], "texture": "#0"},
				"south": {"uv": [4.5, 12.75, 9, 13.5], "texture": "#0"},
				"west": {"uv": [11.75, 0.75, 9.25, 1.5], "texture": "#0"},
				"down": {"uv": [4.5, 13.5, 9, 16], "texture": "#0"}
			}
		},
		{
			"from": [-1, 12, 2.975],
			"to": [17, 9, 12.975],
			"rotation": {"angle": 0, "axis": "y", "origin": [8, 10.5, 7.975]},
			"faces": {
				"north": {"uv": [11.5, 1.5, 16, 0.75], "texture": "#0"},
				"east": {"uv": [9.25, 1.5, 11.75, 0.75], "texture": "#0"},
				"south": {"uv": [4.5, 13.5, 9, 12.75], "texture": "#0"},
				"west": {"uv": [11.75, 1.5, 9.25, 0.75], "texture": "#0"},
				"up": {"uv": [4.5, 13.5, 9, 16], "rotation": 180, "texture": "#0"}
			}
		},
		{
			"from": [9, 5, 2.975],
			"to": [17, 8, 12.975],
			"faces": {
				"north": {"uv": [11.5, 1.5, 13.5, 2.25], "texture": "#0"},
				"east": {"uv": [9.25, 1.5, 11.75, 2.25], "texture": "#0"},
				"south": {"uv": [7.5, 0, 8.25, 2], "rotation": 90, "texture": "#0"},
				"west": {"uv": [11.75, 1.5, 9.25, 2.25], "texture": "#0"},
				"down": {"uv": [9, 13.5, 11, 16], "texture": "#0"}
			}
		},
		{
			"from": [9, 8, 2.975],
			"to": [17, 5, 12.975],
			"faces": {
				"north": {"uv": [11.5, 2.25, 13.5, 1.5], "texture": "#0"},
				"east": {"uv": [9.25, 2.25, 11.75, 1.5], "texture": "#0"},
				"south": {"uv": [8.25, 0, 7.5, 2], "rotation": 90, "texture": "#0"},
				"west": {"uv": [11.75, 2.25, 9.25, 1.5], "texture": "#0"},
				"up": {"uv": [9, 16, 11, 13.5], "texture": "#0"}
			}
		},
		{
			"from": [-1, 5, 2.975],
			"to": [7, 8, 12.975],
			"faces": {
				"north": {"uv": [14, 1.5, 16, 2.25], "texture": "#0"},
				"east": {"uv": [13.5, 2.25, 16, 3], "texture": "#0"},
				"south": {"uv": [8.25, 0, 9, 2], "rotation": 90, "texture": "#0"},
				"west": {"uv": [16, 2.25, 13.5, 3], "texture": "#0"},
				"down": {"uv": [11, 13.5, 13, 16], "texture": "#0"}
			}
		},
		{
			"from": [-1, 8, 2.975],
			"to": [7, 5, 12.975],
			"faces": {
				"north": {"uv": [14, 2.25, 16, 1.5], "texture": "#0"},
				"east": {"uv": [13.5, 3, 16, 2.25], "texture": "#0"},
				"south": {"uv": [9, 0, 8.25, 2], "rotation": 90, "texture": "#0"},
				"west": {"uv": [16, 3, 13.5, 2.25], "texture": "#0"},
				"up": {"uv": [11, 16, 13, 13.5], "texture": "#0"}
			}
		}
	],
	"display": {
		"thirdperson_righthand": {
			"rotation": [75, 45, 0],
			"translation": [0, 2.5, 0],
			"scale": [0.25, 0.25, 0.25]
		},
		"thirdperson_lefthand": {
			"rotation": [75, 45, 0],
			"translation": [0, 2.5, 0],
			"scale": [0.25, 0.25, 0.25]
		},
		"firstperson_righthand": {
			"rotation": [0, 45, 0],
			"scale": [0.25, 0.25, 0.25]
		},
		"firstperson_lefthand": {
			"rotation": [0, 45, 0],
			"scale": [0.25, 0.25, 0.25]
		},
		"ground": {
			"scale": [0.1, 0.1, 0.1]
		},
		"gui": {
			"rotation": [20, 135, 0],
			"translation": [0, -1, 0],
			"scale": [0.5, 0.5, 0.5]
		},
		"fixed": {
			"rotation": [-90, 0, 0],
			"translation": [0, 0, -16],
			"scale": [2, 2, 2]
		}
	},
	"groups": [
		{
			"name": "drawer",
			"origin": [17.5, 2, 3.5],
			"color": 0,
			"children": [0, 1, 2, 3, 4, 5, 6]
		},
		{
			"name": "shielfs",
			"origin": [0, 0, 0],
			"color": 0,
			"children": [
				{
					"name": "shielf1",
					"origin": [0, 0, 0],
					"color": 0,
					"children": [7, 8]
				},
				{
					"name": "shielf2",
					"origin": [0, 0, 0],
					"color": 0,
					"children": [9, 10]
				},
				{
					"name": "shielf3",
					"origin": [0, 0, 0],
					"color": 0,
					"children": [11, 12]
				},
				{
					"name": "shielf4",
					"origin": [0, 0, 0],
					"color": 0,
					"children": [13, 14]
				}
			]
		}
	]
}