{
	"credit": "Made by Falanta Fantomo with Blockbench",
	"texture_size": [32, 32],
	"textures": {
		"0": "shiver:item/props/props_c17/furniture/hl2_drawer_02",
		"particle": "shiver:item/props/props_c17/furniture/hl2_drawer_02"
	},
	"elements": [
		{
			"from": [1, 14, 4],
			"to": [15, 15, 12],
			"faces": {
				"north": {"uv": [7, 0, 0, 0.5], "texture": "#0"},
				"east": {"uv": [6.5, 0, 7, 4], "rotation": 90, "texture": "#0"},
				"south": {"uv": [0, 3.5, 7, 4], "texture": "#0"},
				"west": {"uv": [0, 4, 0.5, 0], "rotation": 90, "texture": "#0"},
				"up": {"uv": [0, 0, 7, 4], "texture": "#0"},
				"down": {"uv": [0, 4, 7, 0], "texture": "#0"}
			}
		},
		{
			"from": [2.5, 10, 5],
			"to": [13.5, 14, 11],
			"faces": {
				"north": {"uv": [0, 4, 5.5, 6], "texture": "#0"},
				"east": {"uv": [7, 0, 10, 2], "texture": "#0"},
				"south": {"uv": [0, 9, 5.5, 11], "texture": "#0"},
				"west": {"uv": [10, 0, 7, 2], "texture": "#0"},
				"down": {"uv": [0, 6, 5.5, 9], "texture": "#0"}
			}
		},
		{
			"from": [3, 8, 5.5],
			"to": [13, 10, 10.5],
			"faces": {
				"north": {"uv": [0, 11, 5, 12], "texture": "#0"},
				"east": {"uv": [0, 13, 2.5, 14], "texture": "#0"},
				"south": {"uv": [0, 12, 5, 13], "texture": "#0"},
				"west": {"uv": [2.5, 13, 0, 14], "texture": "#0"}
			}
		},
		{
			"from": [2.5, 0, 5],
			"to": [3.5, 10, 6],
			"rotation": {"angle": 0, "axis": "y", "origin": [2.5, 5, 5.5]},
			"faces": {
				"north": {"uv": [0, 15.5, 5, 16], "rotation": 90, "texture": "#0"},
				"east": {"uv": [0, 15.5, 5, 16], "rotation": 90, "texture": "#0"},
				"south": {"uv": [0, 15.5, 5, 16], "rotation": 90, "texture": "#0"},
				"west": {"uv": [0, 15.5, 5, 16], "rotation": 90, "texture": "#0"},
				"down": {"uv": [4.5, 15.5, 5, 16], "rotation": 90, "texture": "#0"}
			}
		},
		{
			"from": [2.5, 0, 10],
			"to": [3.5, 10, 11],
			"rotation": {"angle": 0, "axis": "y", "origin": [2.5, 5, 10.5]},
			"faces": {
				"north": {"uv": [0, 15, 5, 15.5], "rotation": 90, "texture": "#0"},
				"east": {"uv": [0, 15, 5, 15.5], "rotation": 90, "texture": "#0"},
				"south": {"uv": [0, 15, 5, 15.5], "rotation": 90, "texture": "#0"},
				"west": {"uv": [0, 15, 5, 15.5], "rotation": 90, "texture": "#0"},
				"down": {"uv": [4.5, 15, 5, 15.5], "rotation": 90, "texture": "#0"}
			}
		},
		{
			"from": [12.5, 0, 10],
			"to": [13.5, 10, 11],
			"rotation": {"angle": 0, "axis": "y", "origin": [13.5, 5, 10.5]},
			"faces": {
				"north": {"uv": [0, 15.5, 5, 15], "rotation": 90, "texture": "#0"},
				"east": {"uv": [0, 15.5, 5, 15], "rotation": 90, "texture": "#0"},
				"south": {"uv": [0, 15.5, 5, 15], "rotation": 90, "texture": "#0"},
				"west": {"uv": [0, 15.5, 5, 15], "rotation": 90, "texture": "#0"},
				"down": {"uv": [4.5, 15.5, 5, 15], "rotation": 90, "texture": "#0"}
			}
		},
		{
			"from": [12.5, 0, 5],
			"to": [13.5, 10, 6],
			"rotation": {"angle": 0, "axis": "y", "origin": [13.5, 5, 5.5]},
			"faces": {
				"north": {"uv": [0, 16, 5, 15.5], "rotation": 90, "texture": "#0"},
				"east": {"uv": [0, 16, 5, 15.5], "rotation": 90, "texture": "#0"},
				"south": {"uv": [0, 16, 5, 15.5], "rotation": 90, "texture": "#0"},
				"west": {"uv": [0, 16, 5, 15.5], "rotation": 90, "texture": "#0"},
				"down": {"uv": [4.5, 16, 5, 15.5], "rotation": 90, "texture": "#0"}
			}
		}
	],
	"display": {
		"thirdperson_righthand": {
			"rotation": [75, 45, 0],
			"translation": [0, 2.5, 0],
			"scale": [0.25, 0.25, 0.25]
		},
		"thirdperson_lefthand": {
			"rotation": [75, 45, 0],
			"translation": [0, 2.5, 0],
			"scale": [0.25, 0.25, 0.25]
		},
		"firstperson_righthand": {
			"rotation": [0, 45, 0],
			"scale": [0.25, 0.25, 0.25]
		},
		"firstperson_lefthand": {
			"rotation": [0, 45, 0],
			"scale": [0.25, 0.25, 0.25]
		},
		"ground": {
			"scale": [0.1, 0.1, 0.1]
		},
		"gui": {
			"rotation": [20, 135, 0],
			"scale": [0.8, 0.8, 0.8]
		},
		"fixed": {
			"rotation": [-90, 0, 0],
			"translation": [0, 0, -16],
			"scale": [2, 2, 2]
		}
	}
}