{
	"credit": "Made by Falanta Fantomo with Blockbench",
	"texture_size": [64, 64],
	"textures": {
		"0": "shiver:item/props/props_c17/furniture/hl2_fireplace",
		"particle": "shiver:item/props/props_c17/furniture/hl2_fireplace"
	},
	"elements": [
		{
			"from": [0, -7, 4],
			"to": [16, 6, 12],
			"rotation": {"angle": 0, "axis": "y", "origin": [0, -10, 7]},
			"faces": {
				"north": {"uv": [0, 0, 4, 3.25], "texture": "#0"},
				"east": {"uv": [5.75, 0, 3.75, 3.25], "texture": "#0"},
				"south": {"uv": [5.5, 0, 9.5, 3.25], "texture": "#0"},
				"west": {"uv": [3.75, 0, 5.75, 3.25], "texture": "#0"},
				"up": {"uv": [0, 3.25, 4, 5.25], "texture": "#0"},
				"down": {"uv": [4, 3.25, 8, 5.25], "texture": "#0"}
			}
		},
		{
			"from": [2, -8, 5],
			"to": [14, -7, 11],
			"rotation": {"angle": 0, "axis": "y", "origin": [0, -10, 7]},
			"faces": {
				"north": {"uv": [10.75, 3, 11, 0], "rotation": 90, "texture": "#0"},
				"east": {"uv": [9.5, 0, 11, 0.25], "texture": "#0"},
				"south": {"uv": [9.5, 0, 9.75, 3], "rotation": 90, "texture": "#0"},
				"west": {"uv": [11, 2.75, 9.5, 3], "texture": "#0"},
				"down": {"uv": [9.5, 0, 11, 3], "rotation": 90, "texture": "#0"}
			}
		},
		{
			"from": [1, -10.25, 4],
			"to": [1, -7, 6],
			"rotation": {"angle": -22.5, "axis": "z", "origin": [1, -7, 4.5]},
			"faces": {
				"east": {"uv": [16, 0, 15.5, 0.75], "texture": "#0"},
				"west": {"uv": [15.5, 0, 16, 0.75], "texture": "#0"}
			}
		},
		{
			"from": [1, -10.25, 10],
			"to": [1, -7, 12],
			"rotation": {"angle": -22.5, "axis": "z", "origin": [1, -7, 4.5]},
			"faces": {
				"east": {"uv": [15.5, 0, 15, 0.75], "texture": "#0"},
				"west": {"uv": [15, 0, 15.5, 0.75], "texture": "#0"}
			}
		},
		{
			"from": [15, -10.25, 10],
			"to": [15, -7, 12],
			"rotation": {"angle": 22.5, "axis": "z", "origin": [15, -7, 4.5]},
			"faces": {
				"east": {"uv": [15.5, 0, 15, 0.75], "texture": "#0"},
				"west": {"uv": [15, 0, 15.5, 0.75], "texture": "#0"}
			}
		},
		{
			"from": [15, -10.25, 4],
			"to": [15, -7, 6],
			"rotation": {"angle": 22.5, "axis": "z", "origin": [15, -7, 4.5]},
			"faces": {
				"east": {"uv": [16, 0, 15.5, 0.75], "texture": "#0"},
				"west": {"uv": [15.5, 0, 16, 0.75], "texture": "#0"}
			}
		},
		{
			"from": [-2, 4.5, 4],
			"to": [0, 4.5, 12],
			"rotation": {"angle": 0, "axis": "y", "origin": [-1, 4.5, 8]},
			"faces": {
				"up": {"uv": [15.5, 0.75, 16, 2.75], "texture": "#0"},
				"down": {"uv": [15.5, 2.75, 16, 0.75], "texture": "#0"}
			}
		},
		{
			"from": [16, 4.5, 4],
			"to": [18, 4.5, 12],
			"rotation": {"angle": 0, "axis": "y", "origin": [17, 4.5, 8]},
			"faces": {
				"up": {"uv": [16, 0.75, 15.5, 2.75], "texture": "#0"},
				"down": {"uv": [16, 2.75, 15.5, 0.75], "texture": "#0"}
			}
		},
		{
			"from": [2.5, 6, 7.5],
			"to": [5.5, 26, 10.5],
			"rotation": {"angle": 0, "axis": "y", "origin": [0, -10, 0]},
			"faces": {
				"north": {"uv": [0, 5.25, 0.75, 10.25], "texture": "#0"},
				"east": {"uv": [1.5, 5.25, 2.25, 10.25], "texture": "#0"},
				"south": {"uv": [1, 5.25, 1.75, 10.25], "texture": "#0"},
				"west": {"uv": [0.5, 5.25, 1.25, 10.25], "texture": "#0"},
				"up": {"uv": [2.25, 5.25, 3, 6], "texture": "#0"}
			}
		},
		{
			"from": [2.5, 23, 10.5],
			"to": [5.5, 26, 16.5],
			"rotation": {"angle": 0, "axis": "y", "origin": [0, -10, 0]},
			"faces": {
				"east": {"uv": [3, 6.75, 4.5, 7.5], "rotation": 180, "texture": "#0"},
				"south": {"uv": [2.25, 6, 3, 6.75], "texture": "#0"},
				"west": {"uv": [3, 5.75, 4.5, 6.5], "texture": "#0"},
				"up": {"uv": [3, 5.25, 4.5, 6], "rotation": 90, "texture": "#0"},
				"down": {"uv": [3, 6.25, 4.5, 7], "rotation": 270, "texture": "#0"}
			}
		}
	],
	"display": {
		"thirdperson_righthand": {
			"rotation": [75, 45, 0],
			"translation": [0, 2.5, 0],
			"scale": [0.2, 0.2, 0.2]
		},
		"thirdperson_lefthand": {
			"rotation": [75, 45, 0],
			"translation": [0, 2.5, 0],
			"scale": [0.2, 0.2, 0.2]
		},
		"firstperson_righthand": {
			"rotation": [0, 45, 0],
			"scale": [0.3, 0.3, 0.3]
		},
		"firstperson_lefthand": {
			"rotation": [0, 45, 0],
			"scale": [0.3, 0.3, 0.3]
		},
		"ground": {
			"scale": [0.1, 0.1, 0.1]
		},
		"gui": {
			"rotation": [20, 135, 0],
			"translation": [0, 0.25, 0],
			"scale": [0.4, 0.4, 0.4]
		},
		"fixed": {
			"rotation": [-90, 0, 0],
			"translation": [0, 0, -36],
			"scale": [2, 2, 2]
		}
	}
}