{
	"credit": "Made by Falanta Fantomo with Blockbench",
	"texture_size": [32, 32],
	"textures": {
		"0": "shiver:item/props/props_c17/furniture/hl2_sink",
		"particle": "shiver:item/props/props_c17/furniture/hl2_sink"
	},
	"elements": [
		{
			"from": [6, 0, 12],
			"to": [10, 12, 16],
			"faces": {
				"north": {"uv": [14, 2.5, 16, 8.5], "texture": "#0"},
				"east": {"uv": [12.5, 2.5, 14.5, 8.5], "texture": "#0"},
				"south": {"uv": [11, 2.5, 13, 8.5], "texture": "#0"},
				"west": {"uv": [14.5, 2.5, 12.5, 8.5], "texture": "#0"},
				"down": {"uv": [14, 8.5, 16, 10.5], "texture": "#0"}
			}
		},
		{
			"from": [2, 14, 6],
			"to": [14, 16, 16],
			"faces": {
				"north": {"uv": [0, 5.5, 6, 6.5], "rotation": 180, "texture": "#0"},
				"east": {"uv": [5, 11.5, 0, 12.5], "texture": "#0"},
				"south": {"uv": [10, 1.5, 16, 2.5], "texture": "#0"},
				"west": {"uv": [0, 11.5, 5, 12.5], "texture": "#0"},
				"up": {"uv": [0, 6, 6, 11], "texture": "#0"}
			}
		},
		{
			"from": [2, 16, 15],
			"to": [14, 17, 16],
			"faces": {
				"north": {"uv": [6, 10.5, 0, 11], "texture": "#0"},
				"east": {"uv": [5.5, 10.5, 6, 11], "texture": "#0"},
				"south": {"uv": [0, 10.5, 6, 11], "texture": "#0"},
				"west": {"uv": [0, 10.5, 0.5, 11], "texture": "#0"},
				"up": {"uv": [0, 10.5, 6, 11], "texture": "#0"}
			}
		},
		{
			"from": [5, 16.5, 13],
			"to": [7, 16.5, 15],
			"rotation": {"angle": 0, "axis": "y", "origin": [6, 16.5, 14]},
			"faces": {
				"up": {"uv": [6, 0, 7, 1], "texture": "#0"},
				"down": {"uv": [6, 1, 7, 0], "texture": "#0"}
			}
		},
		{
			"from": [9, 16.5, 13],
			"to": [11, 16.5, 15],
			"rotation": {"angle": 0, "axis": "y", "origin": [6, 16.5, 14]},
			"faces": {
				"up": {"uv": [6, 0, 7, 1], "texture": "#0"},
				"down": {"uv": [6, 1, 7, 0], "texture": "#0"}
			}
		},
		{
			"from": [2, 11, 11],
			"to": [14, 14, 16],
			"faces": {
				"east": {"uv": [10.5, 0, 8, 1.5], "texture": "#0"},
				"south": {"uv": [10, 0, 16, 1.5], "texture": "#0"},
				"west": {"uv": [8, 0, 10.5, 1.5], "texture": "#0"}
			}
		},
		{
			"from": [2, 11, 14],
			"to": [14, 11, 16],
			"faces": {
				"down": {"uv": [0, 0, 6, 1], "texture": "#0"}
			}
		},
		{
			"from": [2, 11, 13.225],
			"to": [14, 12, 14],
			"faces": {
				"east": {"uv": [0, 1, 0.5, 1.5], "texture": "#0"},
				"west": {"uv": [5.5, 1, 6, 1.5], "texture": "#0"},
				"down": {"uv": [6, 1, 0, 1.5], "texture": "#0"}
			}
		},
		{
			"from": [2.01, 14, 6],
			"to": [13.99, 16, 13.825],
			"rotation": {"angle": 22.5, "axis": "x", "origin": [8, 14, 6]},
			"faces": {
				"east": {"uv": [6.5, 5.5, 5.5, 1.5], "rotation": 90, "texture": "#0"},
				"west": {"uv": [6.5, 1.5, 5.5, 5.5], "rotation": 90, "texture": "#0"},
				"down": {"uv": [0, 1.5, 6, 5.5], "texture": "#0"}
			}
		},
		{
			"from": [7.5, 16, 14],
			"to": [8.5, 20, 15],
			"rotation": {"angle": 0, "axis": "y", "origin": [8, 20, 15]},
			"faces": {
				"north": {"uv": [15.5, 14, 16, 16], "texture": "#0"},
				"east": {"uv": [15.5, 14, 16, 16], "texture": "#0"},
				"south": {"uv": [15.5, 14, 16, 16], "texture": "#0"},
				"west": {"uv": [15.5, 14, 16, 16], "texture": "#0"}
			}
		},
		{
			"from": [7.5, 19, 12],
			"to": [8.5, 20, 15],
			"rotation": {"angle": 22.5, "axis": "x", "origin": [8, 20, 15]},
			"faces": {
				"north": {"uv": [15.5, 13.5, 16, 14], "rotation": 270, "texture": "#0"},
				"east": {"uv": [15.5, 13.5, 16, 15], "rotation": 270, "texture": "#0"},
				"west": {"uv": [15.5, 13.5, 16, 15], "rotation": 270, "texture": "#0"},
				"up": {"uv": [15.5, 13.5, 16, 15], "rotation": 270, "texture": "#0"},
				"down": {"uv": [15.5, 13.5, 16, 15], "rotation": 270, "texture": "#0"}
			}
		},
		{
			"from": [7.5, 18.14805, 12.22836],
			"to": [8.5, 20.14805, 13.22836],
			"rotation": {"angle": 22.5, "axis": "x", "origin": [8, 21.14805, 12.22836]},
			"faces": {
				"north": {"uv": [15.5, 12, 16, 13], "rotation": 180, "texture": "#0"},
				"east": {"uv": [15.5, 12, 16, 13], "rotation": 180, "texture": "#0"},
				"south": {"uv": [15.5, 12, 16, 13], "rotation": 180, "texture": "#0"},
				"west": {"uv": [15.5, 12, 16, 13], "rotation": 180, "texture": "#0"},
				"down": {"uv": [15.5, 11.5, 16, 12], "rotation": 180, "texture": "#0"}
			}
		},
		{
			"from": [3, 13, 13],
			"to": [13, 16, 13],
			"rotation": {"angle": 0, "axis": "y", "origin": [8, 15, 7]},
			"faces": {
				"north": {"uv": [6, 14.5, 11, 16], "texture": "#0"}
			}
		},
		{
			"from": [13, 13, 7],
			"to": [13, 16, 13],
			"rotation": {"angle": 0, "axis": "y", "origin": [13, 14.5, 10]},
			"faces": {
				"west": {"uv": [11, 14.5, 14, 16], "texture": "#0"}
			}
		},
		{
			"from": [3, 13, 7],
			"to": [3, 16, 13],
			"rotation": {"angle": 0, "axis": "y", "origin": [3, 14.5, 10]},
			"faces": {
				"east": {"uv": [14, 14.5, 11, 16], "texture": "#0"}
			}
		},
		{
			"from": [3, 13, 11.825],
			"to": [13, 13, 13],
			"rotation": {"angle": 0, "axis": "y", "origin": [8, 15, 7]},
			"faces": {
				"up": {"uv": [0, 12.5, 5, 13], "texture": "#0"}
			}
		},
		{
			"from": [3, 15, 7],
			"to": [13, 16, 7],
			"rotation": {"angle": 0, "axis": "y", "origin": [8, 15, 7]},
			"faces": {
				"south": {"uv": [0, 15.5, 5, 16], "texture": "#0"}
			}
		},
		{
			"from": [3, 15, 7],
			"to": [13, 15, 12.225],
			"rotation": {"angle": 22.5, "axis": "x", "origin": [8, 15, 7]},
			"faces": {
				"up": {"uv": [0, 13, 5, 15.5], "texture": "#0"}
			}
		}
	],
	"display": {
		"thirdperson_righthand": {
			"rotation": [75, 45, 0],
			"translation": [0, 2.5, 0],
			"scale": [0.2, 0.2, 0.2]
		},
		"thirdperson_lefthand": {
			"rotation": [75, 45, 0],
			"translation": [0, 2.5, 0],
			"scale": [0.2, 0.2, 0.2]
		},
		"firstperson_righthand": {
			"rotation": [0, 45, 0],
			"scale": [0.2, 0.2, 0.2]
		},
		"firstperson_lefthand": {
			"rotation": [0, 45, 0],
			"scale": [0.2, 0.2, 0.2]
		},
		"ground": {
			"scale": [0.1, 0.1, 0.1]
		},
		"gui": {
			"rotation": [20, 135, 0],
			"translation": [-1.75, -2.75, 0],
			"scale": [0.7, 0.7, 0.7]
		},
		"head": {
			"translation": [0, -16.5, -6],
			"scale": [1.6, 1.6, 1.6]
		},
		"fixed": {
			"rotation": [-90, 0, 0],
			"translation": [0, 0, -16],
			"scale": [2, 2, 2]
		}
	},
	"groups": [
		0,
		1,
		2,
		3,
		4,
		5,
		6,
		7,
		8,
		9,
		10,
		11,
		{
			"name": "inside",
			"origin": [8, 15, 7],
			"color": 0,
			"children": [12, 13, 14, 15, 16, 17]
		}
	]
}