{
	"credit": "Made by Falanta Fantomo with Blockbench",
	"texture_size": [32, 32],
	"textures": {
		"0": "shiver:item/props/props_c17/furniture/hl2_table_02",
		"particle": "shiver:item/props/props_c17/furniture/hl2_table_02"
	},
	"elements": [
		{
			"from": [-7, 15, 0],
			"to": [23, 16, 16],
			"faces": {
				"north": {"uv": [15, 0, 0, 0.5], "texture": "#0"},
				"east": {"uv": [14.5, 0, 15, 8], "rotation": 90, "texture": "#0"},
				"south": {"uv": [0, 7.5, 15, 8], "texture": "#0"},
				"west": {"uv": [0, 8, 0.5, 0], "rotation": 90, "texture": "#0"},
				"up": {"uv": [0, 0, 15, 8], "texture": "#0"},
				"down": {"uv": [0, 8, 15, 0], "texture": "#0"}
			}
		},
		{
			"from": [-5, 0, 1],
			"to": [-4, 15, 2],
			"faces": {
				"north": {"uv": [15.5, 0, 16, 7.5], "texture": "#0"},
				"east": {"uv": [15.5, 0, 16, 7.5], "texture": "#0"},
				"south": {"uv": [15.5, 0, 16, 7.5], "texture": "#0"},
				"west": {"uv": [15.5, 0, 16, 7.5], "texture": "#0"},
				"down": {"uv": [15.5, 7, 16, 7.5], "texture": "#0"}
			}
		},
		{
			"from": [-5, 0, 14],
			"to": [-4, 15, 15],
			"rotation": {"angle": 0, "axis": "y", "origin": [0, 0, 16]},
			"faces": {
				"north": {"uv": [16, 0, 15.5, 7.5], "texture": "#0"},
				"east": {"uv": [16, 0, 15.5, 7.5], "texture": "#0"},
				"south": {"uv": [16, 0, 15.5, 7.5], "texture": "#0"},
				"west": {"uv": [16, 0, 15.5, 7.5], "texture": "#0"},
				"down": {"uv": [15.5, 7.5, 16, 7], "texture": "#0"}
			}
		},
		{
			"from": [20, 0, 14],
			"to": [21, 15, 15],
			"rotation": {"angle": 0, "axis": "y", "origin": [16, 0, 16]},
			"faces": {
				"north": {"uv": [15.5, 0, 16, 7.5], "texture": "#0"},
				"east": {"uv": [15.5, 0, 16, 7.5], "texture": "#0"},
				"south": {"uv": [15.5, 0, 16, 7.5], "texture": "#0"},
				"west": {"uv": [15.5, 0, 16, 7.5], "texture": "#0"},
				"down": {"uv": [16, 7.5, 15.5, 7], "texture": "#0"}
			}
		},
		{
			"from": [20, 0, 1],
			"to": [21, 15, 2],
			"rotation": {"angle": 0, "axis": "y", "origin": [16, 0, 0]},
			"faces": {
				"north": {"uv": [16, 0, 15.5, 7.5], "texture": "#0"},
				"east": {"uv": [16, 0, 15.5, 7.5], "texture": "#0"},
				"south": {"uv": [16, 0, 15.5, 7.5], "texture": "#0"},
				"west": {"uv": [16, 0, 15.5, 7.5], "texture": "#0"},
				"down": {"uv": [16, 7, 15.5, 7.5], "texture": "#0"}
			}
		},
		{
			"from": [-4.5, 12, 1.5],
			"to": [20.5, 13, 14.5],
			"faces": {
				"north": {"uv": [0, 8, 12.5, 8.5], "texture": "#0"},
				"east": {"uv": [0, 8.5, 6.5, 9], "texture": "#0"},
				"south": {"uv": [0, 8, 12.5, 8.5], "texture": "#0"},
				"west": {"uv": [0, 8.5, 6.5, 9], "texture": "#0"}
			}
		},
		{
			"from": [-4.5, 13, 1.5],
			"to": [20.5, 12, 14.5],
			"faces": {
				"north": {"uv": [0, 8, 12.5, 8.5], "texture": "#0"},
				"east": {"uv": [0, 8.5, 6.5, 9], "texture": "#0"},
				"south": {"uv": [0, 8, 12.5, 8.5], "texture": "#0"},
				"west": {"uv": [0, 8.5, 6.5, 9], "texture": "#0"}
			}
		}
	],
	"gui_light": "front",
	"display": {
		"gui": {
			"rotation": [27, 36, 0],
			"scale": [0.5, 0.5, 0.5]
		}
	}
}