{
	"credit": "Made with Blockbench",
	"textures": {
		"0": "shiver:item/props/plants/flower_pot1",
		"1": "shiver:item/props/plants/flower_pot2",
		"particle": "shiver:item/props/plants/flower_pot1"
	},
	"elements": [
		{
			"from": [5.9, 8, 6.1],
			"to": [10.9, 11, 11.1],
			"rotation": {"angle": 0, "axis": "y", "origin": [3.9, 8, 4.1]},
			"faces": {
				"north": {"uv": [0, 0, 5, 3], "texture": "#0"},
				"east": {"uv": [0, 3, 5, 6], "texture": "#0"},
				"south": {"uv": [0, 0, 5, 3], "texture": "#0"},
				"west": {"uv": [0, 3, 5, 6], "texture": "#0"},
				"down": {"uv": [0, 0, 5, 5], "texture": "#1"}
			}
		},
		{
			"from": [5.4, 11, 5.6],
			"to": [11.4, 13, 11.6],
			"rotation": {"angle": 0, "axis": "y", "origin": [3.9, 8, 4.1]},
			"faces": {
				"north": {"uv": [5, 5, 11, 7], "texture": "#0"},
				"east": {"uv": [5, 6, 11, 8], "texture": "#0"},
				"south": {"uv": [5, 5, 11, 7], "texture": "#0"},
				"west": {"uv": [5, 6, 11, 8], "texture": "#0"},
				"up": {"uv": [5, 0, 11, 6], "texture": "#0"},
				"down": {"uv": [5, 0, 11, 6], "texture": "#0"}
			}
		},
		{
			"from": [3.9, 13, 8.1],
			"to": [12.9, 21, 8.1],
			"rotation": {"angle": 45, "axis": "y", "origin": [8.4, 8, 8.6]},
			"faces": {
				"north": {"uv": [0, 8, 9, 16], "texture": "#0"},
				"east": {"uv": [0, 0, 0, 7], "texture": "#missing"},
				"south": {"uv": [0, 8, 9, 16], "texture": "#0"},
				"west": {"uv": [0, 0, 0, 7], "texture": "#missing"},
				"up": {"uv": [0, 0, 7, 0], "texture": "#missing"},
				"down": {"uv": [0, 0, 7, 0], "texture": "#missing"}
			}
		},
		{
			"from": [5.9, 13, 7.1],
			"to": [10.9, 18, 7.1],
			"rotation": {"angle": 45, "axis": "y", "origin": [8.4, 8, 8.6]},
			"faces": {
				"north": {"uv": [11, 1, 16, 5], "texture": "#0"},
				"east": {"uv": [0, 0, 0, 7], "texture": "#missing"},
				"south": {"uv": [11, 1, 16, 5], "texture": "#0"},
				"west": {"uv": [0, 0, 0, 7], "texture": "#missing"},
				"up": {"uv": [0, 0, 7, 0], "texture": "#missing"},
				"down": {"uv": [0, 0, 7, 0], "texture": "#missing"}
			}
		},
		{
			"from": [9.4, 13, 4.85],
			"to": [9.4, 19, 10.85],
			"rotation": {"angle": 45, "axis": "y", "origin": [8.4, 8, 8.6]},
			"faces": {
				"north": {"uv": [0, 0, 0, 7], "texture": "#missing"},
				"east": {"uv": [1, 10, 7, 16], "texture": "#0"},
				"south": {"uv": [0, 0, 0, 7], "texture": "#missing"},
				"west": {"uv": [1, 10, 7, 16], "texture": "#0"},
				"up": {"uv": [0, 0, 0, 7], "texture": "#missing"},
				"down": {"uv": [0, 0, 0, 7], "texture": "#missing"}
			}
		},
		{
			"from": [8.4, 13, 6.1],
			"to": [8.4, 19, 11.1],
			"rotation": {"angle": 45, "axis": "y", "origin": [8.4, 8, 8.6]},
			"faces": {
				"north": {"uv": [0, 0, 0, 7], "texture": "#missing"},
				"east": {"uv": [11, 0, 16, 5], "texture": "#0"},
				"south": {"uv": [0, 0, 0, 7], "texture": "#missing"},
				"west": {"uv": [11, 0, 16, 5], "texture": "#0"},
				"up": {"uv": [0, 0, 0, 7], "texture": "#missing"},
				"down": {"uv": [0, 0, 0, 7], "texture": "#missing"}
			}
		}
	],
	"gui_light": "front",
	"display": {
		"thirdperson_righthand": {
			"translation": [0, 0, -1.25],
			"scale": [0.5, 0.5, 0.5]
		},
		"thirdperson_lefthand": {
			"translation": [0, 0, -1.25],
			"scale": [0.5, 0.5, 0.5]
		},
		"firstperson_righthand": {
			"scale": [0.5, 0.5, 0.5]
		},
		"firstperson_lefthand": {
			"scale": [0.5, 0.5, 0.5]
		},
		"ground": {
			"scale": [0.5, 0.5, 0.5]
		},
		"gui": {
			"rotation": [30, 45, 0],
			"translation": [0, -3.75, 0]
		},
		"head": {
			"translation": [0, 14, 0]
		},
		"fixed": {
			"rotation": [-90, 0, 0],
			"translation": [0, 0, -14],
			"scale": [2, 2, 2]
		}
	}
}