{
	"credit": "by 2M3V",
	"textures": {
		"0": "shiver:block/leaves",
		"1": "shiver:block/leaves1",
		"2": "shiver:block/leaves2",
		"particle": "shiver:block/leaves"
	},
	"elements": [
		{
			"from": [0, 0.15, 0],
			"to": [16, 0.15, 16],
			"rotation": {"angle": 0, "axis": "y", "origin": [0, -0.9, 0]},
			"faces": {
				"north": {"uv": [0, 0, 16, 0], "texture": "#missing"},
				"east": {"uv": [0, 0, 16, 0], "texture": "#missing"},
				"south": {"uv": [0, 0, 16, 0], "texture": "#missing"},
				"west": {"uv": [0, 0, 16, 0], "texture": "#missing"},
				"up": {"uv": [0, 0, 16, 16], "texture": "#0"}
			}
		},
		{
			"from": [3, 0.15, 16],
			"to": [19, 0.15, 32],
			"rotation": {"angle": 0, "axis": "y", "origin": [3, -0.9, 16]},
			"faces": {
				"north": {"uv": [0, 0, 16, 0], "texture": "#missing"},
				"east": {"uv": [0, 0, 16, 0], "texture": "#missing"},
				"south": {"uv": [0, 0, 16, 0], "texture": "#missing"},
				"west": {"uv": [0, 0, 16, 0], "texture": "#missing"},
				"up": {"uv": [0, 0, 16, 16], "texture": "#1"}
			}
		},
		{
			"from": [-16, 0.15, 7],
			"to": [0, 0.15, 23],
			"rotation": {"angle": 0, "axis": "y", "origin": [-16, -0.9, 7]},
			"faces": {
				"north": {"uv": [0, 0, 16, 0], "texture": "#missing"},
				"east": {"uv": [0, 0, 16, 0], "texture": "#missing"},
				"south": {"uv": [0, 0, 16, 0], "texture": "#missing"},
				"west": {"uv": [0, 0, 16, 0], "texture": "#missing"},
				"up": {"uv": [0, 0, 16, 16], "texture": "#2"}
			}
		},
		{
			"from": [-11, 0.15, -13],
			"to": [5, 0.15, 3],
			"rotation": {"angle": 0, "axis": "y", "origin": [-11, -0.9, -13]},
			"faces": {
				"north": {"uv": [0, 0, 16, 0], "texture": "#missing"},
				"east": {"uv": [0, 0, 16, 0], "texture": "#missing"},
				"south": {"uv": [0, 0, 16, 0], "texture": "#missing"},
				"west": {"uv": [0, 0, 16, 0], "texture": "#missing"},
				"up": {"uv": [16, 16, 0, 0], "texture": "#2"}
			}
		},
		{
			"from": [6, 0.15, -16],
			"to": [22, 0.15, 0],
			"rotation": {"angle": 0, "axis": "y", "origin": [6, -0.9, -16]},
			"faces": {
				"north": {"uv": [0, 0, 16, 0], "texture": "#missing"},
				"east": {"uv": [0, 0, 16, 0], "texture": "#missing"},
				"south": {"uv": [0, 0, 16, 0], "texture": "#missing"},
				"west": {"uv": [0, 0, 16, 0], "texture": "#missing"},
				"up": {"uv": [0, 0, 16, 16], "texture": "#1"}
			}
		},
		{
			"from": [16, 0.15, 4],
			"to": [32, 0.15, 20],
			"rotation": {"angle": 0, "axis": "y", "origin": [16, -0.9, 4]},
			"faces": {
				"north": {"uv": [0, 0, 16, 0], "texture": "#missing"},
				"east": {"uv": [0, 0, 16, 0], "texture": "#missing"},
				"south": {"uv": [0, 0, 16, 0], "texture": "#missing"},
				"west": {"uv": [0, 0, 16, 0], "texture": "#missing"},
				"up": {"uv": [0, 0, 16, 16], "texture": "#2"}
			}
		}
	],
	"gui_light": "front",
	"display": {
		"thirdperson_righthand": {
			"rotation": [60, 46, 0],
			"translation": [0, 2.5, 2.5],
			"scale": [0.5, 0.5, 0.5]
		},
		"firstperson_righthand": {
			"rotation": [17, -30, 30],
			"translation": [2.25, 3.75, -4.5],
			"scale": [0.5, 0.5, 0.5]
		},
		"ground": {
			"translation": [0, 7.25, 0],
			"scale": [0.5, 0.5, 0.5]
		},
		"gui": {
			"rotation": [90, 0, 0],
			"scale": [0.5, 0.5, 0.5]
		}
	}
}