{
	"credit": "Made with Blockbench",
	"textures": {
		"0": "shiver:block/rail",
		"1": "shiver:block/polished_deepslate",
		"2": "shiver:block/chiseled_deepslate",
		"particle": "shiver:block/rail"
	},
	"elements": [
		{
			"from": [0, 0.1, 3],
			"to": [8, 0.1, 5],
			"rotation": {"angle": 0, "axis": "y", "origin": [2, 0.1, 1]},
			"faces": {
				"north": {"uv": [0, 0, 16, 0], "texture": "#0"},
				"east": {"uv": [0, 0, 2, 0], "texture": "#0"},
				"south": {"uv": [0, 0, 16, 0], "texture": "#0"},
				"west": {"uv": [0, 0, 2, 0], "texture": "#0"},
				"up": {"uv": [4, 1, 12, 3], "texture": "#0"}
			}
		},
		{
			"from": [-2, 0, 0],
			"to": [0, 1, 16],
			"rotation": {"angle": 0, "axis": "y", "origin": [-5, 0, 0]},
			"faces": {
				"north": {"uv": [12, 0, 14, 1], "texture": "#0"},
				"east": {"uv": [3, 0, 4, 16], "rotation": 90, "texture": "#0"},
				"south": {"uv": [2, 0, 4, 1], "texture": "#0"},
				"west": {"uv": [3, 0, 4, 16], "rotation": 90, "texture": "#0"},
				"up": {"uv": [4, 0, 2, 16], "texture": "#0"},
				"down": {"uv": [2, 0, 4, 16], "texture": "#0"}
			}
		},
		{
			"from": [16, 0, 0],
			"to": [18, 1, 16],
			"rotation": {"angle": 0, "axis": "y", "origin": [13, 0, 0]},
			"faces": {
				"north": {"uv": [4, 0, 2, 1], "texture": "#0"},
				"east": {"uv": [13, 0, 14, 16], "rotation": 90, "texture": "#0"},
				"south": {"uv": [2, 0, 4, 1], "texture": "#0"},
				"west": {"uv": [13, 0, 14, 16], "rotation": 90, "texture": "#0"},
				"up": {"uv": [2, 0, 4, 16], "texture": "#0"},
				"down": {"uv": [14, 0, 12, 16], "texture": "#0"}
			}
		},
		{
			"from": [0, 0.1, 11],
			"to": [8, 0.1, 13],
			"rotation": {"angle": 0, "axis": "y", "origin": [2, 0.1, 9]},
			"faces": {
				"north": {"uv": [0, 0, 16, 0], "texture": "#0"},
				"east": {"uv": [0, 0, 2, 0], "texture": "#0"},
				"south": {"uv": [0, 0, 16, 0], "texture": "#0"},
				"west": {"uv": [0, 0, 2, 0], "texture": "#0"},
				"up": {"uv": [4, 1, 12, 3], "texture": "#0"}
			}
		},
		{
			"from": [8, 0.1, 11],
			"to": [16, 0.1, 13],
			"rotation": {"angle": 0, "axis": "y", "origin": [10, 0.1, 9]},
			"faces": {
				"north": {"uv": [0, 0, 16, 0], "texture": "#0"},
				"east": {"uv": [0, 0, 2, 0], "texture": "#0"},
				"south": {"uv": [0, 0, 16, 0], "texture": "#0"},
				"west": {"uv": [0, 0, 2, 0], "texture": "#0"},
				"up": {"uv": [4, 13, 12, 15], "texture": "#0"}
			}
		},
		{
			"from": [8, 0.1, 3],
			"to": [16, 0.1, 5],
			"rotation": {"angle": 0, "axis": "y", "origin": [10, 0.1, 1]},
			"faces": {
				"north": {"uv": [0, 0, 16, 0], "texture": "#0"},
				"east": {"uv": [0, 0, 2, 0], "texture": "#0"},
				"south": {"uv": [0, 0, 16, 0], "texture": "#0"},
				"west": {"uv": [0, 0, 2, 0], "texture": "#0"},
				"up": {"uv": [4, 13, 12, 15], "texture": "#0"}
			}
		},
		{
			"from": [0, 0.1, -13],
			"to": [8, 0.1, -11],
			"rotation": {"angle": 0, "axis": "y", "origin": [2, 0.1, -15]},
			"faces": {
				"north": {"uv": [0, 0, 16, 0], "texture": "#0"},
				"east": {"uv": [0, 0, 2, 0], "texture": "#0"},
				"south": {"uv": [0, 0, 16, 0], "texture": "#0"},
				"west": {"uv": [0, 0, 2, 0], "texture": "#0"},
				"up": {"uv": [4, 1, 12, 3], "texture": "#0"}
			}
		},
		{
			"from": [16, 0, -16],
			"to": [18, 1, 0],
			"rotation": {"angle": 0, "axis": "y", "origin": [13, 0, -16]},
			"faces": {
				"north": {"uv": [4, 0, 2, 1], "texture": "#0"},
				"east": {"uv": [13, 0, 14, 16], "rotation": 90, "texture": "#0"},
				"south": {"uv": [2, 0, 4, 1], "texture": "#0"},
				"west": {"uv": [13, 0, 14, 16], "rotation": 90, "texture": "#0"},
				"up": {"uv": [2, 0, 4, 16], "texture": "#0"},
				"down": {"uv": [14, 0, 12, 16], "texture": "#0"}
			}
		},
		{
			"from": [0, 0.1, -5],
			"to": [8, 0.1, -3],
			"rotation": {"angle": 0, "axis": "y", "origin": [2, 0.1, -7]},
			"faces": {
				"north": {"uv": [0, 0, 16, 0], "texture": "#0"},
				"east": {"uv": [0, 0, 2, 0], "texture": "#0"},
				"south": {"uv": [0, 0, 16, 0], "texture": "#0"},
				"west": {"uv": [0, 0, 2, 0], "texture": "#0"},
				"up": {"uv": [4, 1, 12, 3], "texture": "#0"}
			}
		},
		{
			"from": [8, 0.1, -5],
			"to": [16, 0.1, -3],
			"rotation": {"angle": 0, "axis": "y", "origin": [10, 0.1, -7]},
			"faces": {
				"north": {"uv": [0, 0, 16, 0], "texture": "#0"},
				"east": {"uv": [0, 0, 2, 0], "texture": "#0"},
				"south": {"uv": [0, 0, 16, 0], "texture": "#0"},
				"west": {"uv": [0, 0, 2, 0], "texture": "#0"},
				"up": {"uv": [4, 13, 12, 15], "texture": "#0"}
			}
		},
		{
			"from": [8, 0.1, -13],
			"to": [16, 0.1, -11],
			"rotation": {"angle": 0, "axis": "y", "origin": [10, 0.1, -15]},
			"faces": {
				"north": {"uv": [0, 0, 16, 0], "texture": "#0"},
				"east": {"uv": [0, 0, 2, 0], "texture": "#0"},
				"south": {"uv": [0, 0, 16, 0], "texture": "#0"},
				"west": {"uv": [0, 0, 2, 0], "texture": "#0"},
				"up": {"uv": [4, 13, 12, 15], "texture": "#0"}
			}
		},
		{
			"from": [-2, 0, -16],
			"to": [0, 1, 0],
			"rotation": {"angle": 0, "axis": "y", "origin": [-5, 0, -16]},
			"faces": {
				"north": {"uv": [12, 0, 14, 1], "texture": "#0"},
				"east": {"uv": [3, 0, 4, 16], "rotation": 90, "texture": "#0"},
				"south": {"uv": [2, 0, 4, 1], "texture": "#0"},
				"west": {"uv": [3, 0, 4, 16], "rotation": 90, "texture": "#0"},
				"up": {"uv": [4, 0, 2, 16], "texture": "#0"},
				"down": {"uv": [2, 0, 4, 16], "texture": "#0"}
			}
		},
		{
			"from": [0, 0.1, 19],
			"to": [8, 0.1, 21],
			"rotation": {"angle": 0, "axis": "y", "origin": [2, 0.1, 17]},
			"faces": {
				"north": {"uv": [0, 0, 16, 0], "texture": "#0"},
				"east": {"uv": [0, 0, 2, 0], "texture": "#0"},
				"south": {"uv": [0, 0, 16, 0], "texture": "#0"},
				"west": {"uv": [0, 0, 2, 0], "texture": "#0"},
				"up": {"uv": [4, 1, 12, 3], "texture": "#0"}
			}
		},
		{
			"from": [-2, 0, 16],
			"to": [0, 1, 32],
			"rotation": {"angle": 0, "axis": "y", "origin": [-5, 0, 16]},
			"faces": {
				"north": {"uv": [12, 0, 14, 1], "texture": "#0"},
				"east": {"uv": [3, 0, 4, 16], "rotation": 90, "texture": "#0"},
				"south": {"uv": [2, 0, 4, 1], "texture": "#0"},
				"west": {"uv": [3, 0, 4, 16], "rotation": 90, "texture": "#0"},
				"up": {"uv": [4, 0, 2, 16], "texture": "#0"},
				"down": {"uv": [2, 0, 4, 16], "texture": "#0"}
			}
		},
		{
			"from": [16, 0, 16],
			"to": [18, 1, 32],
			"rotation": {"angle": 0, "axis": "y", "origin": [13, 0, 16]},
			"faces": {
				"north": {"uv": [4, 0, 2, 1], "texture": "#0"},
				"east": {"uv": [13, 0, 14, 16], "rotation": 90, "texture": "#0"},
				"south": {"uv": [2, 0, 4, 1], "texture": "#0"},
				"west": {"uv": [13, 0, 14, 16], "rotation": 90, "texture": "#0"},
				"up": {"uv": [2, 0, 4, 16], "texture": "#0"},
				"down": {"uv": [14, 0, 12, 16], "texture": "#0"}
			}
		},
		{
			"from": [0, 0.1, 27],
			"to": [8, 0.1, 29],
			"rotation": {"angle": 0, "axis": "y", "origin": [2, 0.1, 25]},
			"faces": {
				"north": {"uv": [0, 0, 16, 0], "texture": "#0"},
				"east": {"uv": [0, 0, 2, 0], "texture": "#0"},
				"south": {"uv": [0, 0, 16, 0], "texture": "#0"},
				"west": {"uv": [0, 0, 2, 0], "texture": "#0"},
				"up": {"uv": [4, 1, 12, 3], "texture": "#0"}
			}
		},
		{
			"from": [8, 0.1, 27],
			"to": [16, 0.1, 29],
			"rotation": {"angle": 0, "axis": "y", "origin": [10, 0.1, 25]},
			"faces": {
				"north": {"uv": [0, 0, 16, 0], "texture": "#0"},
				"east": {"uv": [0, 0, 2, 0], "texture": "#0"},
				"south": {"uv": [0, 0, 16, 0], "texture": "#0"},
				"west": {"uv": [0, 0, 2, 0], "texture": "#0"},
				"up": {"uv": [4, 13, 12, 15], "texture": "#0"}
			}
		},
		{
			"from": [8, 0.1, 19],
			"to": [16, 0.1, 21],
			"rotation": {"angle": 0, "axis": "y", "origin": [10, 0.1, 17]},
			"faces": {
				"north": {"uv": [0, 0, 16, 0], "texture": "#0"},
				"east": {"uv": [0, 0, 2, 0], "texture": "#0"},
				"south": {"uv": [0, 0, 16, 0], "texture": "#0"},
				"west": {"uv": [0, 0, 2, 0], "texture": "#0"},
				"up": {"uv": [4, 13, 12, 15], "texture": "#0"}
			}
		},
		{
			"from": [-2, -2, -16],
			"to": [18, 0, 0],
			"rotation": {"angle": 0, "axis": "y", "origin": [0, -2, 0]},
			"faces": {
				"north": {"uv": [0, 0, 16, 2], "texture": "#1"},
				"east": {"uv": [0, 0, 16, 2], "texture": "#1"},
				"south": {"uv": [0, 0, 16, 2], "texture": "#1"},
				"west": {"uv": [0, 0, 16, 2], "texture": "#1"},
				"up": {"uv": [0, 0, 16, 16], "texture": "#1"},
				"down": {"uv": [0, 0, 16, 16], "texture": "#1"}
			}
		},
		{
			"from": [18, -2, -16],
			"to": [20, 3, 0],
			"rotation": {"angle": 0, "axis": "y", "origin": [0, -2, 0]},
			"faces": {
				"north": {"uv": [0, 0, 2, 5], "texture": "#1"},
				"east": {"uv": [0, 0, 16, 5], "texture": "#1"},
				"south": {"uv": [0, 0, 2, 5], "texture": "#1"},
				"west": {"uv": [0, 0, 16, 5], "texture": "#1"},
				"up": {"uv": [0, 0, 2, 16], "texture": "#1"},
				"down": {"uv": [0, 0, 2, 16], "texture": "#1"}
			}
		},
		{
			"from": [-4, -2, -16],
			"to": [-2, 3, 0],
			"rotation": {"angle": 0, "axis": "y", "origin": [-22, -2, 0]},
			"faces": {
				"north": {"uv": [0, 0, 2, 5], "texture": "#1"},
				"east": {"uv": [0, 0, 16, 5], "texture": "#1"},
				"south": {"uv": [0, 0, 2, 5], "texture": "#1"},
				"west": {"uv": [0, 0, 16, 5], "texture": "#1"},
				"up": {"uv": [0, 0, 2, 16], "texture": "#1"},
				"down": {"uv": [0, 0, 2, 16], "texture": "#1"}
			}
		},
		{
			"from": [-2, -2, 0],
			"to": [18, 0, 16],
			"rotation": {"angle": 0, "axis": "y", "origin": [0, -2, 16]},
			"faces": {
				"north": {"uv": [0, 0, 16, 2], "texture": "#1"},
				"east": {"uv": [0, 0, 16, 2], "texture": "#1"},
				"south": {"uv": [0, 0, 16, 2], "texture": "#1"},
				"west": {"uv": [0, 0, 16, 2], "texture": "#1"},
				"up": {"uv": [0, 0, 16, 16], "texture": "#1"},
				"down": {"uv": [0, 0, 16, 16], "texture": "#1"}
			}
		},
		{
			"from": [18, -2, 0],
			"to": [20, 3, 16],
			"rotation": {"angle": 0, "axis": "y", "origin": [0, -2, 16]},
			"faces": {
				"north": {"uv": [0, 0, 2, 5], "texture": "#1"},
				"east": {"uv": [0, 0, 16, 5], "texture": "#1"},
				"south": {"uv": [0, 0, 2, 5], "texture": "#1"},
				"west": {"uv": [0, 0, 16, 5], "texture": "#1"},
				"up": {"uv": [0, 0, 2, 16], "texture": "#1"},
				"down": {"uv": [0, 0, 2, 16], "texture": "#1"}
			}
		},
		{
			"from": [18, -2, 0],
			"to": [20, 3, 16],
			"rotation": {"angle": 0, "axis": "y", "origin": [0, -2, 16]},
			"faces": {
				"north": {"uv": [0, 0, 2, 5], "texture": "#1"},
				"east": {"uv": [0, 0, 16, 5], "texture": "#1"},
				"south": {"uv": [0, 0, 2, 5], "texture": "#1"},
				"west": {"uv": [0, 0, 16, 5], "texture": "#1"},
				"up": {"uv": [0, 0, 2, 16], "texture": "#1"},
				"down": {"uv": [0, 0, 2, 16], "texture": "#1"}
			}
		},
		{
			"from": [-4, -2, 0],
			"to": [-2, 3, 16],
			"rotation": {"angle": 0, "axis": "y", "origin": [-22, -2, 16]},
			"faces": {
				"north": {"uv": [0, 0, 2, 5], "texture": "#1"},
				"east": {"uv": [0, 0, 16, 5], "texture": "#1"},
				"south": {"uv": [0, 0, 2, 5], "texture": "#1"},
				"west": {"uv": [0, 0, 16, 5], "texture": "#1"},
				"up": {"uv": [0, 0, 2, 16], "texture": "#1"},
				"down": {"uv": [0, 0, 2, 16], "texture": "#1"}
			}
		},
		{
			"from": [-2, -2, 16],
			"to": [18, 0, 32],
			"rotation": {"angle": 0, "axis": "y", "origin": [0, -2, 32]},
			"faces": {
				"north": {"uv": [0, 0, 16, 2], "texture": "#1"},
				"east": {"uv": [0, 0, 16, 2], "texture": "#1"},
				"south": {"uv": [0, 0, 16, 2], "texture": "#1"},
				"west": {"uv": [0, 0, 16, 2], "texture": "#1"},
				"up": {"uv": [0, 0, 16, 16], "texture": "#1"},
				"down": {"uv": [0, 0, 16, 16], "texture": "#1"}
			}
		},
		{
			"from": [18, -2, 16],
			"to": [20, 3, 32],
			"rotation": {"angle": 0, "axis": "y", "origin": [0, -2, 32]},
			"faces": {
				"north": {"uv": [0, 0, 2, 5], "texture": "#1"},
				"east": {"uv": [0, 0, 16, 5], "texture": "#1"},
				"south": {"uv": [0, 0, 2, 5], "texture": "#1"},
				"west": {"uv": [0, 0, 16, 5], "texture": "#1"},
				"up": {"uv": [0, 0, 2, 16], "texture": "#1"},
				"down": {"uv": [0, 0, 2, 16], "texture": "#1"}
			}
		},
		{
			"from": [-4, -2, 16],
			"to": [-2, 3, 32],
			"rotation": {"angle": 0, "axis": "y", "origin": [-22, -2, 32]},
			"faces": {
				"north": {"uv": [0, 0, 2, 5], "texture": "#1"},
				"east": {"uv": [0, 0, 16, 5], "texture": "#1"},
				"south": {"uv": [0, 0, 2, 5], "texture": "#1"},
				"west": {"uv": [0, 0, 16, 5], "texture": "#1"},
				"up": {"uv": [0, 0, 2, 16], "texture": "#1"},
				"down": {"uv": [0, 0, 2, 16], "texture": "#1"}
			}
		},
		{
			"from": [-6, -7, 0],
			"to": [-4, 1, 15],
			"rotation": {"angle": 0, "axis": "y", "origin": [-6, -1, 0]},
			"faces": {
				"north": {"uv": [0, 0, 2, 8], "texture": "#2"},
				"east": {"uv": [0, 0, 15, 8], "texture": "#2"},
				"south": {"uv": [0, 0, 2, 8], "texture": "#2"},
				"west": {"uv": [0, 0, 15, 8], "texture": "#2"},
				"up": {"uv": [0, 0, 2, 15], "texture": "#2"},
				"down": {"uv": [0, 0, 2, 15], "texture": "#2"}
			}
		},
		{
			"from": [20, -7, 0],
			"to": [22, 1, 15],
			"rotation": {"angle": 0, "axis": "y", "origin": [20, -1, 0]},
			"faces": {
				"north": {"uv": [0, 0, 2, 8], "texture": "#2"},
				"east": {"uv": [0, 0, 15, 8], "texture": "#2"},
				"south": {"uv": [0, 0, 2, 8], "texture": "#2"},
				"west": {"uv": [0, 0, 15, 8], "texture": "#2"},
				"up": {"uv": [0, 0, 2, 15], "texture": "#2"},
				"down": {"uv": [0, 0, 2, 15], "texture": "#2"}
			}
		}
	],
	"gui_light": "front",
	"display": {
		"firstperson_righthand": {
			"translation": [0, 6.25, 0]
		},
		"ground": {
			"translation": [0, 6.75, 0]
		},
		"gui": {
			"rotation": [46, 46, 0],
			"translation": [0, 3.25, 0],
			"scale": [0.5, 0.5, 0.5]
		}
	},
	"groups": [
		{
			"name": "group",
			"origin": [10, 0.1, 1],
			"color": 0,
			"children": [0, 1, 2, 3, 4, 5]
		},
		{
			"name": "group",
			"origin": [-5, 0, -16],
			"color": 0,
			"children": [6, 7, 8, 9, 10, 11]
		},
		{
			"name": "group",
			"origin": [10, 0.1, 17],
			"color": 0,
			"children": [12, 13, 14, 15, 16, 17]
		},
		18,
		19,
		20,
		21,
		22,
		23,
		24,
		25,
		26,
		27,
		28,
		29
	]
}