{
	"credit": "Made with Blockbench",
	"textures": {
		"0": "shiver:block/iron_trapdoor",
		"particle": "shiver:block/iron_trapdoor"
	},
	"elements": [
		{
			"from": [7, 5, 7.8],
			"to": [9, 7, 8],
			"rotation": {"angle": 0, "axis": "y", "origin": [8, 8, 7.9]},
			"faces": {
				"north": {"uv": [0, 0, 16, 16], "texture": "#0"},
				"east": {"uv": [0, 0, 0.2, 2], "texture": "#0"},
				"south": {"uv": [0, 0, 16, 15], "texture": "#0"},
				"west": {"uv": [0, 0, 0.2, 2], "texture": "#0"},
				"up": {"uv": [0, 0, 2, 0.2], "texture": "#0"},
				"down": {"uv": [0, 0, 2, 0.2], "texture": "#0"}
			}
		},
		{
			"from": [3, 5, 7.8],
			"to": [5, 7, 8],
			"rotation": {"angle": 0, "axis": "y", "origin": [8, 8, 7.9]},
			"faces": {
				"north": {"uv": [0, 0, 16, 16], "texture": "#0"},
				"east": {"uv": [0, 0, 0.2, 2], "texture": "#0"},
				"south": {"uv": [0, 0, 16, 15], "texture": "#0"},
				"west": {"uv": [0, 0, 0.2, 2], "texture": "#0"},
				"up": {"uv": [0, 0, 2, 0.2], "texture": "#0"},
				"down": {"uv": [0, 0, 2, 0.2], "texture": "#0"}
			}
		},
		{
			"from": [11, 5, 7.8],
			"to": [13, 7, 8],
			"rotation": {"angle": 0, "axis": "y", "origin": [8, 8, 7.9]},
			"faces": {
				"north": {"uv": [0, 0, 16, 16], "texture": "#0"},
				"east": {"uv": [0, 0, 0.2, 2], "texture": "#0"},
				"south": {"uv": [0, 0, 16, 15], "texture": "#0"},
				"west": {"uv": [0, 0, 0.2, 2], "texture": "#0"},
				"up": {"uv": [0, 0, 2, 0.2], "texture": "#0"},
				"down": {"uv": [0, 0, 2, 0.2], "texture": "#0"}
			}
		},
		{
			"from": [5, 5, 7.8],
			"to": [7, 7, 8],
			"rotation": {"angle": 0, "axis": "y", "origin": [8, 8, 7.9]},
			"faces": {
				"north": {"uv": [0, 0, 16, 16], "texture": "#0"},
				"east": {"uv": [0, 0, 0.2, 2], "texture": "#0"},
				"south": {"uv": [0, 0, 16, 15], "texture": "#0"},
				"west": {"uv": [0, 0, 0.2, 2], "texture": "#0"},
				"up": {"uv": [0, 0, 2, 0.2], "texture": "#0"},
				"down": {"uv": [0, 0, 2, 0.2], "texture": "#0"}
			}
		},
		{
			"from": [9, 5, 7.8],
			"to": [11, 7, 8],
			"rotation": {"angle": 0, "axis": "y", "origin": [8, 8, 7.9]},
			"faces": {
				"north": {"uv": [0, 0, 16, 16], "texture": "#0"},
				"east": {"uv": [0, 0, 0.2, 2], "texture": "#0"},
				"south": {"uv": [0, 0, 16, 15], "texture": "#0"},
				"west": {"uv": [0, 0, 0.2, 2], "texture": "#0"},
				"up": {"uv": [0, 0, 2, 0.2], "texture": "#0"},
				"down": {"uv": [0, 0, 2, 0.2], "texture": "#0"}
			}
		},
		{
			"from": [3, 7, 7.8],
			"to": [5, 9, 8],
			"rotation": {"angle": 0, "axis": "y", "origin": [8, 8, 7.9]},
			"faces": {
				"north": {"uv": [0, 0, 16, 16], "texture": "#0"},
				"east": {"uv": [0, 0, 0.2, 2], "texture": "#0"},
				"south": {"uv": [0, 0, 16, 15], "texture": "#0"},
				"west": {"uv": [0, 0, 0.2, 2], "texture": "#0"},
				"up": {"uv": [0, 0, 2, 0.2], "texture": "#0"},
				"down": {"uv": [0, 0, 2, 0.2], "texture": "#0"}
			}
		},
		{
			"from": [5, 7, 7.8],
			"to": [7, 9, 8],
			"rotation": {"angle": 0, "axis": "y", "origin": [8, 8, 7.9]},
			"faces": {
				"north": {"uv": [0, 0, 16, 16], "texture": "#0"},
				"east": {"uv": [0, 0, 0.2, 2], "texture": "#0"},
				"south": {"uv": [0, 0, 16, 15], "texture": "#0"},
				"west": {"uv": [0, 0, 0.2, 2], "texture": "#0"},
				"up": {"uv": [0, 0, 2, 0.2], "texture": "#0"},
				"down": {"uv": [0, 0, 2, 0.2], "texture": "#0"}
			}
		},
		{
			"from": [7, 7, 7.8],
			"to": [9, 9, 8],
			"rotation": {"angle": 0, "axis": "y", "origin": [8, 8, 7.9]},
			"faces": {
				"north": {"uv": [0, 0, 16, 16], "texture": "#0"},
				"east": {"uv": [0, 0, 0.2, 2], "texture": "#0"},
				"south": {"uv": [0, 0, 16, 15], "texture": "#0"},
				"west": {"uv": [0, 0, 0.2, 2], "texture": "#0"},
				"up": {"uv": [0, 0, 2, 0.2], "texture": "#0"},
				"down": {"uv": [0, 0, 2, 0.2], "texture": "#0"}
			}
		},
		{
			"from": [9, 7, 7.8],
			"to": [11, 9, 8],
			"rotation": {"angle": 0, "axis": "y", "origin": [8, 8, 7.9]},
			"faces": {
				"north": {"uv": [0, 0, 16, 16], "texture": "#0"},
				"east": {"uv": [0, 0, 0.2, 2], "texture": "#0"},
				"south": {"uv": [0, 0, 16, 15], "texture": "#0"},
				"west": {"uv": [0, 0, 0.2, 2], "texture": "#0"},
				"up": {"uv": [0, 0, 2, 0.2], "texture": "#0"},
				"down": {"uv": [0, 0, 2, 0.2], "texture": "#0"}
			}
		},
		{
			"from": [11, 7, 7.8],
			"to": [13, 9, 8],
			"rotation": {"angle": 0, "axis": "y", "origin": [8, 8, 7.9]},
			"faces": {
				"north": {"uv": [0, 0, 16, 16], "texture": "#0"},
				"east": {"uv": [0, 0, 0.2, 2], "texture": "#0"},
				"south": {"uv": [0, 0, 16, 15], "texture": "#0"},
				"west": {"uv": [0, 0, 0.2, 2], "texture": "#0"},
				"up": {"uv": [0, 0, 2, 0.2], "texture": "#0"},
				"down": {"uv": [0, 0, 2, 0.2], "texture": "#0"}
			}
		},
		{
			"from": [3, 9, 7.8],
			"to": [5, 11, 8],
			"rotation": {"angle": 0, "axis": "y", "origin": [8, 8, 7.9]},
			"faces": {
				"north": {"uv": [0, 0, 16, 16], "texture": "#0"},
				"east": {"uv": [0, 0, 0.2, 2], "texture": "#0"},
				"south": {"uv": [0, 0, 16, 15], "texture": "#0"},
				"west": {"uv": [0, 0, 0.2, 2], "texture": "#0"},
				"up": {"uv": [0, 0, 2, 0.2], "texture": "#0"},
				"down": {"uv": [0, 0, 2, 0.2], "texture": "#0"}
			}
		},
		{
			"from": [5, 9, 7.8],
			"to": [7, 11, 8],
			"rotation": {"angle": 0, "axis": "y", "origin": [8, 8, 7.9]},
			"faces": {
				"north": {"uv": [0, 0, 16, 16], "texture": "#0"},
				"east": {"uv": [0, 0, 0.2, 2], "texture": "#0"},
				"south": {"uv": [0, 0, 16, 15], "texture": "#0"},
				"west": {"uv": [0, 0, 0.2, 2], "texture": "#0"},
				"up": {"uv": [0, 0, 2, 0.2], "texture": "#0"},
				"down": {"uv": [0, 0, 2, 0.2], "texture": "#0"}
			}
		},
		{
			"from": [7, 9, 7.8],
			"to": [9, 11, 8],
			"rotation": {"angle": 0, "axis": "y", "origin": [8, 8, 7.9]},
			"faces": {
				"north": {"uv": [0, 0, 16, 16], "texture": "#0"},
				"east": {"uv": [0, 0, 0.2, 2], "texture": "#0"},
				"south": {"uv": [0, 0, 16, 15], "texture": "#0"},
				"west": {"uv": [0, 0, 0.2, 2], "texture": "#0"},
				"up": {"uv": [0, 0, 2, 0.2], "texture": "#0"},
				"down": {"uv": [0, 0, 2, 0.2], "texture": "#0"}
			}
		},
		{
			"from": [9, 9, 7.8],
			"to": [11, 11, 8],
			"rotation": {"angle": 0, "axis": "y", "origin": [8, 8, 7.9]},
			"faces": {
				"north": {"uv": [0, 0, 16, 16], "texture": "#0"},
				"east": {"uv": [0, 0, 0.2, 2], "texture": "#0"},
				"south": {"uv": [0, 0, 16, 15], "texture": "#0"},
				"west": {"uv": [0, 0, 0.2, 2], "texture": "#0"},
				"up": {"uv": [0, 0, 2, 0.2], "texture": "#0"},
				"down": {"uv": [0, 0, 2, 0.2], "texture": "#0"}
			}
		},
		{
			"from": [11, 9, 7.8],
			"to": [13, 11, 8],
			"rotation": {"angle": 0, "axis": "y", "origin": [8, 8, 7.9]},
			"faces": {
				"north": {"uv": [0, 0, 16, 16], "texture": "#0"},
				"east": {"uv": [0, 0, 0.2, 2], "texture": "#0"},
				"south": {"uv": [0, 0, 16, 15], "texture": "#0"},
				"west": {"uv": [0, 0, 0.2, 2], "texture": "#0"},
				"up": {"uv": [0, 0, 2, 0.2], "texture": "#0"},
				"down": {"uv": [0, 0, 2, 0.2], "texture": "#0"}
			}
		}
	]
}