{
	"credit": "by 2M3V",
	"textures": {
		"2": "shiver:block/leaves2",
		"particle": "shiver:block/leaves"
	},
	"elements": [
		{
			"from": [-11, 0.1, 9],
			"to": [5, 0.1, 25],
			"rotation": {"angle": 0, "axis": "y", "origin": [-11, -0.9, 9]},
			"faces": {
				"north": {"uv": [0, 0, 16, 0], "texture": "#missing"},
				"east": {"uv": [0, 0, 16, 0], "texture": "#missing"},
				"south": {"uv": [0, 0, 16, 0], "texture": "#missing"},
				"west": {"uv": [0, 0, 16, 0], "texture": "#missing"},
				"up": {"uv": [16, 0, 0, 16], "texture": "#2"}
			}
		},
		{
			"from": [-5, 0.1, -11],
			"to": [11, 0.1, 5],
			"rotation": {"angle": 0, "axis": "y", "origin": [-5, -0.9, -11]},
			"faces": {
				"north": {"uv": [0, 0, 16, 0], "texture": "#missing"},
				"east": {"uv": [0, 0, 16, 0], "texture": "#missing"},
				"south": {"uv": [0, 0, 16, 0], "texture": "#missing"},
				"west": {"uv": [0, 0, 16, 0], "texture": "#missing"},
				"up": {"uv": [16, 0, 0, 16], "texture": "#2"}
			}
		},
		{
			"from": [13, 0.1, 3],
			"to": [29, 0.1, 19],
			"rotation": {"angle": 0, "axis": "y", "origin": [13, -0.9, 3]},
			"faces": {
				"north": {"uv": [0, 0, 16, 0], "texture": "#missing"},
				"east": {"uv": [0, 0, 16, 0], "texture": "#missing"},
				"south": {"uv": [0, 0, 16, 0], "texture": "#missing"},
				"west": {"uv": [0, 0, 16, 0], "texture": "#missing"},
				"up": {"uv": [0, 0, 16, 16], "texture": "#2"}
			}
		}
	],
	"gui_light": "front",
	"display": {
		"thirdperson_righthand": {
			"rotation": [60, 46, 0],
			"translation": [0, 2.5, 2.5],
			"scale": [0.5, 0.5, 0.5]
		},
		"firstperson_righthand": {
			"rotation": [17, -30, 30],
			"translation": [2.25, 3.75, -4.5],
			"scale": [0.5, 0.5, 0.5]
		},
		"ground": {
			"translation": [0, 7.25, 0],
			"scale": [0.5, 0.5, 0.5]
		},
		"gui": {
			"rotation": [90, 0, 0],
			"scale": [0.5, 0.5, 0.5]
		}
	}
}