{
	"credit": "Made with Blockbench",
	"textures": {
		"0": "shiver:block/rail",
		"particle": "shiver:block/rail"
	},
	"elements": [
		{
			"from": [4.6, 0.1, 7.1],
			"to": [15.6, 0.1, 9.1],
			"rotation": {"angle": -45, "axis": "y", "origin": [8, 0.3, 8]},
			"faces": {
				"north": {"uv": [0, 0, 16, 0], "texture": "#0"},
				"east": {"uv": [0, 0, 2, 0], "texture": "#0"},
				"south": {"uv": [0, 0, 16, 0], "texture": "#0"},
				"west": {"uv": [0, 0, 2, 0], "texture": "#0"},
				"up": {"uv": [4, 1, 12, 3], "texture": "#0"}
			}
		},
		{
			"from": [7.99165, 0, 0.98535],
			"to": [16.99165, 1, 2.98535],
			"rotation": {"angle": 22.5, "axis": "y", "origin": [8.99165, 0.5, 1.98535]},
			"faces": {
				"north": {"uv": [3, 0, 4, 16], "rotation": 90, "texture": "#0"},
				"east": {"uv": [12, 0, 14, 1], "texture": "#0"},
				"south": {"uv": [3, 0, 4, 16], "rotation": 90, "texture": "#0"},
				"west": {"uv": [2, 0, 4, 1], "texture": "#0"},
				"up": {"uv": [4, 0, 2, 16], "rotation": 90, "texture": "#0"},
				"down": {"uv": [2, 0, 4, 16], "rotation": 270, "texture": "#0"}
			}
		},
		{
			"from": [-0.54539, 0, 7.68717],
			"to": [1.45461, 1, 16.68717],
			"rotation": {"angle": -22.5, "axis": "y", "origin": [0.45461, 0.5, 12.68717]},
			"faces": {
				"north": {"uv": [12, 0, 14, 1], "texture": "#0"},
				"east": {"uv": [3, 0, 4, 16], "rotation": 90, "texture": "#0"},
				"south": {"uv": [2, 0, 4, 1], "texture": "#0"},
				"west": {"uv": [3, 0, 4, 16], "rotation": 90, "texture": "#0"},
				"up": {"uv": [4, 0, 2, 16], "texture": "#0"},
				"down": {"uv": [2, 0, 4, 16], "texture": "#0"}
			}
		},
		{
			"from": [1.34955, 0, 5.3939],
			"to": [10.14955, 1, 7.3939],
			"rotation": {"angle": 45, "axis": "y", "origin": [4.14955, 0.5, 6.3939]},
			"faces": {
				"north": {"uv": [3, 0, 4, 16], "rotation": 90, "texture": "#0"},
				"east": {"uv": [12, 0, 14, 1], "texture": "#0"},
				"south": {"uv": [3, 0, 4, 16], "rotation": 90, "texture": "#0"},
				"west": {"uv": [2, 0, 4, 1], "texture": "#0"},
				"up": {"uv": [4, 0, 2, 16], "rotation": 90, "texture": "#0"},
				"down": {"uv": [2, 0, 4, 16], "rotation": 270, "texture": "#0"}
			}
		},
		{
			"from": [14.65098, 0.01, 18.63259],
			"to": [21.65098, 1.01, 20.63259],
			"rotation": {"angle": 45, "axis": "y", "origin": [18.15098, 0.5, 18.13259]},
			"faces": {
				"north": {"uv": [3, 0, 4, 16], "rotation": 90, "texture": "#0"},
				"east": {"uv": [12, 0, 14, 1], "texture": "#0"},
				"south": {"uv": [3, 0, 4, 16], "rotation": 90, "texture": "#0"},
				"west": {"uv": [2, 0, 4, 1], "texture": "#0"},
				"up": {"uv": [2, 0, 4, 5], "rotation": 90, "texture": "#0"},
				"down": {"uv": [2, 0, 4, 16], "rotation": 270, "texture": "#0"}
			}
		},
		{
			"from": [15.6, 0.1, 7.1],
			"to": [23.6, 0.1, 9.1],
			"rotation": {"angle": -45, "axis": "y", "origin": [8, 0.3, 8]},
			"faces": {
				"north": {"uv": [0, 0, 16, 0], "texture": "#0"},
				"east": {"uv": [0, 0, 2, 0], "texture": "#0"},
				"south": {"uv": [0, 0, 16, 0], "texture": "#0"},
				"west": {"uv": [0, 0, 2, 0], "texture": "#0"},
				"up": {"uv": [4, 13, 12, 15], "texture": "#0"}
			}
		},
		{
			"from": [27, 0.1, 0],
			"to": [29, 0.1, 8],
			"rotation": {"angle": 0, "axis": "y", "origin": [8, 0.3, 4]},
			"faces": {
				"north": {"uv": [0, 0, 2, 0], "texture": "#0"},
				"east": {"uv": [0, 0, 16, 0], "texture": "#0"},
				"south": {"uv": [0, 0, 2, 0], "texture": "#0"},
				"west": {"uv": [0, 0, 16, 0], "texture": "#0"},
				"up": {"uv": [4, 1, 12, 3], "rotation": 90, "texture": "#0"}
			}
		},
		{
			"from": [19, 0.1, 0],
			"to": [21, 0.1, 8],
			"rotation": {"angle": 0, "axis": "y", "origin": [8, 0.3, 4]},
			"faces": {
				"north": {"uv": [0, 0, 2, 0], "texture": "#0"},
				"east": {"uv": [0, 0, 16, 0], "texture": "#0"},
				"south": {"uv": [0, 0, 2, 0], "texture": "#0"},
				"west": {"uv": [0, 0, 16, 0], "texture": "#0"},
				"up": {"uv": [4, 1, 12, 3], "rotation": 90, "texture": "#0"}
			}
		},
		{
			"from": [19, 0.1, 8],
			"to": [21, 0.1, 18],
			"rotation": {"angle": 0, "axis": "y", "origin": [8, 0.3, 4]},
			"faces": {
				"north": {"uv": [0, 0, 2, 0], "texture": "#0"},
				"east": {"uv": [0, 0, 16, 0], "texture": "#0"},
				"south": {"uv": [0, 0, 2, 0], "texture": "#0"},
				"west": {"uv": [0, 0, 16, 0], "texture": "#0"},
				"up": {"uv": [4, 13, 12, 15], "rotation": 90, "texture": "#0"}
			}
		},
		{
			"from": [27, 0.1, 8],
			"to": [29, 0.1, 16],
			"rotation": {"angle": 0, "axis": "y", "origin": [8, 0.3, 4]},
			"faces": {
				"north": {"uv": [0, 0, 2, 0], "texture": "#0"},
				"east": {"uv": [0, 0, 16, 0], "texture": "#0"},
				"south": {"uv": [0, 0, 2, 0], "texture": "#0"},
				"west": {"uv": [0, 0, 16, 0], "texture": "#0"},
				"up": {"uv": [4, 13, 12, 15], "rotation": 90, "texture": "#0"}
			}
		},
		{
			"from": [16, 0, -2],
			"to": [32, 1, 0],
			"rotation": {"angle": 0, "axis": "y", "origin": [8, 0.3, 4]},
			"faces": {
				"north": {"uv": [3, 0, 4, 16], "rotation": 90, "texture": "#0"},
				"east": {"uv": [12, 0, 14, 1], "texture": "#0"},
				"south": {"uv": [3, 0, 4, 16], "rotation": 90, "texture": "#0"},
				"west": {"uv": [2, 0, 4, 1], "texture": "#0"},
				"up": {"uv": [4, 0, 2, 16], "rotation": 90, "texture": "#0"},
				"down": {"uv": [2, 0, 4, 16], "rotation": 270, "texture": "#0"}
			}
		},
		{
			"from": [21, 0, 16],
			"to": [32, 1, 18],
			"rotation": {"angle": 0, "axis": "y", "origin": [-6, 0.3, -10]},
			"faces": {
				"north": {"uv": [3, 0, 4, 16], "rotation": 90, "texture": "#0"},
				"east": {"uv": [12, 0, 14, 1], "texture": "#0"},
				"south": {"uv": [4, 16, 3, 0], "rotation": 90, "texture": "#0"},
				"west": {"uv": [2, 0, 4, 1], "texture": "#0"},
				"up": {"uv": [2, 0, 4, 12], "rotation": 90, "texture": "#0"},
				"down": {"uv": [2, 0, 4, 16], "rotation": 270, "texture": "#0"}
			}
		},
		{
			"from": [0, 0.1, 19],
			"to": [8, 0.1, 21],
			"rotation": {"angle": 0, "axis": "y", "origin": [2, 0.1, 17]},
			"faces": {
				"north": {"uv": [0, 0, 16, 0], "texture": "#0"},
				"east": {"uv": [0, 0, 2, 0], "texture": "#0"},
				"south": {"uv": [0, 0, 16, 0], "texture": "#0"},
				"west": {"uv": [0, 0, 2, 0], "texture": "#0"},
				"up": {"uv": [4, 1, 12, 3], "texture": "#0"}
			}
		},
		{
			"from": [-2, 0, 16],
			"to": [0, 1, 32],
			"rotation": {"angle": 0, "axis": "y", "origin": [-5, 0, 16]},
			"faces": {
				"north": {"uv": [12, 0, 14, 1], "texture": "#0"},
				"east": {"uv": [3, 0, 4, 16], "rotation": 90, "texture": "#0"},
				"south": {"uv": [2, 0, 4, 1], "texture": "#0"},
				"west": {"uv": [3, 0, 4, 16], "rotation": 90, "texture": "#0"},
				"up": {"uv": [4, 0, 2, 16], "texture": "#0"},
				"down": {"uv": [2, 0, 4, 16], "texture": "#0"}
			}
		},
		{
			"from": [16, 0, 21],
			"to": [18, 1, 32],
			"rotation": {"angle": 0, "axis": "y", "origin": [-19, 0, 2]},
			"faces": {
				"north": {"uv": [12, 0, 14, 1], "texture": "#0"},
				"east": {"uv": [3, 0, 4, 16], "rotation": 90, "texture": "#0"},
				"south": {"uv": [2, 0, 4, 1], "texture": "#0"},
				"west": {"uv": [3, 0, 4, 16], "rotation": 90, "texture": "#0"},
				"up": {"uv": [2, 0, 4, 16], "texture": "#0"},
				"down": {"uv": [2, 0, 4, 16], "texture": "#0"}
			}
		},
		{
			"from": [0, 0.1, 27],
			"to": [8, 0.1, 29],
			"rotation": {"angle": 0, "axis": "y", "origin": [2, 0.1, 25]},
			"faces": {
				"north": {"uv": [0, 0, 16, 0], "texture": "#0"},
				"east": {"uv": [0, 0, 2, 0], "texture": "#0"},
				"south": {"uv": [0, 0, 16, 0], "texture": "#0"},
				"west": {"uv": [0, 0, 2, 0], "texture": "#0"},
				"up": {"uv": [4, 1, 12, 3], "texture": "#0"}
			}
		},
		{
			"from": [8, 0.1, 27],
			"to": [16, 0.1, 29],
			"rotation": {"angle": 0, "axis": "y", "origin": [10, 0.1, 25]},
			"faces": {
				"north": {"uv": [0, 0, 16, 0], "texture": "#0"},
				"east": {"uv": [0, 0, 2, 0], "texture": "#0"},
				"south": {"uv": [0, 0, 16, 0], "texture": "#0"},
				"west": {"uv": [0, 0, 2, 0], "texture": "#0"},
				"up": {"uv": [4, 13, 12, 15], "texture": "#0"}
			}
		},
		{
			"from": [8, 0.1, 19],
			"to": [18.4, 0.1, 21],
			"rotation": {"angle": 0, "axis": "y", "origin": [10, 0.1, 17]},
			"faces": {
				"north": {"uv": [0, 0, 16, 0], "texture": "#0"},
				"east": {"uv": [0, 0, 2, 0], "texture": "#0"},
				"south": {"uv": [0, 0, 16, 0], "texture": "#0"},
				"west": {"uv": [0, 0, 2, 0], "texture": "#0"},
				"up": {"uv": [4, 13, 12, 15], "texture": "#0"}
			}
		}
	],
	"gui_light": "front",
	"display": {
		"firstperson_righthand": {
			"translation": [0, 6.25, 0]
		},
		"ground": {
			"translation": [0, 6.75, 0]
		},
		"gui": {
			"rotation": [46, 46, 0],
			"translation": [-4, 1.25, 0],
			"scale": [0.5, 0.5, 0.5]
		}
	},
	"groups": [
		{
			"name": "group",
			"origin": [10, 0.1, 1],
			"color": 0,
			"children": [0, 1, 2, 3, 4, 5]
		},
		{
			"name": "group",
			"origin": [-5, 0, -16],
			"color": 0,
			"children": [6, 7, 8, 9, 10, 11]
		},
		{
			"name": "group",
			"origin": [10, 0.1, 17],
			"color": 0,
			"children": [12, 13, 14, 15, 16, 17]
		}
	]
}