{
	"credit": "Made with Blockbench",
	"textures": {
		"0": "shiver:block/rail",
		"particle": "shiver:block/rail"
	},
	"elements": [
		{
			"from": [0, 6.3, -3.1],
			"to": [8, 6.3, -1.1],
			"rotation": {"angle": 45, "axis": "x", "origin": [8, 0.3, 8]},
			"faces": {
				"north": {"uv": [0, 0, 16, 0], "texture": "#0"},
				"east": {"uv": [0, 0, 2, 0], "texture": "#0"},
				"south": {"uv": [0, 0, 16, 0], "texture": "#0"},
				"west": {"uv": [0, 0, 2, 0], "texture": "#0"},
				"up": {"uv": [4, 1, 12, 3], "texture": "#0"}
			}
		},
		{
			"from": [-2, 5.5, -9.4],
			"to": [0, 6.5, 14],
			"rotation": {"angle": 45, "axis": "x", "origin": [8, 0.3, 8]},
			"faces": {
				"north": {"uv": [12, 0, 14, 1], "texture": "#0"},
				"east": {"uv": [3, 0, 4, 16], "rotation": 90, "texture": "#0"},
				"south": {"uv": [2, 0, 4, 1], "texture": "#0"},
				"west": {"uv": [3, 0, 4, 16], "rotation": 90, "texture": "#0"},
				"up": {"uv": [4, 0, 2, 16], "texture": "#0"},
				"down": {"uv": [2, 0, 4, 16], "texture": "#0"}
			}
		},
		{
			"from": [16, 5.5, -9.4],
			"to": [18, 6.5, 14],
			"rotation": {"angle": 45, "axis": "x", "origin": [8, 0.3, 8]},
			"faces": {
				"north": {"uv": [4, 0, 2, 1], "texture": "#0"},
				"east": {"uv": [13, 0, 14, 16], "rotation": 90, "texture": "#0"},
				"south": {"uv": [2, 0, 4, 1], "texture": "#0"},
				"west": {"uv": [13, 0, 14, 16], "rotation": 90, "texture": "#0"},
				"up": {"uv": [2, 0, 4, 16], "texture": "#0"},
				"down": {"uv": [14, 0, 12, 16], "texture": "#0"}
			}
		},
		{
			"from": [8, 6.3, 4.9],
			"to": [16, 6.3, 6.9],
			"rotation": {"angle": 45, "axis": "x", "origin": [8, 0.3, 8]},
			"faces": {
				"north": {"uv": [0, 0, 16, 0], "texture": "#0"},
				"east": {"uv": [0, 0, 2, 0], "texture": "#0"},
				"south": {"uv": [0, 0, 16, 0], "texture": "#0"},
				"west": {"uv": [0, 0, 2, 0], "texture": "#0"},
				"up": {"uv": [4, 13, 12, 15], "texture": "#0"}
			}
		},
		{
			"from": [0, 6.3, 4.9],
			"to": [8, 6.3, 6.9],
			"rotation": {"angle": 45, "axis": "x", "origin": [8, 0.3, 8]},
			"faces": {
				"north": {"uv": [0, 0, 16, 0], "texture": "#0"},
				"east": {"uv": [0, 0, 2, 0], "texture": "#0"},
				"south": {"uv": [0, 0, 16, 0], "texture": "#0"},
				"west": {"uv": [0, 0, 2, 0], "texture": "#0"},
				"up": {"uv": [4, 13, 12, 15], "texture": "#0"}
			}
		},
		{
			"from": [8, 6.3, -3.1],
			"to": [16, 6.3, -1.1],
			"rotation": {"angle": 45, "axis": "x", "origin": [8, 0.3, 8]},
			"faces": {
				"north": {"uv": [0, 0, 16, 0], "texture": "#0"},
				"east": {"uv": [0, 0, 2, 0], "texture": "#0"},
				"south": {"uv": [0, 0, 16, 0], "texture": "#0"},
				"west": {"uv": [0, 0, 2, 0], "texture": "#0"},
				"up": {"uv": [4, 13, 12, 15], "texture": "#0"}
			}
		}
	],
	"gui_light": "front",
	"display": {
		"firstperson_righthand": {
			"translation": [0, 6.25, 0]
		},
		"ground": {
			"translation": [0, 6.75, 0]
		},
		"gui": {
			"rotation": [46, 46, 0],
			"translation": [0, -0.25, 0],
			"scale": [0.5, 0.5, 0.5]
		}
	},
	"groups": [
		{
			"name": "group",
			"origin": [10, 0.1, 1],
			"color": 0,
			"children": [0, 1, 2, 3, 4, 5]
		},
		{
			"name": "group",
			"origin": [-5, 0, -16],
			"color": 0,
			"children": []
		},
		{
			"name": "group",
			"origin": [10, 0.1, 17],
			"color": 0,
			"children": []
		}
	]
}