{
	"credit": "by 2M3V",
	"textures": {
		"0": "shiver:item/gui/text3",
		"1": "shiver:item/gui/button",
		"particle": "shiver:item/gui/text3"
	},
	"elements": [
		{
			"from": [3, 8.3, 6.6],
			"to": [22, 10.3, 6.6],
			"rotation": {"angle": 0, "axis": "y", "origin": [12.5, 9.3, 6.6]},
			"faces": {
				"east": {"uv": [0, 0, 0, 2], "texture": "#missing"},
				"south": {"uv": [0, 6.5, 16, 8.5], "texture": "#0"},
				"west": {"uv": [0, 0, 0, 2], "texture": "#missing"},
				"up": {"uv": [0, 0, 16, 0], "rotation": 180, "texture": "#missing"},
				"down": {"uv": [0, 0, 16, 0], "rotation": 180, "texture": "#missing"}
			}
		},
		{
			"from": [-1.5, 6, 6.5],
			"to": [18, 12, 6.5],
			"rotation": {"angle": 0, "axis": "y", "origin": [8.25, 9, 6.5]},
			"faces": {
				"east": {"uv": [0, 0, 0, 4], "texture": "#missing"},
				"south": {"uv": [0, 0, 13, 4], "texture": "#1"},
				"west": {"uv": [0, 0, 0, 4], "texture": "#missing"},
				"up": {"uv": [0, 0, 13, 0], "texture": "#missing"},
				"down": {"uv": [0, 0, 13, 0], "texture": "#missing"}
			}
		}
	],
	"gui_light": "front",
	"display": {
		"gui": {
			"translation": [0.5, -3.5, 0],
			"scale": [3, 3, 3]
		}
	}
}