{
	"format_version": "1.9.0",
	"credit": "Made with Blockbench",
	"texture_size": [32, 32],
	"textures": {
		"0": "minecraft:item/bolt_armor_trim_smithing_template",
		"particle": "minecraft:item/bolt_armor_trim_smithing_template"
	},
	"elements": [
		{
			"from": [2, 0, 7],
			"to": [14, 12, 8],
			"rotation": {"angle": 0, "axis": "y", "origin": [7, 0, 5]},
			"faces": {
				"north": {"uv": [0, 0, 6, 6], "texture": "#0"},
				"east": {"uv": [6, 0, 6.5, 6], "texture": "#0"},
				"south": {"uv": [0, 6, 6, 12], "texture": "#0"},
				"west": {"uv": [6, 6, 6.5, 12], "texture": "#0"},
				"up": {"uv": [12.5, 0.5, 6.5, 0], "texture": "#0"},
				"down": {"uv": [12.5, 0.5, 6.5, 1], "texture": "#0"}
			}
		}
	],
	"display": {
		"thirdperson_righthand": {
			"rotation": [0, 180, 0],
			"translation": [0, 5.25, -1.25]
		},
		"firstperson_righthand": {
			"rotation": [-7, 180, 0],
			"translation": [0, 4.5, 0]
		},
		"ground": {
			"rotation": [90, 0, 0],
			"translation": [0, -3, 0]
		},
		"gui": {
			"rotation": [-180, 26, 180],
			"translation": [0.25, 2, 0]
		},
		"head": {
			"translation": [0, 14.5, 0]
		},
		"fixed": {
			"translation": [0, 2.75, 0]
		}
	}
}