{
	"format_version": "1.9.0",
	"credit": "Made with Blockbench",
	"texture_size": [32, 32],
	"textures": {
		"0": "minecraft:item/flow_armor_trim_smithing_template",
		"particle": "minecraft:item/flow_armor_trim_smithing_template"
	},
	"elements": [
		{
			"from": [2, 0, 7],
			"to": [14, 2, 8],
			"rotation": {"angle": 0, "axis": "y", "origin": [4, 0, 7]},
			"faces": {
				"north": {"uv": [0, 0, 6, 1], "texture": "#0"},
				"east": {"uv": [0, 7, 0.5, 8], "texture": "#0"},
				"south": {"uv": [0, 1, 6, 2], "texture": "#0"},
				"west": {"uv": [0.5, 7, 1, 8], "texture": "#0"},
				"up": {"uv": [6, 5.5, 0, 5], "texture": "#0"},
				"down": {"uv": [11, 2, 5, 2.5], "texture": "#0"}
			}
		},
		{
			"from": [3, 2, 7],
			"to": [13, 4, 8],
			"rotation": {"angle": 0, "axis": "y", "origin": [4, 2, 7]},
			"faces": {
				"north": {"uv": [0, 2, 5, 3], "texture": "#0"},
				"east": {"uv": [2, 6.5, 2.5, 7.5], "texture": "#0"},
				"south": {"uv": [0, 3, 5, 4], "texture": "#0"},
				"west": {"uv": [2.5, 6.5, 3, 7.5], "texture": "#0"},
				"up": {"uv": [10, 4, 5, 3.5], "texture": "#0"},
				"down": {"uv": [8, 5.5, 3, 6], "texture": "#0"}
			}
		},
		{
			"from": [4, 4, 7],
			"to": [12, 6, 8],
			"rotation": {"angle": 0, "axis": "y", "origin": [4, 4, 7]},
			"faces": {
				"north": {"uv": [0, 4, 4, 5], "texture": "#0"},
				"east": {"uv": [1, 7, 1.5, 8], "texture": "#0"},
				"south": {"uv": [4, 4, 8, 5], "texture": "#0"},
				"west": {"uv": [1.5, 7, 2, 8], "texture": "#0"},
				"up": {"uv": [10, 0.5, 6, 0], "texture": "#0"},
				"down": {"uv": [10, 0.5, 6, 1], "texture": "#0"}
			}
		},
		{
			"from": [5, 6, 7],
			"to": [11, 8, 8],
			"rotation": {"angle": 0, "axis": "y", "origin": [4, 6, 7]},
			"faces": {
				"north": {"uv": [5, 2.5, 8, 3.5], "texture": "#0"},
				"east": {"uv": [3, 7, 3.5, 8], "texture": "#0"},
				"south": {"uv": [0, 5.5, 3, 6.5], "texture": "#0"},
				"west": {"uv": [3.5, 7, 4, 8], "texture": "#0"},
				"up": {"uv": [8, 6.5, 5, 6], "texture": "#0"},
				"down": {"uv": [9, 5, 6, 5.5], "texture": "#0"}
			}
		},
		{
			"from": [6, 8, 7],
			"to": [10, 10, 8],
			"rotation": {"angle": 0, "axis": "y", "origin": [4, 8, 7]},
			"faces": {
				"north": {"uv": [6, 1, 8, 2], "texture": "#0"},
				"east": {"uv": [4, 7, 4.5, 8], "texture": "#0"},
				"south": {"uv": [3, 6, 5, 7], "texture": "#0"},
				"west": {"uv": [4.5, 7, 5, 8], "texture": "#0"},
				"up": {"uv": [2, 7, 0, 6.5], "texture": "#0"},
				"down": {"uv": [7, 6.5, 5, 7], "texture": "#0"}
			}
		},
		{
			"from": [7, 10, 7],
			"to": [9, 11, 8],
			"rotation": {"angle": 0, "axis": "y", "origin": [4, 10, 7]},
			"faces": {
				"north": {"uv": [5, 7, 6, 7.5], "texture": "#0"},
				"east": {"uv": [2, 7.5, 2.5, 8], "texture": "#0"},
				"south": {"uv": [6, 7, 7, 7.5], "texture": "#0"},
				"west": {"uv": [2.5, 7.5, 3, 8], "texture": "#0"},
				"up": {"uv": [8, 7, 7, 6.5], "texture": "#0"},
				"down": {"uv": [8, 7, 7, 7.5], "texture": "#0"}
			}
		}
	],
	"groups": [
		{
			"name": "group",
			"origin": [4, 10, 7],
			"color": 0,
			"children": [0, 1, 2, 3, 4, 5]
		}
	]
}