{
	"format_version": "1.9.0",
	"credit": "Made with Blockbench",
	"texture_size": [32, 32],
	"textures": {
		"0": "minecraft:item/green_dye",
		"particle": "minecraft:item/green_dye"
	},
	"elements": [
		{
			"from": [7, 7, 6],
			"to": [10, 9, 11],
			"rotation": {"angle": 0, "axis": "y", "origin": [10, 7, 8]},
			"faces": {
				"north": {"uv": [10, 3.5, 11.5, 4.5], "texture": "#0"},
				"east": {"uv": [9, 1.5, 11.5, 2.5], "texture": "#0"},
				"south": {"uv": [7, 10, 8.5, 11], "texture": "#0"},
				"west": {"uv": [5, 9, 7.5, 10], "texture": "#0"},
				"up": {"uv": [7.5, 9, 6, 6.5], "texture": "#0"},
				"down": {"uv": [1.5, 7.5, 0, 10], "texture": "#0"}
			}
		},
		{
			"from": [6, 7, 7],
			"to": [11, 9, 10],
			"rotation": {"angle": 0, "axis": "y", "origin": [9, 7, 10]},
			"faces": {
				"north": {"uv": [7.5, 9, 10, 10], "texture": "#0"},
				"east": {"uv": [8.5, 10, 10, 11], "texture": "#0"},
				"south": {"uv": [0, 10, 2.5, 11], "texture": "#0"},
				"west": {"uv": [10, 9, 11.5, 10], "texture": "#0"},
				"up": {"uv": [10, 8, 7.5, 6.5], "texture": "#0"},
				"down": {"uv": [10.5, 0, 8, 1.5], "texture": "#0"}
			}
		},
		{
			"from": [4, 3, 7],
			"to": [13, 5, 10],
			"rotation": {"angle": 0, "axis": "y", "origin": [8, 3, 7]},
			"faces": {
				"north": {"uv": [4.5, 1.5, 9, 2.5], "texture": "#0"},
				"east": {"uv": [10, 10, 11.5, 11], "texture": "#0"},
				"south": {"uv": [6, 4.5, 10.5, 5.5], "texture": "#0"},
				"west": {"uv": [10.5, 0, 12, 1], "texture": "#0"},
				"up": {"uv": [4.5, 1.5, 0, 0], "texture": "#0"},
				"down": {"uv": [4.5, 1.5, 0, 3], "texture": "#0"}
			}
		},
		{
			"from": [7, 0, 7],
			"to": [10, 1, 10],
			"rotation": {"angle": 0, "axis": "y", "origin": [9, 0, 8]},
			"faces": {
				"north": {"uv": [4.5, 2.5, 6, 3], "texture": "#0"},
				"east": {"uv": [1.5, 7.5, 3, 8], "texture": "#0"},
				"south": {"uv": [11.5, 2, 13, 2.5], "texture": "#0"},
				"west": {"uv": [3, 11.5, 4.5, 12], "texture": "#0"},
				"up": {"uv": [4, 11.5, 2.5, 10], "texture": "#0"},
				"down": {"uv": [5.5, 10, 4, 11.5], "texture": "#0"}
			}
		},
		{
			"from": [8, 1, 8],
			"to": [9, 3, 9],
			"rotation": {"angle": 0, "axis": "y", "origin": [9, 1, 8]},
			"faces": {
				"north": {"uv": [5, 8, 5.5, 9], "texture": "#0"},
				"east": {"uv": [5.5, 8, 6, 9], "texture": "#0"},
				"south": {"uv": [11.5, 3.5, 12, 4.5], "texture": "#0"},
				"west": {"uv": [4.5, 11.5, 5, 12.5], "texture": "#0"},
				"up": {"uv": [6.5, 3, 6, 2.5], "texture": "#0"},
				"down": {"uv": [11, 1, 10.5, 1.5], "texture": "#0"}
			}
		},
		{
			"from": [8, 10, 8],
			"to": [9, 12, 9],
			"rotation": {"angle": 0, "axis": "y", "origin": [9, 10, 8]},
			"faces": {
				"north": {"uv": [5, 11.5, 5.5, 12.5], "texture": "#0"},
				"east": {"uv": [5.5, 11.5, 6, 12.5], "texture": "#0"},
				"south": {"uv": [6, 11.5, 6.5, 12.5], "texture": "#0"},
				"west": {"uv": [6.5, 11.5, 7, 12.5], "texture": "#0"},
				"up": {"uv": [11.5, 1.5, 11, 1], "texture": "#0"},
				"down": {"uv": [2, 11, 1.5, 11.5], "texture": "#0"}
			}
		},
		{
			"from": [7, 8, 7],
			"to": [10, 10, 10],
			"rotation": {"angle": 0, "axis": "y", "origin": [8, 8, 7]},
			"faces": {
				"north": {"uv": [10.5, 4.5, 12, 5.5], "texture": "#0"},
				"east": {"uv": [10.5, 5.5, 12, 6.5], "texture": "#0"},
				"south": {"uv": [0, 11, 1.5, 12], "texture": "#0"},
				"west": {"uv": [11, 2.5, 12.5, 3.5], "texture": "#0"},
				"up": {"uv": [7, 11.5, 5.5, 10], "texture": "#0"},
				"down": {"uv": [11.5, 6.5, 10, 8], "texture": "#0"}
			}
		},
		{
			"from": [5, 5, 7],
			"to": [12, 7, 10],
			"rotation": {"angle": 0, "axis": "y", "origin": [9, 5, 10]},
			"faces": {
				"north": {"uv": [6.5, 3.5, 10, 4.5], "texture": "#0"},
				"east": {"uv": [7, 11, 8.5, 12], "texture": "#0"},
				"south": {"uv": [1.5, 8, 5, 9], "texture": "#0"},
				"west": {"uv": [11, 8, 12.5, 9], "texture": "#0"},
				"up": {"uv": [6.5, 4.5, 3, 3], "texture": "#0"},
				"down": {"uv": [8, 0, 4.5, 1.5], "texture": "#0"}
			}
		},
		{
			"from": [7, 5, 5],
			"to": [10, 7, 12],
			"rotation": {"angle": 0, "axis": "y", "origin": [10, 5, 8]},
			"faces": {
				"north": {"uv": [8.5, 11, 10, 12], "texture": "#0"},
				"east": {"uv": [7.5, 8, 11, 9], "texture": "#0"},
				"south": {"uv": [10, 11, 11.5, 12], "texture": "#0"},
				"west": {"uv": [1.5, 9, 5, 10], "texture": "#0"},
				"up": {"uv": [4.5, 8, 3, 4.5], "texture": "#0"},
				"down": {"uv": [6, 4.5, 4.5, 8], "texture": "#0"}
			}
		},
		{
			"from": [7, 3, 4],
			"to": [10, 5, 13],
			"rotation": {"angle": 0, "axis": "y", "origin": [10, 3, 8]},
			"faces": {
				"north": {"uv": [11.5, 1, 13, 2], "texture": "#0"},
				"east": {"uv": [6, 5.5, 10.5, 6.5], "texture": "#0"},
				"south": {"uv": [1.5, 11.5, 3, 12.5], "texture": "#0"},
				"west": {"uv": [6.5, 2.5, 11, 3.5], "texture": "#0"},
				"up": {"uv": [1.5, 7.5, 0, 3], "texture": "#0"},
				"down": {"uv": [3, 3, 1.5, 7.5], "texture": "#0"}
			}
		}
	],
	"display": {
		"thirdperson_righthand": {
			"translation": [-6.75, -7.5, 1]
		},
		"firstperson_righthand": {
			"translation": [0, 3, 0]
		},
		"ground": {
			"translation": [0, 3.75, 0]
		},
		"gui": {
			"rotation": [12, -24, 1],
			"translation": [-0.5, 3.5, 0],
			"scale": [1.5, 1.5, 1.5]
		},
		"head": {
			"translation": [0, 14.25, 0]
		},
		"fixed": {
			"translation": [-0.75, 2.5, 0],
			"scale": [1.51, 1.51, 1.51]
		}
	},
	"groups": [
		{
			"name": "group",
			"origin": [8, 2, 8],
			"color": 0,
			"children": [0, 1, 2, 3, 4, 5, 6, 7, 8, 9]
		}
	]
}