{
	"format_version": "1.9.0",
	"credit": "Made with Blockbench",
	"texture_size": [128, 128],
	"textures": {
		"0": "minecraft:item/spire_armor_trim_smithing_template",
		"particle": "minecraft:item/spire_armor_trim_smithing_template"
	},
	"elements": [
		{
			"from": [13, 1, 1],
			"to": [14, 2, 27],
			"rotation": {"angle": 0, "axis": "y", "origin": [18, 0, 4]},
			"faces": {
				"north": {"uv": [2.25, 3.875, 2.375, 4], "texture": "#0"},
				"east": {"uv": [5.25, 4.5, 8.5, 4.625], "texture": "#0"},
				"south": {"uv": [2.375, 3.875, 2.5, 4], "texture": "#0"},
				"west": {"uv": [5.25, 4.625, 8.5, 4.75], "texture": "#0"},
				"up": {"uv": [1.625, 8.625, 1.5, 5.375], "texture": "#0"},
				"down": {"uv": [1.75, 5.375, 1.625, 8.625], "texture": "#0"}
			}
		},
		{
			"from": [2, 1, 1],
			"to": [3, 2, 27],
			"rotation": {"angle": 0, "axis": "y", "origin": [7, 0, 4]},
			"faces": {
				"north": {"uv": [2.75, 6.25, 2.875, 6.375], "texture": "#0"},
				"east": {"uv": [5.25, 4.75, 8.5, 4.875], "texture": "#0"},
				"south": {"uv": [2.875, 6.25, 3, 6.375], "texture": "#0"},
				"west": {"uv": [5.25, 4.875, 8.5, 5], "texture": "#0"},
				"up": {"uv": [1.875, 8.625, 1.75, 5.375], "texture": "#0"},
				"down": {"uv": [2, 5.375, 1.875, 8.625], "texture": "#0"}
			}
		},
		{
			"from": [2, 1, 0],
			"to": [14, 2, 1],
			"rotation": {"angle": 0, "axis": "y", "origin": [18, 0, 5]},
			"faces": {
				"north": {"uv": [6.25, 0, 7.75, 0.125], "texture": "#0"},
				"east": {"uv": [3, 6.25, 3.125, 6.375], "texture": "#0"},
				"south": {"uv": [6.25, 0.125, 7.75, 0.25], "texture": "#0"},
				"west": {"uv": [3.125, 6.25, 3.25, 6.375], "texture": "#0"},
				"up": {"uv": [7.75, 0.375, 6.25, 0.25], "texture": "#0"},
				"down": {"uv": [7.75, 0.375, 6.25, 0.5], "texture": "#0"}
			}
		},
		{
			"from": [2, 1, 27],
			"to": [14, 2, 28],
			"rotation": {"angle": 0, "axis": "y", "origin": [18, 0, 32]},
			"faces": {
				"north": {"uv": [6.25, 0.5, 7.75, 0.625], "texture": "#0"},
				"east": {"uv": [3.25, 6.25, 3.375, 6.375], "texture": "#0"},
				"south": {"uv": [6.25, 0.625, 7.75, 0.75], "texture": "#0"},
				"west": {"uv": [6.25, 3.25, 6.375, 3.375], "texture": "#0"},
				"up": {"uv": [7.75, 0.875, 6.25, 0.75], "texture": "#0"},
				"down": {"uv": [7.75, 0.875, 6.25, 1], "texture": "#0"}
			}
		},
		{
			"from": [14, 2, 0],
			"to": [15, 3, 28],
			"rotation": {"angle": 0, "axis": "y", "origin": [19, 2, 4]},
			"faces": {
				"north": {"uv": [3.375, 6.25, 3.5, 6.375], "texture": "#0"},
				"east": {"uv": [5.25, 4, 8.75, 4.125], "texture": "#0"},
				"south": {"uv": [6.25, 3.375, 6.375, 3.5], "texture": "#0"},
				"west": {"uv": [5.25, 4.125, 8.75, 4.25], "texture": "#0"},
				"up": {"uv": [1.125, 8.875, 1, 5.375], "texture": "#0"},
				"down": {"uv": [1.25, 5.375, 1.125, 8.875], "texture": "#0"}
			}
		},
		{
			"from": [1, 2, 0],
			"to": [2, 3, 28],
			"rotation": {"angle": 0, "axis": "y", "origin": [6, 2, 4]},
			"faces": {
				"north": {"uv": [3.5, 6.25, 3.625, 6.375], "texture": "#0"},
				"east": {"uv": [5.25, 4.25, 8.75, 4.375], "texture": "#0"},
				"south": {"uv": [6.25, 3.5, 6.375, 3.625], "texture": "#0"},
				"west": {"uv": [5.25, 4.375, 8.75, 4.5], "texture": "#0"},
				"up": {"uv": [1.375, 8.875, 1.25, 5.375], "texture": "#0"},
				"down": {"uv": [1.5, 5.375, 1.375, 8.875], "texture": "#0"}
			}
		},
		{
			"from": [1, 2, -1],
			"to": [15, 3, 0],
			"rotation": {"angle": 0, "axis": "y", "origin": [18, 2, 4]},
			"faces": {
				"north": {"uv": [2, 5.5, 3.75, 5.625], "texture": "#0"},
				"east": {"uv": [3.625, 6.25, 3.75, 6.375], "texture": "#0"},
				"south": {"uv": [3.75, 5.5, 5.5, 5.625], "texture": "#0"},
				"west": {"uv": [6.25, 3.625, 6.375, 3.75], "texture": "#0"},
				"up": {"uv": [7.25, 5.125, 5.5, 5], "texture": "#0"},
				"down": {"uv": [7.25, 5.125, 5.5, 5.25], "texture": "#0"}
			}
		},
		{
			"from": [1, 2, 28],
			"to": [15, 3, 29],
			"rotation": {"angle": 0, "axis": "y", "origin": [18, 2, 33]},
			"faces": {
				"north": {"uv": [5.5, 5.5, 7.25, 5.625], "texture": "#0"},
				"east": {"uv": [3.75, 6.25, 3.875, 6.375], "texture": "#0"},
				"south": {"uv": [2, 5.625, 3.75, 5.75], "texture": "#0"},
				"west": {"uv": [6.25, 3.75, 6.375, 3.875], "texture": "#0"},
				"up": {"uv": [5.5, 5.75, 3.75, 5.625], "texture": "#0"},
				"down": {"uv": [7.25, 5.625, 5.5, 5.75], "texture": "#0"}
			}
		},
		{
			"from": [16, 11, -1],
			"to": [17, 12, 29],
			"rotation": {"angle": 0, "axis": "y", "origin": [21, 11, 4]},
			"faces": {
				"north": {"uv": [3.875, 6.25, 4, 6.375], "texture": "#0"},
				"east": {"uv": [1.75, 5, 5.5, 5.125], "texture": "#0"},
				"south": {"uv": [6.25, 3.875, 6.375, 4], "texture": "#0"},
				"west": {"uv": [1.75, 5.125, 5.5, 5.25], "texture": "#0"},
				"up": {"uv": [0.125, 9, 0, 5.25], "texture": "#0"},
				"down": {"uv": [0.25, 5.25, 0.125, 9], "texture": "#0"}
			}
		},
		{
			"from": [-1, 11, -1],
			"to": [0, 12, 29],
			"rotation": {"angle": 0, "axis": "y", "origin": [4, 11, 4]},
			"faces": {
				"north": {"uv": [4, 6.25, 4.125, 6.375], "texture": "#0"},
				"east": {"uv": [0.25, 5.25, 4, 5.375], "texture": "#0"},
				"south": {"uv": [4.125, 6.25, 4.25, 6.375], "texture": "#0"},
				"west": {"uv": [4, 5.25, 7.75, 5.375], "texture": "#0"},
				"up": {"uv": [0.375, 9.125, 0.25, 5.375], "texture": "#0"},
				"down": {"uv": [0.5, 5.375, 0.375, 9.125], "texture": "#0"}
			}
		},
		{
			"from": [1, 11, -3],
			"to": [15, 12, -2],
			"rotation": {"angle": 0, "axis": "y", "origin": [18, 11, 2]},
			"faces": {
				"north": {"uv": [2, 5.75, 3.75, 5.875], "texture": "#0"},
				"east": {"uv": [4.25, 6.25, 4.375, 6.375], "texture": "#0"},
				"south": {"uv": [3.75, 5.75, 5.5, 5.875], "texture": "#0"},
				"west": {"uv": [4.375, 6.25, 4.5, 6.375], "texture": "#0"},
				"up": {"uv": [7.25, 5.875, 5.5, 5.75], "texture": "#0"},
				"down": {"uv": [3.75, 5.875, 2, 6], "texture": "#0"}
			}
		},
		{
			"from": [1, 11, 30],
			"to": [15, 12, 31],
			"rotation": {"angle": 0, "axis": "y", "origin": [18, 11, 35]},
			"faces": {
				"north": {"uv": [3.75, 5.875, 5.5, 6], "texture": "#0"},
				"east": {"uv": [4.5, 6.25, 4.625, 6.375], "texture": "#0"},
				"south": {"uv": [5.5, 5.875, 7.25, 6], "texture": "#0"},
				"west": {"uv": [4.625, 6.25, 4.75, 6.375], "texture": "#0"},
				"up": {"uv": [3.75, 6.125, 2, 6], "texture": "#0"},
				"down": {"uv": [5.5, 6, 3.75, 6.125], "texture": "#0"}
			}
		},
		{
			"from": [0, 10, -2],
			"to": [1, 11, -1],
			"rotation": {"angle": 0, "axis": "y", "origin": [-1, 9, -3]},
			"faces": {
				"north": {"uv": [4.75, 6.25, 4.875, 6.375], "texture": "#0"},
				"east": {"uv": [4.875, 6.25, 5, 6.375], "texture": "#0"},
				"south": {"uv": [5, 6.25, 5.125, 6.375], "texture": "#0"},
				"west": {"uv": [5.125, 6.25, 5.25, 6.375], "texture": "#0"},
				"up": {"uv": [5.375, 6.375, 5.25, 6.25], "texture": "#0"},
				"down": {"uv": [5.5, 6.25, 5.375, 6.375], "texture": "#0"}
			}
		},
		{
			"from": [0, 11, -3],
			"to": [1, 12, -2],
			"rotation": {"angle": 0, "axis": "y", "origin": [-1, 10, -4]},
			"faces": {
				"north": {"uv": [5.5, 6.25, 5.625, 6.375], "texture": "#0"},
				"east": {"uv": [5.625, 6.25, 5.75, 6.375], "texture": "#0"},
				"south": {"uv": [5.75, 6.25, 5.875, 6.375], "texture": "#0"},
				"west": {"uv": [5.875, 6.25, 6, 6.375], "texture": "#0"},
				"up": {"uv": [6.125, 6.375, 6, 6.25], "texture": "#0"},
				"down": {"uv": [6.25, 6.25, 6.125, 6.375], "texture": "#0"}
			}
		},
		{
			"from": [-1, 11, -2],
			"to": [0, 12, -1],
			"rotation": {"angle": 0, "axis": "y", "origin": [-2, 10, -3]},
			"faces": {
				"north": {"uv": [6.25, 6.25, 6.375, 6.375], "texture": "#0"},
				"east": {"uv": [6.375, 1.25, 6.5, 1.375], "texture": "#0"},
				"south": {"uv": [6.375, 1.375, 6.5, 1.5], "texture": "#0"},
				"west": {"uv": [6.375, 1.5, 6.5, 1.625], "texture": "#0"},
				"up": {"uv": [6.5, 1.75, 6.375, 1.625], "texture": "#0"},
				"down": {"uv": [6.5, 1.75, 6.375, 1.875], "texture": "#0"}
			}
		},
		{
			"from": [15, 10, -2],
			"to": [16, 11, -1],
			"rotation": {"angle": 0, "axis": "y", "origin": [16, 11, -2]},
			"faces": {
				"north": {"uv": [6.375, 1.875, 6.5, 2], "texture": "#0"},
				"east": {"uv": [6.375, 2, 6.5, 2.125], "texture": "#0"},
				"south": {"uv": [6.375, 2.125, 6.5, 2.25], "texture": "#0"},
				"west": {"uv": [6.375, 2.25, 6.5, 2.375], "texture": "#0"},
				"up": {"uv": [6.5, 2.5, 6.375, 2.375], "texture": "#0"},
				"down": {"uv": [6.5, 2.5, 6.375, 2.625], "texture": "#0"}
			}
		},
		{
			"from": [16, 11, -2],
			"to": [17, 12, -1],
			"rotation": {"angle": 0, "axis": "y", "origin": [16, 11, -2]},
			"faces": {
				"north": {"uv": [6.375, 2.625, 6.5, 2.75], "texture": "#0"},
				"east": {"uv": [2.75, 6.375, 2.875, 6.5], "texture": "#0"},
				"south": {"uv": [6.375, 2.75, 6.5, 2.875], "texture": "#0"},
				"west": {"uv": [2.875, 6.375, 3, 6.5], "texture": "#0"},
				"up": {"uv": [6.5, 3, 6.375, 2.875], "texture": "#0"},
				"down": {"uv": [3.125, 6.375, 3, 6.5], "texture": "#0"}
			}
		},
		{
			"from": [15, 11, -3],
			"to": [16, 12, -2],
			"rotation": {"angle": 0, "axis": "y", "origin": [16, 11, -2]},
			"faces": {
				"north": {"uv": [6.375, 3, 6.5, 3.125], "texture": "#0"},
				"east": {"uv": [3.125, 6.375, 3.25, 6.5], "texture": "#0"},
				"south": {"uv": [6.375, 3.125, 6.5, 3.25], "texture": "#0"},
				"west": {"uv": [3.25, 6.375, 3.375, 6.5], "texture": "#0"},
				"up": {"uv": [6.5, 3.375, 6.375, 3.25], "texture": "#0"},
				"down": {"uv": [3.5, 6.375, 3.375, 6.5], "texture": "#0"}
			}
		},
		{
			"from": [15, 10, 29],
			"to": [16, 11, 30],
			"rotation": {"angle": 0, "axis": "y", "origin": [16, 11, 30]},
			"faces": {
				"north": {"uv": [6.375, 3.375, 6.5, 3.5], "texture": "#0"},
				"east": {"uv": [3.5, 6.375, 3.625, 6.5], "texture": "#0"},
				"south": {"uv": [6.375, 3.5, 6.5, 3.625], "texture": "#0"},
				"west": {"uv": [3.625, 6.375, 3.75, 6.5], "texture": "#0"},
				"up": {"uv": [6.5, 3.75, 6.375, 3.625], "texture": "#0"},
				"down": {"uv": [3.875, 6.375, 3.75, 6.5], "texture": "#0"}
			}
		},
		{
			"from": [15, 11, 30],
			"to": [16, 12, 31],
			"rotation": {"angle": 0, "axis": "y", "origin": [16, 11, 30]},
			"faces": {
				"north": {"uv": [6.375, 3.75, 6.5, 3.875], "texture": "#0"},
				"east": {"uv": [3.875, 6.375, 4, 6.5], "texture": "#0"},
				"south": {"uv": [6.375, 3.875, 6.5, 4], "texture": "#0"},
				"west": {"uv": [4, 6.375, 4.125, 6.5], "texture": "#0"},
				"up": {"uv": [4.25, 6.5, 4.125, 6.375], "texture": "#0"},
				"down": {"uv": [4.375, 6.375, 4.25, 6.5], "texture": "#0"}
			}
		},
		{
			"from": [16, 11, 29],
			"to": [17, 12, 30],
			"rotation": {"angle": 0, "axis": "y", "origin": [16, 11, 30]},
			"faces": {
				"north": {"uv": [4.375, 6.375, 4.5, 6.5], "texture": "#0"},
				"east": {"uv": [4.5, 6.375, 4.625, 6.5], "texture": "#0"},
				"south": {"uv": [4.625, 6.375, 4.75, 6.5], "texture": "#0"},
				"west": {"uv": [4.75, 6.375, 4.875, 6.5], "texture": "#0"},
				"up": {"uv": [5, 6.5, 4.875, 6.375], "texture": "#0"},
				"down": {"uv": [5.125, 6.375, 5, 6.5], "texture": "#0"}
			}
		},
		{
			"from": [0, 10, 29],
			"to": [1, 11, 30],
			"rotation": {"angle": 0, "axis": "y", "origin": [0, 11, 30]},
			"faces": {
				"north": {"uv": [5.125, 6.375, 5.25, 6.5], "texture": "#0"},
				"east": {"uv": [5.25, 6.375, 5.375, 6.5], "texture": "#0"},
				"south": {"uv": [5.375, 6.375, 5.5, 6.5], "texture": "#0"},
				"west": {"uv": [5.5, 6.375, 5.625, 6.5], "texture": "#0"},
				"up": {"uv": [5.75, 6.5, 5.625, 6.375], "texture": "#0"},
				"down": {"uv": [5.875, 6.375, 5.75, 6.5], "texture": "#0"}
			}
		},
		{
			"from": [-1, 11, 29],
			"to": [0, 12, 30],
			"rotation": {"angle": 0, "axis": "y", "origin": [0, 11, 30]},
			"faces": {
				"north": {"uv": [5.875, 6.375, 6, 6.5], "texture": "#0"},
				"east": {"uv": [6, 6.375, 6.125, 6.5], "texture": "#0"},
				"south": {"uv": [6.125, 6.375, 6.25, 6.5], "texture": "#0"},
				"west": {"uv": [6.25, 6.375, 6.375, 6.5], "texture": "#0"},
				"up": {"uv": [6.5, 6.375, 6.375, 6.25], "texture": "#0"},
				"down": {"uv": [6.5, 6.375, 6.375, 6.5], "texture": "#0"}
			}
		},
		{
			"from": [0, 11, 30],
			"to": [1, 12, 31],
			"rotation": {"angle": 0, "axis": "y", "origin": [0, 11, 30]},
			"faces": {
				"north": {"uv": [6.5, 1.25, 6.625, 1.375], "texture": "#0"},
				"east": {"uv": [6.5, 1.375, 6.625, 1.5], "texture": "#0"},
				"south": {"uv": [6.5, 1.5, 6.625, 1.625], "texture": "#0"},
				"west": {"uv": [6.5, 1.625, 6.625, 1.75], "texture": "#0"},
				"up": {"uv": [6.625, 1.875, 6.5, 1.75], "texture": "#0"},
				"down": {"uv": [6.625, 1.875, 6.5, 2], "texture": "#0"}
			}
		},
		{
			"from": [3, 1, 1],
			"to": [13, 2, 27],
			"rotation": {"angle": 0, "axis": "y", "origin": [3, 1, 1]},
			"faces": {
				"north": {"uv": [6.25, 1, 7.5, 1.125], "texture": "#0"},
				"east": {"uv": [2, 5.375, 5.25, 5.5], "texture": "#0"},
				"south": {"uv": [6.25, 1.125, 7.5, 1.25], "texture": "#0"},
				"west": {"uv": [5.25, 5.375, 8.5, 5.5], "texture": "#0"},
				"up": {"uv": [1.25, 3.25, 0, 0], "texture": "#0"},
				"down": {"uv": [2.5, 0, 1.25, 3.25], "texture": "#0"}
			}
		},
		{
			"from": [15, 3, -1],
			"to": [16, 11, 29],
			"rotation": {"angle": 0, "axis": "y", "origin": [20, 3, 4]},
			"faces": {
				"north": {"uv": [6.25, 1.25, 6.375, 2.25], "texture": "#0"},
				"east": {"uv": [2.5, 0, 6.25, 1], "texture": "#0"},
				"south": {"uv": [2, 6.25, 2.125, 7.25], "texture": "#0"},
				"west": {"uv": [2.5, 1, 6.25, 2], "texture": "#0"},
				"up": {"uv": [0.625, 9.125, 0.5, 5.375], "texture": "#0"},
				"down": {"uv": [0.75, 5.375, 0.625, 9.125], "texture": "#0"}
			}
		},
		{
			"from": [0, 3, -1],
			"to": [1, 11, 29],
			"rotation": {"angle": 0, "axis": "y", "origin": [5, 3, 4]},
			"faces": {
				"north": {"uv": [2.125, 6.25, 2.25, 7.25], "texture": "#0"},
				"east": {"uv": [2.5, 2, 6.25, 3], "texture": "#0"},
				"south": {"uv": [2.25, 6.25, 2.375, 7.25], "texture": "#0"},
				"west": {"uv": [2.5, 3, 6.25, 4], "texture": "#0"},
				"up": {"uv": [0.875, 9.125, 0.75, 5.375], "texture": "#0"},
				"down": {"uv": [1, 5.375, 0.875, 9.125], "texture": "#0"}
			}
		},
		{
			"from": [1, 3, -2],
			"to": [15, 11, -1],
			"rotation": {"angle": 0, "axis": "y", "origin": [18, 3, 3]},
			"faces": {
				"north": {"uv": [0, 3.25, 1.75, 4.25], "texture": "#0"},
				"east": {"uv": [6.25, 2.25, 6.375, 3.25], "texture": "#0"},
				"south": {"uv": [1.75, 4, 3.5, 5], "texture": "#0"},
				"west": {"uv": [2.375, 6.25, 2.5, 7.25], "texture": "#0"},
				"up": {"uv": [7.25, 6.125, 5.5, 6], "texture": "#0"},
				"down": {"uv": [3.75, 6.125, 2, 6.25], "texture": "#0"}
			}
		},
		{
			"from": [1, 3, 29],
			"to": [15, 11, 30],
			"rotation": {"angle": 0, "axis": "y", "origin": [18, 3, 34]},
			"faces": {
				"north": {"uv": [3.5, 4, 5.25, 5], "texture": "#0"},
				"east": {"uv": [2.5, 6.25, 2.625, 7.25], "texture": "#0"},
				"south": {"uv": [0, 4.25, 1.75, 5.25], "texture": "#0"},
				"west": {"uv": [2.625, 6.25, 2.75, 7.25], "texture": "#0"},
				"up": {"uv": [5.5, 6.25, 3.75, 6.125], "texture": "#0"},
				"down": {"uv": [7.25, 6.125, 5.5, 6.25], "texture": "#0"}
			}
		},
		{
			"from": [1.29289, 0, -2.53553],
			"to": [2.29289, 1, -1.53553],
			"rotation": {"angle": 45, "axis": "y", "origin": [2, 1, 0]},
			"faces": {
				"north": {"uv": [6.5, 2, 6.625, 2.125], "texture": "#0"},
				"east": {"uv": [6.5, 2.125, 6.625, 2.25], "texture": "#0"},
				"south": {"uv": [6.5, 2.25, 6.625, 2.375], "texture": "#0"},
				"west": {"uv": [6.5, 2.375, 6.625, 2.5], "texture": "#0"},
				"up": {"uv": [6.625, 2.625, 6.5, 2.5], "texture": "#0"},
				"down": {"uv": [6.625, 2.625, 6.5, 2.75], "texture": "#0"}
			}
		},
		{
			"from": [1.29289, 1, -2.12132],
			"to": [2.29289, 2, -0.12132],
			"rotation": {"angle": 45, "axis": "y", "origin": [2, 1, 0]},
			"faces": {
				"north": {"uv": [2.75, 6.5, 2.875, 6.625], "texture": "#0"},
				"east": {"uv": [2, 3.375, 2.25, 3.5], "texture": "#0"},
				"south": {"uv": [6.5, 2.75, 6.625, 2.875], "texture": "#0"},
				"west": {"uv": [2.25, 3.375, 2.5, 3.5], "texture": "#0"},
				"up": {"uv": [1.875, 3.75, 1.75, 3.5], "texture": "#0"},
				"down": {"uv": [2, 3.5, 1.875, 3.75], "texture": "#0"}
			}
		},
		{
			"from": [13.29289, 0, -2.53553],
			"to": [14.29289, 1, -1.53553],
			"rotation": {"angle": -45, "axis": "y", "origin": [14, 1, 0]},
			"faces": {
				"north": {"uv": [2.875, 6.5, 3, 6.625], "texture": "#0"},
				"east": {"uv": [6.5, 2.875, 6.625, 3], "texture": "#0"},
				"south": {"uv": [3, 6.5, 3.125, 6.625], "texture": "#0"},
				"west": {"uv": [6.5, 3, 6.625, 3.125], "texture": "#0"},
				"up": {"uv": [3.25, 6.625, 3.125, 6.5], "texture": "#0"},
				"down": {"uv": [6.625, 3.125, 6.5, 3.25], "texture": "#0"}
			}
		},
		{
			"from": [13.29289, 1, -2.12132],
			"to": [14.29289, 2, -0.12132],
			"rotation": {"angle": -45, "axis": "y", "origin": [14, 1, 0]},
			"faces": {
				"north": {"uv": [3.25, 6.5, 3.375, 6.625], "texture": "#0"},
				"east": {"uv": [2, 3.5, 2.25, 3.625], "texture": "#0"},
				"south": {"uv": [6.5, 3.25, 6.625, 3.375], "texture": "#0"},
				"west": {"uv": [2.25, 3.5, 2.5, 3.625], "texture": "#0"},
				"up": {"uv": [2.125, 3.875, 2, 3.625], "texture": "#0"},
				"down": {"uv": [2.25, 3.625, 2.125, 3.875], "texture": "#0"}
			}
		},
		{
			"from": [15.53553, 0, 27.29289],
			"to": [16.53553, 1, 28.29289],
			"rotation": {"angle": -45, "axis": "y", "origin": [14, 1, 28]},
			"faces": {
				"north": {"uv": [3.375, 6.5, 3.5, 6.625], "texture": "#0"},
				"east": {"uv": [6.5, 3.375, 6.625, 3.5], "texture": "#0"},
				"south": {"uv": [3.5, 6.5, 3.625, 6.625], "texture": "#0"},
				"west": {"uv": [6.5, 3.5, 6.625, 3.625], "texture": "#0"},
				"up": {"uv": [3.75, 6.625, 3.625, 6.5], "texture": "#0"},
				"down": {"uv": [6.625, 3.625, 6.5, 3.75], "texture": "#0"}
			}
		},
		{
			"from": [14.12132, 1, 27.29289],
			"to": [16.12132, 2, 28.29289],
			"rotation": {"angle": -45, "axis": "y", "origin": [14, 1, 28]},
			"faces": {
				"north": {"uv": [1.75, 3.25, 2, 3.375], "texture": "#0"},
				"east": {"uv": [2, 3.875, 2.125, 4], "texture": "#0"},
				"south": {"uv": [2, 3.25, 2.25, 3.375], "texture": "#0"},
				"west": {"uv": [2.125, 3.875, 2.25, 4], "texture": "#0"},
				"up": {"uv": [2.5, 3.375, 2.25, 3.25], "texture": "#0"},
				"down": {"uv": [2, 3.375, 1.75, 3.5], "texture": "#0"}
			}
		},
		{
			"from": [-0.53553, 0, 27.70711],
			"to": [0.46447, 1, 28.70711],
			"rotation": {"angle": 45, "axis": "y", "origin": [2, 1, 28]},
			"faces": {
				"north": {"uv": [3.75, 6.5, 3.875, 6.625], "texture": "#0"},
				"east": {"uv": [6.5, 3.75, 6.625, 3.875], "texture": "#0"},
				"south": {"uv": [3.875, 6.5, 4, 6.625], "texture": "#0"},
				"west": {"uv": [6.5, 3.875, 6.625, 4], "texture": "#0"},
				"up": {"uv": [4.125, 6.625, 4, 6.5], "texture": "#0"},
				"down": {"uv": [4.25, 6.5, 4.125, 6.625], "texture": "#0"}
			}
		},
		{
			"from": [-0.12132, 1, 27.70711],
			"to": [1.87868, 2, 28.70711],
			"rotation": {"angle": 45, "axis": "y", "origin": [2, 1, 28]},
			"faces": {
				"north": {"uv": [2.25, 3.625, 2.5, 3.75], "texture": "#0"},
				"east": {"uv": [4.25, 6.5, 4.375, 6.625], "texture": "#0"},
				"south": {"uv": [1.75, 3.75, 2, 3.875], "texture": "#0"},
				"west": {"uv": [4.375, 6.5, 4.5, 6.625], "texture": "#0"},
				"up": {"uv": [2.5, 3.875, 2.25, 3.75], "texture": "#0"},
				"down": {"uv": [2, 3.875, 1.75, 4], "texture": "#0"}
			}
		}
	],
	"display": {
		"thirdperson_righthand": {
			"rotation": [-3, 0, 0],
			"translation": [0, -2, -4.25],
			"scale": [0.2, 0.2, 0.2]
		},
		"thirdperson_lefthand": {
			"translation": [-0.25, 0, -4.5],
			"scale": [0.2, 0.2, 0.2]
		},
		"firstperson_righthand": {
			"translation": [-0.5, 3, 0.5],
			"scale": [0.2, 0.2, 0.2]
		},
		"firstperson_lefthand": {
			"translation": [0, 0.75, -0.25],
			"scale": [0.2, 0.2, 0.2]
		},
		"ground": {
			"translation": [-1, 1, 0],
			"scale": [0.3, 0.3, 0.3]
		},
		"gui": {
			"rotation": [19, 124, -1],
			"translation": [-2.5, 0, 0],
			"scale": [0.6, 0.6, 0.6]
		},
		"head": {
			"rotation": [0, 90, 0],
			"translation": [-6.25, 13.25, -0.5]
		},
		"fixed": {
			"rotation": [0, -90, 0],
			"translation": [3.25, -1.5, -3.75],
			"scale": [0.5, 0.5, 0.5]
		},
		"on_shelf": {
			"rotation": [90, 180, 0],
			"translation": [0, -1, 0],
			"scale": [0.6, 0.6, 0.6]
		}
	},
	"groups": [
		{
			"name": "group",
			"origin": [18, 11, 36],
			"color": 0,
			"children": [
				{
					"name": "group",
					"origin": [18, 0, 34],
					"color": 0,
					"children": [
						0,
						1,
						2,
						3,
						{
							"name": "group",
							"origin": [18, 0, 34],
							"color": 0,
							"children": [
								4,
								5,
								6,
								7,
								{
									"name": "group",
									"origin": [18, 0, 34],
									"color": 0,
									"children": [
										8,
										9,
										10,
										11,
										{
											"name": "group",
											"origin": [-1, 9, -2],
											"color": 0,
											"children": [
												12,
												13,
												14,
												{
													"name": "group",
													"origin": [-1, 9, -2],
													"color": 0,
													"children": [
														15,
														16,
														17,
														{
															"name": "group",
															"origin": [-1, 9, -2],
															"color": 0,
															"children": [
																18,
																19,
																20,
																{
																	"name": "group",
																	"origin": [-1, 9, -2],
																	"color": 0,
																	"children": [21, 22, 23]
																}
															]
														}
													]
												}
											]
										}
									]
								}
							]
						},
						24
					]
				},
				{
					"name": "group",
					"origin": [18, 0, 34],
					"color": 0,
					"children": [
						25,
						26,
						27,
						28,
						{
							"name": "f",
							"origin": [0, 1, -1],
							"color": 0,
							"children": [
								29,
								30,
								{
									"name": "f",
									"origin": [0, 1, -1],
									"color": 0,
									"children": [
										31,
										32,
										{
											"name": "f",
											"origin": [0, 1, -1],
											"color": 0,
											"children": [33, 34]
										}
									]
								},
								{
									"name": "f",
									"origin": [0, 1, -1],
									"color": 0,
									"children": [35, 36]
								}
							]
						}
					]
				},
				{
					"name": "group",
					"origin": [18, 11, 36],
					"color": 0,
					"children": []
				}
			]
		}
	]
}