{
  "model": {
    "type": "range_dispatch",
    "property": "custom_model_data",
    "entries": [
      {
        "threshold": 500,
        "model": {
          "type": "model",
          "model": "shiver:weapons/hammer",
          "tints": [
            {
              "type": "minecraft:dye",
              "default": [
                1,
                1,
                1
              ]
            }
          ]
        }
      },
      {
        "threshold": 501,
        "model": {
          "type": "model",
          "model": "shiver:weapons/stunstick",
          "tints": [
            {
              "type": "minecraft:dye",
              "default": [
                1,
                1,
                1
              ]
            }
          ]
        }
      },
      {
        "threshold": 502,
        "model": {
          "type": "model",
          "model": "shiver:weapons/shovel",
          "tints": [
            {
              "type": "minecraft:dye",
              "default": [
                1,
                1,
                1
              ]
            }
          ]
        }
      },
      {
        "threshold": 503,
        "model": {
          "type": "model",
          "model": "shiver:weapons/molot",
          "tints": [
            {
              "type": "minecraft:dye",
              "default": [
                1,
                1,
                1
              ]
            }
          ]
        }
      },
      {
        "threshold": 504,
        "model": {
          "type": "model",
          "model": "shiver:weapons/pickaxe",
          "tints": [
            {
              "type": "minecraft:dye",
              "default": [
                1,
                1,
                1
              ]
            }
          ]
        }
      },
      {
        "threshold": 505,
        "model": {
          "type": "model",
          "model": "shiver:weapons/e_molot",
          "tints": [
            {
              "type": "minecraft:dye",
              "default": [
                1,
                1,
                1
              ]
            }
          ]
        }
      }
    ],
    "fallback": {
      "type": "model",
      "model": "item/iron_axe"
    }
  },
  "oversized_in_gui": true
}