{
  "model": {
    "type": "range_dispatch",
    "property": "custom_model_data",
    "entries": [
      {
        "threshold": 1,
        "model": {
          "type": "model",
          "model": "shiver:profile_head",
          "tints": [
            {
              "type": "minecraft:dye",
              "default": [
                1,
                1,
                1
              ]
            }
          ]
        }
      }
    ],
    "fallback": {
      "type": "model",
      "model": "item/player_head"
    }
  },
  "oversized_in_gui": true
}