{
	"credit": "Made by Falanta Fantomo with Blockbench",
	"texture_size": [32, 32],
	"textures": {
		"particle": "shiver:item/props/props_c17/hl2_bench"
	},
	"elements": [
		{
			"from": [-8, 9, 3],
			"to": [24, 10, 13],
			"rotation": {"angle": 0, "axis": "y", "origin": [0, 0, 13]},
			"faces": {
				"north": {"uv": [16, 0, 0, 0.5], "texture": "#particle"},
				"south": {"uv": [0, 4.5, 16, 5], "texture": "#particle"},
				"up": {"uv": [0, 0, 16, 5], "texture": "#particle"},
				"down": {"uv": [0, 5, 16, 0], "texture": "#particle"}
			}
		},
		{
			"from": [-9, 9, 5],
			"to": [-8, 10, 13],
			"rotation": {"angle": 0, "axis": "y", "origin": [0, 0, 13]},
			"faces": {
				"south": {"uv": [0, 9, 0.5, 9.5], "texture": "#particle"},
				"west": {"uv": [0, 9.5, 0.5, 5.5], "rotation": 90, "texture": "#particle"},
				"up": {"uv": [0, 5.5, 0.5, 9.5], "texture": "#particle"},
				"down": {"uv": [0, 9.5, 0.5, 5.5], "texture": "#particle"}
			}
		},
		{
			"from": [24, 9, 5],
			"to": [25, 10, 13],
			"rotation": {"angle": 0, "axis": "y", "origin": [16, 0, 13]},
			"faces": {
				"east": {"uv": [0, 5.5, 0.5, 9.5], "rotation": 90, "texture": "#particle"},
				"south": {"uv": [0.5, 9, 0, 9.5], "texture": "#particle"},
				"up": {"uv": [0.5, 5.5, 0, 9.5], "texture": "#particle"},
				"down": {"uv": [0.5, 9.5, 0, 5.5], "texture": "#particle"}
			}
		},
		{
			"from": [-8, 8, 3],
			"to": [24, 9, 3],
			"rotation": {"angle": 0, "axis": "y", "origin": [0, 0, 13]},
			"faces": {
				"north": {"uv": [0, 5, 16, 5.5], "texture": "#particle"},
				"south": {"uv": [16, 5, 0, 5.5], "texture": "#particle"}
			}
		},
		{
			"from": [-9.01, 11, 3],
			"to": [-7.99, 13, 15.5],
			"rotation": {"angle": -22.5, "axis": "x", "origin": [-8.5, 13, 3]},
			"faces": {
				"east": {"uv": [14, 11.5, 15, 5.5], "rotation": 90, "texture": "#particle"},
				"west": {"uv": [14, 5.5, 15, 11.5], "rotation": 90, "texture": "#particle"},
				"up": {"uv": [14, 11.5, 14.5, 5.5], "texture": "#particle"},
				"down": {"uv": [14.5, 5.5, 15, 11.5], "texture": "#particle"}
			}
		},
		{
			"from": [-8.99, 10, 11],
			"to": [-8.01, 21, 13],
			"rotation": {"angle": 22.5, "axis": "x", "origin": [-8.5, 10, 11]},
			"faces": {
				"north": {"uv": [12, 5.5, 12.49, 11], "texture": "#particle"},
				"east": {"uv": [13, 5.5, 12, 11], "texture": "#particle"},
				"south": {"uv": [12.5, 5.5, 12.99, 11], "texture": "#particle"},
				"west": {"uv": [12, 5.5, 13, 11], "texture": "#particle"},
				"up": {"uv": [12, 5.5, 13, 6], "rotation": 90, "texture": "#particle"}
			}
		},
		{
			"from": [24.01, 10, 11],
			"to": [24.99, 21, 13],
			"rotation": {"angle": 22.5, "axis": "x", "origin": [24.5, 10, 11]},
			"faces": {
				"north": {"uv": [12.49, 5.5, 12, 11], "texture": "#particle"},
				"east": {"uv": [13, 5.5, 12, 11], "texture": "#particle"},
				"south": {"uv": [12.99, 5.5, 12.5, 11], "texture": "#particle"},
				"west": {"uv": [12, 5.5, 13, 11], "texture": "#particle"},
				"up": {"uv": [12, 6, 13, 5.5], "rotation": 90, "texture": "#particle"}
			}
		},
		{
			"from": [-9, 0, 11],
			"to": [-8, 9, 13],
			"rotation": {"angle": 0, "axis": "y", "origin": [16, 0, 13]},
			"faces": {
				"north": {"uv": [13, 5.5, 13.5, 10], "texture": "#particle"},
				"east": {"uv": [14, 5.5, 13, 10], "texture": "#particle"},
				"south": {"uv": [13.5, 5.5, 14, 10], "texture": "#particle"},
				"west": {"uv": [13, 5.5, 14, 10], "texture": "#particle"},
				"down": {"uv": [14, 9.5, 13, 10], "rotation": 90, "texture": "#particle"}
			}
		},
		{
			"from": [24, 0, 11],
			"to": [25, 9, 13],
			"rotation": {"angle": 0, "axis": "y", "origin": [0, 0, 13]},
			"faces": {
				"north": {"uv": [13.5, 5.5, 13, 10], "texture": "#particle"},
				"east": {"uv": [14, 5.5, 13, 10], "texture": "#particle"},
				"south": {"uv": [14, 5.5, 13.5, 10], "texture": "#particle"},
				"west": {"uv": [13, 5.5, 14, 10], "texture": "#particle"},
				"down": {"uv": [14, 10, 13, 9.5], "rotation": 90, "texture": "#particle"}
			}
		},
		{
			"from": [2, 10, 11],
			"to": [3, 21, 13],
			"rotation": {"angle": 22.5, "axis": "x", "origin": [2.5, 10, 11]},
			"faces": {
				"north": {"uv": [7.5, 5.5, 8, 11], "texture": "#particle"},
				"east": {"uv": [9, 5.5, 8, 11], "texture": "#particle"},
				"south": {"uv": [8.5, 5.5, 9, 11], "texture": "#particle"},
				"west": {"uv": [8, 5.5, 9, 11], "texture": "#particle"},
				"up": {"uv": [7, 5.5, 8, 6], "rotation": 90, "texture": "#particle"}
			}
		},
		{
			"from": [13, 10, 11],
			"to": [14, 21, 13],
			"rotation": {"angle": 22.5, "axis": "x", "origin": [13.5, 10, 11]},
			"faces": {
				"north": {"uv": [8, 5.5, 7.5, 11], "texture": "#particle"},
				"east": {"uv": [9, 5.5, 8, 11], "texture": "#particle"},
				"south": {"uv": [9, 5.5, 8.5, 11], "texture": "#particle"},
				"west": {"uv": [8, 5.5, 9, 11], "texture": "#particle"},
				"up": {"uv": [7, 6, 8, 5.5], "rotation": 90, "texture": "#particle"}
			}
		},
		{
			"from": [2, 0, 11],
			"to": [3, 9, 13],
			"rotation": {"angle": 0, "axis": "y", "origin": [27, 0, 13]},
			"faces": {
				"north": {"uv": [9, 5.5, 9.5, 10], "texture": "#particle"},
				"east": {"uv": [10, 5.5, 9, 10], "texture": "#particle"},
				"south": {"uv": [9.5, 5.5, 10, 10], "texture": "#particle"},
				"west": {"uv": [9, 5.5, 10, 10], "texture": "#particle"},
				"down": {"uv": [10, 9.5, 9, 10], "rotation": 90, "texture": "#particle"}
			}
		},
		{
			"from": [13, 0, 11],
			"to": [14, 9, 13],
			"rotation": {"angle": 0, "axis": "y", "origin": [-11, 0, 13]},
			"faces": {
				"north": {"uv": [9.5, 5.5, 9, 10], "texture": "#particle"},
				"east": {"uv": [10, 5.5, 9, 10], "texture": "#particle"},
				"south": {"uv": [10, 5.5, 9.5, 10], "texture": "#particle"},
				"west": {"uv": [9, 5.5, 10, 10], "texture": "#particle"},
				"down": {"uv": [10, 10, 9, 9.5], "rotation": 90, "texture": "#particle"}
			}
		},
		{
			"from": [1, 0, 3],
			"to": [3, 9, 5],
			"rotation": {"angle": 0, "axis": "y", "origin": [27, 0, 13]},
			"faces": {
				"north": {"uv": [11, 5.5, 12, 10], "texture": "#particle"},
				"east": {"uv": [12, 5.5, 11, 10], "texture": "#particle"},
				"south": {"uv": [10, 5.5, 11, 10], "texture": "#particle"},
				"west": {"uv": [11, 5.5, 10, 10], "texture": "#particle"},
				"down": {"uv": [13, 10, 14, 11], "texture": "#particle"}
			}
		},
		{
			"from": [13, 0, 3],
			"to": [15, 9, 5],
			"rotation": {"angle": 0, "axis": "y", "origin": [-11, 0, 13]},
			"faces": {
				"north": {"uv": [12, 5.5, 11, 10], "texture": "#particle"},
				"east": {"uv": [10, 5.5, 11, 10], "texture": "#particle"},
				"south": {"uv": [11, 5.5, 10, 10], "texture": "#particle"},
				"west": {"uv": [11, 5.5, 12, 10], "texture": "#particle"},
				"down": {"uv": [14, 10, 13, 11], "texture": "#particle"}
			}
		},
		{
			"from": [-8, 1, 12],
			"to": [24, 3, 12],
			"rotation": {"angle": 0, "axis": "y", "origin": [27, 0, 13]},
			"faces": {
				"north": {"uv": [0, 13.5, 16, 14.5], "texture": "#particle"},
				"south": {"uv": [16, 13.5, 0, 14.5], "texture": "#particle"}
			}
		},
		{
			"from": [-9, 0, 3],
			"to": [-8, 13, 5],
			"rotation": {"angle": 0, "axis": "y", "origin": [16, 0, 13]},
			"faces": {
				"north": {"uv": [15, 5.5, 15.5, 12], "texture": "#particle"},
				"east": {"uv": [16, 5.5, 15, 12], "texture": "#particle"},
				"south": {"uv": [15.5, 5.5, 16, 12], "texture": "#particle"},
				"west": {"uv": [15, 5.5, 16, 12], "texture": "#particle"},
				"down": {"uv": [16, 11.5, 15, 12], "rotation": 90, "texture": "#particle"}
			}
		},
		{
			"from": [24, 0, 3],
			"to": [25, 13, 5],
			"rotation": {"angle": 0, "axis": "y", "origin": [0, 0, 13]},
			"faces": {
				"north": {"uv": [15.5, 5.5, 15, 12], "texture": "#particle"},
				"east": {"uv": [16, 5.5, 15, 12], "texture": "#particle"},
				"south": {"uv": [16, 5.5, 15.5, 12], "texture": "#particle"},
				"west": {"uv": [15, 5.5, 16, 12], "texture": "#particle"},
				"down": {"uv": [16, 12, 15, 11.5], "rotation": 90, "texture": "#particle"}
			}
		},
		{
			"from": [23.99, 11, 3],
			"to": [25.01, 13, 15.5],
			"rotation": {"angle": -22.5, "axis": "x", "origin": [24.5, 13, 3]},
			"faces": {
				"east": {"uv": [14, 11.5, 15, 5.5], "rotation": 90, "texture": "#particle"},
				"west": {"uv": [14, 5.5, 15, 11.5], "rotation": 90, "texture": "#particle"},
				"up": {"uv": [14.5, 11.5, 14, 5.5], "texture": "#particle"},
				"down": {"uv": [15, 5.5, 14.5, 11.5], "texture": "#particle"}
			}
		},
		{
			"from": [-8, 18, 11],
			"to": [24, 21, 12],
			"rotation": {"angle": 22.5, "axis": "x", "origin": [24.5, 10, 11]},
			"faces": {
				"north": {"uv": [0, 14.5, 16, 16], "texture": "#particle"},
				"south": {"uv": [16, 14.5, 0, 16], "texture": "#particle"},
				"up": {"uv": [16, 14.5, 0, 15], "texture": "#particle"},
				"down": {"uv": [16, 15.5, 0, 16], "texture": "#particle"}
			}
		}
	],
	"display": {
		"thirdperson_righthand": {
			"translation": [-6, 0, -3]
		},
		"thirdperson_lefthand": {
			"translation": [-6, 0, -3]
		},
		"firstperson_righthand": {
			"rotation": [0, 134, 0],
			"scale": [0.5, 0.5, 0.5]
		},
		"firstperson_lefthand": {
			"rotation": [0, 134, 0],
			"scale": [0.5, 0.5, 0.5]
		},
		"ground": {
			"scale": [0.2, 0.2, 0.2]
		},
		"gui": {
			"rotation": [20, 135, 0],
			"translation": [-0.5, -1, 0],
			"scale": [0.4, 0.4, 0.4]
		},
		"head": {
			"translation": [0, 6, 0],
			"scale": [1.6, 1.6, 1.6]
		},
		"fixed": {
			"rotation": [-90, 0, 0],
			"translation": [0, 0, -16],
			"scale": [2, 2, 2]
		}
	}
}