{
	"credit": "Made by Falanta Fantomo with Blockbench",
	"textures": {
		"0": "shiver:item/props/props_c17/hl2_chair",
		"particle": "shiver:item/props/props_c17/hl2_chair"
	},
	"elements": [
		{
			"from": [3, 8, 4],
			"to": [13, 9, 12],
			"faces": {
				"north": {"uv": [15, 0, 14, 10], "rotation": 90, "texture": "#0"},
				"east": {"uv": [15, 0, 16, 8], "rotation": 90, "texture": "#0"},
				"south": {"uv": [14, 0, 13, 10], "rotation": 90, "texture": "#0"},
				"west": {"uv": [15, 8, 16, 0], "rotation": 90, "texture": "#0"},
				"up": {"uv": [0, 0, 10, 8], "texture": "#0"},
				"down": {"uv": [0, 8, 10, 0], "texture": "#0"}
			}
		},
		{
			"from": [3, 0, 4],
			"to": [3, 8, 5],
			"faces": {
				"east": {"uv": [12, 0, 13, 8], "texture": "#0"},
				"west": {"uv": [12, 0, 13, 8], "texture": "#0"}
			}
		},
		{
			"from": [13, 0, 4],
			"to": [13, 8, 5],
			"rotation": {"angle": 0, "axis": "y", "origin": [16, 0, 0]},
			"faces": {
				"east": {"uv": [13, 0, 12, 8], "texture": "#0"},
				"west": {"uv": [13, 0, 12, 8], "texture": "#0"}
			}
		},
		{
			"from": [3, 0, 12],
			"to": [3, 11, 13],
			"faces": {
				"east": {"uv": [11, 5, 12, 16], "rotation": 180, "texture": "#0"},
				"west": {"uv": [11, 5, 12, 16], "rotation": 180, "texture": "#0"}
			}
		},
		{
			"from": [13, 0, 12],
			"to": [13, 11, 13],
			"rotation": {"angle": 0, "axis": "y", "origin": [16, 0, 0]},
			"faces": {
				"east": {"uv": [12, 5, 11, 16], "rotation": 180, "texture": "#0"},
				"west": {"uv": [12, 5, 11, 16], "rotation": 180, "texture": "#0"}
			}
		},
		{
			"from": [3, 11, 12],
			"to": [13, 19, 13],
			"faces": {
				"north": {"uv": [0, 8, 10, 16], "texture": "#0"},
				"east": {"uv": [15, 8, 16, 15], "texture": "#0"},
				"south": {"uv": [10, 8, 0, 16], "texture": "#0"},
				"west": {"uv": [15, 8, 16, 15], "texture": "#0"},
				"up": {"uv": [0, 8, 10, 9], "texture": "#0"},
				"down": {"uv": [0, 14, 10, 15], "texture": "#0"}
			}
		}
	],
	"display": {
		"thirdperson_righthand": {
			"rotation": [75, 45, 0],
			"translation": [0, 2.5, 0],
			"scale": [0.375, 0.375, 0.375]
		},
		"thirdperson_lefthand": {
			"rotation": [75, 45, 0],
			"translation": [0, 2.5, 0],
			"scale": [0.375, 0.375, 0.375]
		},
		"firstperson_righthand": {
			"rotation": [0, 45, 0],
			"scale": [0.4, 0.4, 0.4]
		},
		"firstperson_lefthand": {
			"rotation": [0, 45, 0],
			"scale": [0.4, 0.4, 0.4]
		},
		"ground": {
			"scale": [0.25, 0.25, 0.25]
		},
		"gui": {
			"rotation": [20, 135, 0],
			"translation": [-0.5, -1, 0],
			"scale": [0.6, 0.6, 0.6]
		},
		"fixed": {
			"rotation": [-90, 0, 0],
			"translation": [0, 0, -16],
			"scale": [2, 2, 2]
		}
	}
}