{
	"credit": "Made by Falanta Fantomo with Blockbench",
	"texture_size": [32, 32],
	"textures": {
		"0": "shiver:item/props/props_c17/hl2_chair_office",
		"particle": "shiver:item/props/props_c17/hl2_chair_office"
	},
	"elements": [
		{
			"from": [3, 10, 4],
			"to": [13, 12, 12],
			"faces": {
				"north": {"uv": [0, 14, 5, 15], "texture": "#0"},
				"east": {"uv": [9, 0, 5, 1], "texture": "#0"},
				"south": {"uv": [0, 15, 5, 16], "texture": "#0"},
				"west": {"uv": [5, 0, 9, 1], "texture": "#0"},
				"up": {"uv": [0, 0, 5, 4], "texture": "#0"},
				"down": {"uv": [0, 4, 5, 8], "texture": "#0"}
			}
		},
		{
			"from": [3, 14.5, 11.5],
			"to": [13, 20.5, 13.5],
			"rotation": {"angle": 22.5, "axis": "x", "origin": [8, 14.5, 12.5]},
			"faces": {
				"north": {"uv": [0, 11, 5, 14], "texture": "#0"},
				"east": {"uv": [6, 2, 9, 1], "rotation": 90, "texture": "#0"},
				"south": {"uv": [0, 8, 5, 11], "texture": "#0"},
				"west": {"uv": [6, 1, 9, 2], "rotation": 90, "texture": "#0"},
				"up": {"uv": [9, 0, 14, 1], "texture": "#0"},
				"down": {"uv": [9, 1, 14, 2], "texture": "#0"}
			}
		},
		{
			"from": [7, 3, 7],
			"to": [9, 10, 9],
			"faces": {
				"north": {"uv": [5, 6, 6, 9.5], "texture": "#0"},
				"east": {"uv": [6, 6, 5, 9.5], "texture": "#0"},
				"south": {"uv": [5, 6, 6, 9.5], "texture": "#0"},
				"west": {"uv": [6, 6, 5, 9.5], "texture": "#0"},
				"down": {"uv": [6, 4.5, 7, 5.5], "texture": "#0"}
			}
		},
		{
			"from": [7, 10, 12],
			"to": [9, 15, 13],
			"faces": {
				"north": {"uv": [6, 1, 5, 3.5], "texture": "#0"},
				"east": {"uv": [5.5, 1, 6, 3.5], "texture": "#0"},
				"south": {"uv": [5, 1, 6, 3.5], "texture": "#0"},
				"west": {"uv": [5, 1, 5.5, 3.5], "texture": "#0"}
			}
		},
		{
			"from": [7.01, 10, 8],
			"to": [8.99, 12, 13],
			"rotation": {"angle": -22.5, "axis": "x", "origin": [8, 10, 13]},
			"faces": {
				"east": {"uv": [6, 4.5, 7, 2], "rotation": 90, "texture": "#0"},
				"west": {"uv": [6, 2, 7, 4.5], "rotation": 90, "texture": "#0"},
				"down": {"uv": [5, 3.5, 5.99, 6], "texture": "#0"}
			}
		},
		{
			"from": [7.01, 3, 2],
			"to": [8.99, 4, 7],
			"rotation": {"angle": -22.5, "axis": "x", "origin": [8, 4, 7]},
			"faces": {
				"north": {"uv": [8, 4, 7, 4.5], "texture": "#0"},
				"east": {"uv": [7.5, 2, 8, 4.5], "rotation": 90, "texture": "#0"},
				"west": {"uv": [7, 4.5, 7.5, 2], "rotation": 90, "texture": "#0"},
				"up": {"uv": [7, 2, 8, 4.5], "texture": "#0"},
				"down": {"uv": [7, 4.5, 8, 2], "texture": "#0"}
			}
		},
		{
			"from": [7, 0, 2],
			"to": [9, 2, 4],
			"faces": {
				"north": {"uv": [9, 2, 10, 3], "texture": "#0"},
				"east": {"uv": [9, 2, 8, 3], "texture": "#0"},
				"south": {"uv": [10, 2, 11, 3], "texture": "#0"},
				"west": {"uv": [8, 2, 9, 3], "texture": "#0"},
				"up": {"uv": [10, 2, 9, 3], "texture": "#0"},
				"down": {"uv": [10, 3, 11, 2], "texture": "#0"}
			}
		},
		{
			"from": [9, 3, 7.01],
			"to": [14, 4, 8.99],
			"rotation": {"angle": -22.5, "axis": "z", "origin": [9, 4, 8]},
			"faces": {
				"north": {"uv": [7.5, 4.5, 8, 2], "rotation": 90, "texture": "#0"},
				"east": {"uv": [7, 4, 8, 4.5], "texture": "#0"},
				"south": {"uv": [7, 2, 7.5, 4.5], "rotation": 90, "texture": "#0"},
				"up": {"uv": [8, 2, 7, 4.5], "rotation": 90, "texture": "#0"},
				"down": {"uv": [8, 4.5, 7, 2], "rotation": 270, "texture": "#0"}
			}
		},
		{
			"from": [12, 0, 7],
			"to": [14, 2, 9],
			"rotation": {"angle": 0, "axis": "y", "origin": [16, 0, 0]},
			"faces": {
				"north": {"uv": [8, 2, 9, 3], "texture": "#0"},
				"east": {"uv": [9, 2, 10, 3], "texture": "#0"},
				"south": {"uv": [9, 2, 8, 3], "texture": "#0"},
				"west": {"uv": [10, 2, 11, 3], "texture": "#0"},
				"up": {"uv": [10, 2, 9, 3], "rotation": 90, "texture": "#0"},
				"down": {"uv": [10, 3, 11, 2], "rotation": 270, "texture": "#0"}
			}
		},
		{
			"from": [7.01, 3, 9],
			"to": [8.99, 4, 14],
			"rotation": {"angle": 22.5, "axis": "x", "origin": [8, 4, 9]},
			"faces": {
				"east": {"uv": [7.5, 4.5, 8, 2], "rotation": 90, "texture": "#0"},
				"south": {"uv": [7, 4, 8, 4.5], "texture": "#0"},
				"west": {"uv": [7, 2, 7.5, 4.5], "rotation": 90, "texture": "#0"},
				"up": {"uv": [8, 2, 7, 4.5], "rotation": 180, "texture": "#0"},
				"down": {"uv": [8, 4.5, 7, 2], "rotation": 180, "texture": "#0"}
			}
		},
		{
			"from": [7, 0, 12],
			"to": [9, 2, 14],
			"rotation": {"angle": 0, "axis": "y", "origin": [16, 0, 16]},
			"faces": {
				"north": {"uv": [10, 2, 11, 3], "texture": "#0"},
				"east": {"uv": [8, 2, 9, 3], "texture": "#0"},
				"south": {"uv": [9, 2, 10, 3], "texture": "#0"},
				"west": {"uv": [9, 2, 8, 3], "texture": "#0"},
				"up": {"uv": [10, 2, 9, 3], "rotation": 180, "texture": "#0"},
				"down": {"uv": [10, 3, 11, 2], "rotation": 180, "texture": "#0"}
			}
		},
		{
			"from": [2, 3, 7.01],
			"to": [7, 4, 8.99],
			"rotation": {"angle": 22.5, "axis": "z", "origin": [7, 4, 8]},
			"faces": {
				"north": {"uv": [7.5, 2, 8, 4.5], "rotation": 90, "texture": "#0"},
				"south": {"uv": [7, 4.5, 7.5, 2], "rotation": 90, "texture": "#0"},
				"west": {"uv": [8, 4, 7, 4.5], "texture": "#0"},
				"up": {"uv": [7, 2, 8, 4.5], "rotation": 270, "texture": "#0"},
				"down": {"uv": [7, 4.5, 8, 2], "rotation": 90, "texture": "#0"}
			}
		},
		{
			"from": [2, 0, 7],
			"to": [4, 2, 9],
			"rotation": {"angle": 0, "axis": "y", "origin": [0, 0, 16]},
			"faces": {
				"north": {"uv": [9, 2, 8, 3], "texture": "#0"},
				"east": {"uv": [10, 2, 11, 3], "texture": "#0"},
				"south": {"uv": [8, 2, 9, 3], "texture": "#0"},
				"west": {"uv": [9, 2, 10, 3], "texture": "#0"},
				"up": {"uv": [10, 2, 9, 3], "rotation": 270, "texture": "#0"},
				"down": {"uv": [10, 3, 11, 2], "rotation": 90, "texture": "#0"}
			}
		},
		{
			"from": [9, 8, 11],
			"to": [10, 10, 13],
			"rotation": {"angle": 0, "axis": "y", "origin": [9, 9, 12]},
			"faces": {
				"north": {"uv": [8.5, 3, 9, 4], "texture": "#0"},
				"east": {"uv": [8, 3, 9, 4], "texture": "#0"},
				"south": {"uv": [8, 3, 8.5, 4], "texture": "#0"},
				"west": {"uv": [9, 3, 8, 4], "texture": "#0"},
				"up": {"uv": [9, 3, 8, 3.5], "rotation": 90, "texture": "#0"},
				"down": {"uv": [9, 3.5, 8, 4], "rotation": 90, "texture": "#0"}
			}
		}
	],
	"display": {
		"thirdperson_righthand": {
			"rotation": [75, 45, 0],
			"translation": [0, 2.5, 0],
			"scale": [0.375, 0.375, 0.375]
		},
		"thirdperson_lefthand": {
			"rotation": [75, 45, 0],
			"translation": [0, 2.5, 0],
			"scale": [0.375, 0.375, 0.375]
		},
		"firstperson_righthand": {
			"rotation": [0, 45, 0],
			"scale": [0.4, 0.4, 0.4]
		},
		"firstperson_lefthand": {
			"rotation": [0, 45, 0],
			"scale": [0.4, 0.4, 0.4]
		},
		"ground": {
			"scale": [0.25, 0.25, 0.25]
		},
		"gui": {
			"rotation": [20, 135, 0],
			"translation": [-0.5, -1.5, 0],
			"scale": [0.6, 0.6, 0.6]
		},
		"fixed": {
			"rotation": [-90, 0, 0],
			"translation": [0, 0, -16],
			"scale": [2, 2, 2]
		}
	},
	"groups": [
		0,
		1,
		2,
		3,
		4,
		{
			"name": "leg",
			"origin": [0, 0, 0],
			"color": 0,
			"children": [5, 6]
		},
		{
			"name": "leg",
			"origin": [0, 0, 0],
			"color": 0,
			"children": [7, 8]
		},
		{
			"name": "leg",
			"origin": [0, 0, 0],
			"color": 0,
			"children": [9, 10]
		},
		{
			"name": "leg",
			"origin": [0, 0, 0],
			"color": 0,
			"children": [11, 12]
		},
		13
	]
}