{
	"credit": "Made by Falanta Fantomo with Blockbench",
	"textures": {
		"0": "shiver:item/props/props_c17/hl2_chair_stool",
		"particle": "shiver:item/props/props_c17/hl2_chair_stool"
	},
	"elements": [
		{
			"from": [7.01, 3, 2],
			"to": [8.99, 4, 7],
			"rotation": {"angle": -22.5, "axis": "x", "origin": [8, 4, 7]},
			"faces": {
				"north": {"uv": [11, 8, 12, 6], "rotation": 90, "texture": "#0"},
				"east": {"uv": [16, 6, 11, 7], "texture": "#0"},
				"west": {"uv": [11, 7, 16, 8], "texture": "#0"},
				"up": {"uv": [11, 6, 16, 8], "rotation": 90, "texture": "#0"},
				"down": {"uv": [16, 6, 11, 8], "rotation": 90, "texture": "#0"}
			}
		},
		{
			"from": [7, 0, 2],
			"to": [9, 2, 4],
			"faces": {
				"north": {"uv": [13, 8, 15, 10], "texture": "#0"},
				"east": {"uv": [13, 8, 11, 10], "texture": "#0"},
				"south": {"uv": [15, 10, 13, 8], "texture": "#0"},
				"west": {"uv": [11, 8, 13, 10], "texture": "#0"},
				"up": {"uv": [15, 8, 13, 10], "texture": "#0"},
				"down": {"uv": [15, 8, 13, 10], "texture": "#0"}
			}
		},
		{
			"from": [9, 3, 7.01],
			"to": [14, 4, 8.99],
			"rotation": {"angle": -22.5, "axis": "z", "origin": [9, 4, 8]},
			"faces": {
				"north": {"uv": [11, 6, 16, 7], "texture": "#0"},
				"east": {"uv": [11, 6, 12, 8], "rotation": 90, "texture": "#0"},
				"south": {"uv": [16, 7, 11, 8], "texture": "#0"},
				"up": {"uv": [11, 8, 16, 6], "rotation": 180, "texture": "#0"},
				"down": {"uv": [16, 8, 11, 6], "texture": "#0"}
			}
		},
		{
			"from": [12, 0, 7],
			"to": [14, 2, 9],
			"rotation": {"angle": 0, "axis": "y", "origin": [16, 0, 16]},
			"faces": {
				"north": {"uv": [11, 8, 13, 10], "texture": "#0"},
				"east": {"uv": [15, 8, 13, 10], "texture": "#0"},
				"south": {"uv": [13, 8, 11, 10], "texture": "#0"},
				"west": {"uv": [13, 10, 15, 8], "texture": "#0"},
				"up": {"uv": [13, 8, 15, 10], "rotation": 90, "texture": "#0"},
				"down": {"uv": [13, 8, 15, 10], "rotation": 270, "texture": "#0"}
			}
		},
		{
			"from": [7.01, 3, 9],
			"to": [8.99, 4, 14],
			"rotation": {"angle": 22.5, "axis": "x", "origin": [8, 4, 9]},
			"faces": {
				"east": {"uv": [11, 6, 16, 7], "texture": "#0"},
				"south": {"uv": [11, 6, 12, 8], "rotation": 90, "texture": "#0"},
				"west": {"uv": [16, 7, 11, 8], "texture": "#0"},
				"up": {"uv": [11, 8, 16, 6], "rotation": 270, "texture": "#0"},
				"down": {"uv": [16, 8, 11, 6], "rotation": 270, "texture": "#0"}
			}
		},
		{
			"from": [7, 0, 12],
			"to": [9, 2, 14],
			"rotation": {"angle": 0, "axis": "y", "origin": [0, 0, 16]},
			"faces": {
				"north": {"uv": [13, 10, 15, 8], "texture": "#0"},
				"east": {"uv": [11, 8, 13, 10], "texture": "#0"},
				"south": {"uv": [15, 8, 13, 10], "texture": "#0"},
				"west": {"uv": [13, 8, 11, 10], "texture": "#0"},
				"up": {"uv": [13, 8, 15, 10], "rotation": 180, "texture": "#0"},
				"down": {"uv": [13, 8, 15, 10], "rotation": 180, "texture": "#0"}
			}
		},
		{
			"from": [2, 3, 7.01],
			"to": [7, 4, 8.99],
			"rotation": {"angle": 22.5, "axis": "z", "origin": [7, 4, 8]},
			"faces": {
				"north": {"uv": [16, 6, 11, 7], "texture": "#0"},
				"south": {"uv": [11, 7, 16, 8], "texture": "#0"},
				"west": {"uv": [11, 8, 12, 6], "rotation": 90, "texture": "#0"},
				"up": {"uv": [11, 6, 16, 8], "texture": "#0"},
				"down": {"uv": [16, 6, 11, 8], "rotation": 180, "texture": "#0"}
			}
		},
		{
			"from": [2, 0, 7],
			"to": [4, 2, 9],
			"rotation": {"angle": 0, "axis": "y", "origin": [0, 0, 16]},
			"faces": {
				"north": {"uv": [13, 8, 11, 10], "texture": "#0"},
				"east": {"uv": [15, 10, 13, 8], "texture": "#0"},
				"south": {"uv": [11, 8, 13, 10], "texture": "#0"},
				"west": {"uv": [13, 8, 15, 10], "texture": "#0"},
				"up": {"uv": [15, 8, 13, 10], "rotation": 270, "texture": "#0"},
				"down": {"uv": [15, 8, 13, 10], "rotation": 90, "texture": "#0"}
			}
		},
		{
			"from": [7, 3, 7],
			"to": [9, 13, 9],
			"rotation": {"angle": 0, "axis": "y", "origin": [8, 7.5, 8]},
			"faces": {
				"north": {"uv": [8, 6, 10, 16], "texture": "#0"},
				"east": {"uv": [10, 6, 8, 16], "texture": "#0"},
				"south": {"uv": [8, 6, 10, 16], "texture": "#0"},
				"west": {"uv": [10, 6, 8, 16], "texture": "#0"},
				"down": {"uv": [9, 15, 10, 16], "texture": "#0"}
			}
		},
		{
			"from": [5, 7, 8],
			"to": [11, 13, 8],
			"rotation": {"angle": -22.5, "axis": "x", "origin": [8, 13, 8]},
			"faces": {
				"north": {"uv": [10, 10, 16, 16], "texture": "#0"},
				"south": {"uv": [16, 10, 10, 16], "texture": "#0"}
			}
		},
		{
			"from": [10, 13, 7.5],
			"to": [14, 13, 8.5],
			"rotation": {"angle": -22.5, "axis": "z", "origin": [10, 13, 8]},
			"faces": {
				"up": {"uv": [10, 6, 11, 10], "rotation": 270, "texture": "#0"},
				"down": {"uv": [10, 6, 11, 10], "rotation": 270, "texture": "#0"}
			}
		},
		{
			"from": [4, 13, 4],
			"to": [12, 15, 12],
			"rotation": {"angle": 0, "axis": "y", "origin": [8, 7.5, 8]},
			"faces": {
				"north": {"uv": [8, 0, 16, 2], "texture": "#0"},
				"east": {"uv": [8, 4, 16, 6], "texture": "#0"},
				"south": {"uv": [8, 2, 16, 4], "texture": "#0"},
				"west": {"uv": [16, 4, 8, 6], "texture": "#0"},
				"up": {"uv": [0, 0, 8, 8], "texture": "#0"},
				"down": {"uv": [0, 8, 8, 16], "texture": "#0"}
			}
		}
	],
	"display": {
		"thirdperson_righthand": {
			"rotation": [75, 45, 0],
			"translation": [0, 2.5, 0],
			"scale": [0.375, 0.375, 0.375]
		},
		"thirdperson_lefthand": {
			"rotation": [75, 45, 0],
			"translation": [0, 2.5, 0],
			"scale": [0.375, 0.375, 0.375]
		},
		"firstperson_righthand": {
			"rotation": [0, 45, 0],
			"scale": [0.4, 0.4, 0.4]
		},
		"firstperson_lefthand": {
			"rotation": [0, 45, 0],
			"scale": [0.4, 0.4, 0.4]
		},
		"ground": {
			"scale": [0.25, 0.25, 0.25]
		},
		"gui": {
			"rotation": [20, 135, 0],
			"translation": [0, 0.25, 0],
			"scale": [0.75, 0.75, 0.75]
		},
		"fixed": {
			"rotation": [-90, 0, 0],
			"translation": [0, 0, -16],
			"scale": [2, 2, 2]
		}
	},
	"groups": [
		{
			"name": "leg",
			"origin": [0, 0, 16],
			"color": 0,
			"children": [0, 1]
		},
		{
			"name": "leg",
			"origin": [0, 0, 16],
			"color": 0,
			"children": [2, 3]
		},
		{
			"name": "leg",
			"origin": [0, 0, 16],
			"color": 0,
			"children": [4, 5]
		},
		{
			"name": "leg",
			"origin": [0, 0, 16],
			"color": 0,
			"children": [6, 7]
		},
		8,
		9,
		10,
		11
	]
}