{
	"credit": "Made by Falanta Fantomo with Blockbench",
	"texture_size": [64, 64],
	"textures": {
		"0": "shiver:item/props/props_c17/hl2_chair_kleiner",
		"particle": "shiver:item/props/props_c17/hl2_chair_kleiner"
	},
	"elements": [
		{
			"from": [2, 0, 2],
			"to": [14, 2, 14],
			"faces": {
				"north": {"uv": [12, 4, 12.5, 7], "rotation": 90, "texture": "#0"},
				"east": {"uv": [12.5, 7, 13, 4], "rotation": 90, "texture": "#0"},
				"south": {"uv": [12.5, 7, 13, 10], "rotation": 90, "texture": "#0"},
				"west": {"uv": [12.5, 4, 13, 7], "rotation": 90, "texture": "#0"},
				"up": {"uv": [13, 4, 16, 7], "texture": "#0"},
				"down": {"uv": [13, 7, 16, 10], "texture": "#0"}
			}
		},
		{
			"from": [6, 2, 6],
			"to": [10, 14, 10],
			"faces": {
				"north": {"uv": [0, 1.75, 3, 2.75], "rotation": 90, "texture": "#0"},
				"east": {"uv": [0, 2.75, 3, 1.75], "rotation": 90, "texture": "#0"},
				"south": {"uv": [0, 1.75, 3, 2.75], "rotation": 90, "texture": "#0"},
				"west": {"uv": [0, 2.75, 3, 1.75], "rotation": 90, "texture": "#0"}
			}
		},
		{
			"from": [0, 14, 0],
			"to": [16, 16, 16],
			"rotation": {"angle": 0, "axis": "y", "origin": [8, 16.5, 8]},
			"faces": {
				"north": {"uv": [8, 4.5, 12, 5], "texture": "#0"},
				"east": {"uv": [12, 4, 8, 4.5], "texture": "#0"},
				"south": {"uv": [8, 5, 12, 5.5], "texture": "#0"},
				"west": {"uv": [8, 4, 12, 4.5], "texture": "#0"},
				"up": {"uv": [8, 0, 12, 4], "texture": "#0"},
				"down": {"uv": [12, 0, 16, 4], "texture": "#0"}
			}
		},
		{
			"from": [-2, 22, 0],
			"to": [0, 24, 16],
			"rotation": {"angle": 0, "axis": "y", "origin": [-1, 23, 8]},
			"faces": {
				"north": {"uv": [6.5, 2.5, 7, 3], "texture": "#0"},
				"east": {"uv": [3.5, 1, 7.5, 1.5], "texture": "#0"},
				"south": {"uv": [6.5, 3, 7, 3.5], "texture": "#0"},
				"west": {"uv": [3.5, 0, 7.5, 0.5], "texture": "#0"},
				"up": {"uv": [3.5, 0.5, 7.5, 1], "rotation": 90, "texture": "#0"},
				"down": {"uv": [7.5, 0, 8, 4], "texture": "#0"}
			}
		},
		{
			"from": [-1, 15, 1],
			"to": [-1, 19, 15],
			"rotation": {"angle": 22.5, "axis": "z", "origin": [-1, 19, 6]},
			"faces": {
				"north": {"uv": [0, 0, 0, 1], "texture": "#missing"},
				"east": {"uv": [3.5, 0.75, 0, 1.75], "texture": "#0"},
				"south": {"uv": [0, 0, 0, 1], "texture": "#missing"},
				"west": {"uv": [0, 0.75, 3.5, 1.75], "texture": "#0"},
				"up": {"uv": [0, 0, 0, 3.5], "texture": "#missing"},
				"down": {"uv": [0, 0, 0, 3.5], "texture": "#missing"}
			}
		},
		{
			"from": [-1, 19, 1],
			"to": [-1, 22, 15],
			"rotation": {"angle": 0, "axis": "z", "origin": [-1, 19, 6]},
			"faces": {
				"east": {"uv": [3.5, 0, 0, 0.75], "texture": "#0"},
				"west": {"uv": [0, 0, 3.5, 0.75], "texture": "#0"}
			}
		},
		{
			"from": [16, 22, 0],
			"to": [18, 24, 16],
			"rotation": {"angle": 0, "axis": "y", "origin": [17, 23, 8]},
			"faces": {
				"north": {"uv": [7, 2.5, 6.5, 3], "texture": "#0"},
				"east": {"uv": [7.5, 0, 3.5, 0.5], "texture": "#0"},
				"south": {"uv": [7, 3, 6.5, 3.5], "texture": "#0"},
				"west": {"uv": [7.5, 1, 3.5, 1.5], "texture": "#0"},
				"up": {"uv": [3.5, 1, 7.5, 0.5], "rotation": 90, "texture": "#0"},
				"down": {"uv": [8, 0, 7.5, 4], "texture": "#0"}
			}
		},
		{
			"from": [17, 15, 1],
			"to": [17, 19, 15],
			"rotation": {"angle": -22.5, "axis": "z", "origin": [17, 19, 6]},
			"faces": {
				"north": {"uv": [0, 0, 0, 1], "texture": "#missing"},
				"east": {"uv": [3.5, 0.75, 0, 1.75], "texture": "#0"},
				"south": {"uv": [0, 0, 0, 1], "texture": "#missing"},
				"west": {"uv": [0, 0.75, 3.5, 1.75], "texture": "#0"},
				"up": {"uv": [0, 0, 0, 3.5], "texture": "#missing"},
				"down": {"uv": [0, 0, 0, 3.5], "texture": "#missing"}
			}
		},
		{
			"from": [17, 19, 1],
			"to": [17, 22, 15],
			"rotation": {"angle": 0, "axis": "z", "origin": [17, 19, 6]},
			"faces": {
				"east": {"uv": [3.5, 0, 0, 0.75], "texture": "#0"},
				"west": {"uv": [0, 0, 3.5, 0.75], "texture": "#0"}
			}
		},
		{
			"from": [1, 16, 0],
			"to": [15, 19, 16],
			"rotation": {"angle": 0, "axis": "y", "origin": [8, 16.5, 8]},
			"faces": {
				"north": {"uv": [0, 11.25, 3.5, 12], "texture": "#0"},
				"east": {"uv": [3.5, 12, 4.25, 16], "rotation": 90, "texture": "#0"},
				"west": {"uv": [3.5, 16, 4.25, 12], "rotation": 90, "texture": "#0"},
				"up": {"uv": [0, 12, 3.5, 16], "texture": "#0"}
			}
		},
		{
			"from": [1.01, 14, 13],
			"to": [14.99, 25, 16],
			"rotation": {"angle": 22.5, "axis": "x", "origin": [8, 14, 16]},
			"faces": {
				"north": {"uv": [0, 8.5, 3.5, 11.25], "texture": "#0"},
				"east": {"uv": [4.25, 9.25, 3.5, 12], "texture": "#0"},
				"south": {"uv": [4.25, 13.25, 7.75, 16], "texture": "#0"},
				"west": {"uv": [3.5, 9.25, 4.25, 12], "texture": "#0"}
			}
		},
		{
			"from": [1, 25.31073, 17.43788],
			"to": [15, 29.31073, 20.43788],
			"rotation": {"angle": 45, "axis": "x", "origin": [8, 25.31073, 17.43788]},
			"faces": {
				"north": {"uv": [0, 7.5, 3.5, 8.5], "texture": "#0"},
				"east": {"uv": [4.25, 8.25, 3.5, 9.25], "texture": "#0"},
				"south": {"uv": [4.25, 12.25, 7.75, 13.25], "texture": "#0"},
				"west": {"uv": [3.5, 8.25, 4.25, 9.25], "texture": "#0"},
				"up": {"uv": [0, 6.75, 3.5, 7.5], "texture": "#0"}
			}
		},
		{
			"from": [7, 26, 22],
			"to": [9, 26, 25],
			"faces": {
				"up": {"uv": [7, 1.5, 7.5, 2.25], "texture": "#0"},
				"down": {"uv": [7, 2.25, 7.5, 1.5], "texture": "#0"}
			}
		},
		{
			"from": [6, 26, 25],
			"to": [10, 30, 25],
			"faces": {
				"north": {"uv": [7, 2.5, 6, 1.5], "texture": "#0"},
				"south": {"uv": [6, 2.5, 7, 1.5], "texture": "#0"}
			}
		},
		{
			"from": [6, 30, 25],
			"to": [10, 32, 25],
			"rotation": {"angle": -45, "axis": "x", "origin": [8, 30, 25]},
			"faces": {
				"north": {"uv": [7, 3.25, 7.5, 2.25], "rotation": 90, "texture": "#0"},
				"south": {"uv": [7, 2.25, 7.5, 3.25], "rotation": 90, "texture": "#0"}
			}
		},
		{
			"from": [5.5, 32, 23.5],
			"to": [10.5, 32, 26.5],
			"rotation": {"angle": -45, "axis": "x", "origin": [8, 30, 25]},
			"faces": {
				"up": {"uv": [4.75, 1.5, 6, 2.25], "texture": "#0"},
				"down": {"uv": [4.75, 2.25, 6, 1.5], "texture": "#0"}
			}
		},
		{
			"from": [0, 8, -5],
			"to": [16, 8, 0],
			"faces": {
				"up": {"uv": [8, 5.5, 12, 6.75], "texture": "#0"},
				"down": {"uv": [8, 6.75, 12, 5.5], "texture": "#0"}
			}
		},
		{
			"from": [0, 10, -10],
			"to": [16, 10, -7],
			"faces": {
				"up": {"uv": [8, 6.75, 12, 7.5], "texture": "#0"},
				"down": {"uv": [8, 7.5, 12, 6.75], "texture": "#0"}
			}
		},
		{
			"from": [0, 8, -1],
			"to": [0, 16, 2],
			"faces": {
				"east": {"uv": [0, 3.5, 2, 2.75], "rotation": 90, "texture": "#0"},
				"west": {"uv": [0, 2.75, 2, 3.5], "rotation": 90, "texture": "#0"}
			}
		},
		{
			"from": [16, 8, -1],
			"to": [16, 16, 2],
			"rotation": {"angle": 0, "axis": "y", "origin": [16, 0, 0]},
			"faces": {
				"east": {"uv": [0, 3.5, 2, 2.75], "rotation": 90, "texture": "#0"},
				"west": {"uv": [0, 2.75, 2, 3.5], "rotation": 90, "texture": "#0"}
			}
		},
		{
			"from": [2, 8, -7.85],
			"to": [14, 8, -5],
			"rotation": {"angle": 45, "axis": "x", "origin": [1.5, 8, -5]},
			"faces": {
				"up": {"uv": [13, 10, 16, 10.75], "texture": "#0"},
				"down": {"uv": [13, 10.75, 16, 10], "texture": "#0"}
			}
		}
	],
	"display": {
		"thirdperson_righthand": {
			"rotation": [75, 45, 0],
			"translation": [0, 2.5, 0],
			"scale": [0.375, 0.375, 0.375]
		},
		"thirdperson_lefthand": {
			"rotation": [75, 45, 0],
			"translation": [0, 2.5, 0],
			"scale": [0.375, 0.375, 0.375]
		},
		"firstperson_righthand": {
			"rotation": [0, 45, 0],
			"scale": [0.2, 0.2, 0.2]
		},
		"firstperson_lefthand": {
			"rotation": [0, 45, 0],
			"scale": [0.2, 0.2, 0.2]
		},
		"ground": {
			"scale": [0.1, 0.1, 0.1]
		},
		"gui": {
			"rotation": [20, 135, 0],
			"translation": [0, -3.5, 0],
			"scale": [0.4, 0.4, 0.4]
		},
		"fixed": {
			"rotation": [-90, 0, 0],
			"translation": [0, 0, -16],
			"scale": [2, 2, 2]
		}
	},
	"groups": [
		0,
		1,
		2,
		{
			"name": "handle",
			"origin": [8, 16.5, 8],
			"color": 0,
			"children": [3, 4, 5]
		},
		{
			"name": "handle",
			"origin": [8, 16.5, 8],
			"color": 0,
			"children": [6, 7, 8]
		},
		9,
		10,
		11,
		12,
		13,
		14,
		15,
		16,
		17,
		18,
		19,
		20
	]
}