{
	"credit": "Made by Falanta Fantomo with Blockbench",
	"texture_size": [64, 64],
	"textures": {
		"0": "shiver:item/props/props_c17/hl2_concrete_barrier01a",
		"particle": "shiver:item/props/props_c17/hl2_concrete_barrier01a"
	},
	"elements": [
		{
			"from": [-16, 4, 6],
			"to": [32, 20, 10],
			"rotation": {"angle": 0, "axis": "y", "origin": [8, 10, 8]},
			"faces": {
				"north": {"uv": [0, 0, 12, 4], "texture": "#0"},
				"east": {"uv": [12, 0, 13, 4], "texture": "#0"},
				"south": {"uv": [12, 0, 0, 4], "texture": "#0"},
				"west": {"uv": [13, 0, 12, 4], "texture": "#0"},
				"up": {"uv": [0, 6.5, 12, 7.5], "texture": "#0"}
			}
		},
		{
			"from": [-16, 0, 4],
			"to": [32, 4, 12],
			"rotation": {"angle": 0, "axis": "y", "origin": [8, 10, 8]},
			"faces": {
				"north": {"uv": [0, 5.5, 12, 6.5], "texture": "#0"},
				"east": {"uv": [13.75, 0, 15.75, 1], "texture": "#0"},
				"south": {"uv": [12, 5.5, 0, 6.5], "texture": "#0"},
				"west": {"uv": [15.75, 0, 13.75, 1], "texture": "#0"},
				"down": {"uv": [0, 7.5, 12, 9.5], "texture": "#0"}
			}
		},
		{
			"from": [-15.99, 4, 4],
			"to": [31.99, 10.25, 7],
			"rotation": {"angle": 22.5, "axis": "x", "origin": [8, 4, 4]},
			"faces": {
				"north": {"uv": [0, 4, 11.995, 5.5], "texture": "#0"},
				"east": {"uv": [13, 0, 13.75, 1.5], "texture": "#0"},
				"west": {"uv": [13.75, 0, 13, 1.5], "texture": "#0"}
			}
		},
		{
			"from": [-15.99, 4, 9],
			"to": [31.99, 10.25, 12],
			"rotation": {"angle": -22.5, "axis": "x", "origin": [8, 4, 12]},
			"faces": {
				"east": {"uv": [13.75, 0, 13, 1.5], "texture": "#0"},
				"south": {"uv": [11.995, 4, 0, 5.5], "texture": "#0"},
				"west": {"uv": [13, 0, 13.75, 1.5], "texture": "#0"}
			}
		}
	],
	"display": {
		"thirdperson_righthand": {
			"rotation": [75, 45, 0],
			"translation": [0, 2.5, 0],
			"scale": [0.1, 0.1, 0.1]
		},
		"thirdperson_lefthand": {
			"rotation": [75, 45, 0],
			"translation": [0, 2.5, 0],
			"scale": [0.1, 0.1, 0.1]
		},
		"firstperson_righthand": {
			"rotation": [0, 25, 0],
			"translation": [2, 0, 0],
			"scale": [0.1, 0.1, 0.1]
		},
		"firstperson_lefthand": {
			"rotation": [0, 25, 0],
			"translation": [2, 0, 0],
			"scale": [0.1, 0.1, 0.1]
		},
		"ground": {
			"scale": [0.1, 0.1, 0.1]
		},
		"gui": {
			"rotation": [20, -45, 0],
			"translation": [0, -0.5, 0],
			"scale": [0.35, 0.35, 0.35]
		},
		"fixed": {
			"rotation": [-90, 0, 0],
			"translation": [0, 0, -16],
			"scale": [2, 2, 2]
		}
	}
}