{
	"credit": "Made by Falanta Fantomo with Blockbench",
	"texture_size": [32, 32],
	"textures": {
		"0": "shiver:item/props/props_c17/hl2_consolebox03",
		"particle": "shiver:item/props/props_c17/hl2_consolebox03"
	},
	"elements": [
		{
			"from": [3, 6.5, 2],
			"to": [13, 9.5, 14],
			"rotation": {"angle": 0, "axis": "y", "origin": [0, 6.5, -2]},
			"faces": {
				"north": {"uv": [0, 6, 5, 7.5], "texture": "#0"},
				"east": {"uv": [10, 0, 11.5, 6], "rotation": 90, "texture": "#0"},
				"south": {"uv": [0, 7.5, 5, 9], "texture": "#0"},
				"west": {"uv": [10, 6, 11.5, 0], "rotation": 90, "texture": "#0"},
				"up": {"uv": [0, 0, 5, 6], "texture": "#0"},
				"down": {"uv": [5, 0, 10, 6], "texture": "#0"}
			}
		},
		{
			"from": [2.99, 7.5, -2],
			"to": [13.01, 8.5, 5],
			"rotation": {"angle": -22.5, "axis": "x", "origin": [8, 8, 4.5]},
			"faces": {
				"north": {"uv": [15, 0, 15.5, 5.01], "rotation": 90, "texture": "#0"},
				"east": {"uv": [15.5, 3.5, 16, 0], "rotation": 90, "texture": "#0"},
				"west": {"uv": [15.5, 0, 16, 3.5], "rotation": 90, "texture": "#0"}
			}
		},
		{
			"from": [2.99, 8.5, -2],
			"to": [13.01, 7.5, 5],
			"rotation": {"angle": -22.5, "axis": "x", "origin": [8, 8, 4.5]},
			"faces": {
				"north": {"uv": [15, 0, 15.5, 5.01], "rotation": 90, "texture": "#0"},
				"east": {"uv": [15.5, 3.5, 16, 0], "rotation": 90, "texture": "#0"},
				"west": {"uv": [15.5, 0, 16, 3.5], "rotation": 90, "texture": "#0"}
			}
		}
	],
	"display": {
		"thirdperson_righthand": {
			"rotation": [75, 45, 0],
			"translation": [0, 2.5, 0],
			"scale": [0.375, 0.375, 0.375]
		},
		"thirdperson_lefthand": {
			"rotation": [75, 45, 0],
			"translation": [0, 2.5, 0],
			"scale": [0.375, 0.375, 0.375]
		},
		"firstperson_righthand": {
			"rotation": [0, 45, 0],
			"scale": [0.4, 0.4, 0.4]
		},
		"firstperson_lefthand": {
			"rotation": [0, 45, 0],
			"scale": [0.4, 0.4, 0.4]
		},
		"ground": {
			"scale": [0.25, 0.25, 0.25]
		},
		"gui": {
			"rotation": [20, 135, 0],
			"translation": [1, 0, 0],
			"scale": [0.8, 0.8, 0.8]
		},
		"fixed": {
			"rotation": [-90, 0, 0],
			"translation": [0, 0, -3],
			"scale": [2, 2, 2]
		}
	}
}