{
	"credit": "Made by Falanta Fantomo with Blockbench",
	"textures": {
		"0": "shiver:item/props/props_c17/hl2_doll01",
		"particle": "shiver:item/props/props_c17/hl2_doll01"
	},
	"elements": [
		{
			"from": [6.5, 6, 6.5],
			"to": [9.5, 9, 9.5],
			"rotation": {"angle": 0, "axis": "y", "origin": [0, 1, 0]},
			"faces": {
				"north": {"uv": [0, 0, 3, 3], "texture": "#0"},
				"east": {"uv": [3, 0, 6, 3], "texture": "#0"},
				"south": {"uv": [3, 3, 6, 6], "texture": "#0"},
				"west": {"uv": [6, 0, 3, 3], "texture": "#0"},
				"up": {"uv": [0, 3, 3, 6], "texture": "#0"},
				"down": {"uv": [6, 0, 9, 3], "texture": "#0"}
			}
		},
		{
			"from": [6.5, 2, 7],
			"to": [9.5, 6, 9],
			"rotation": {"angle": 0, "axis": "y", "origin": [0, 1, 0]},
			"faces": {
				"north": {"uv": [9, 0, 12, 4], "texture": "#0"},
				"east": {"uv": [12, 0, 14, 4], "texture": "#0"},
				"south": {"uv": [0, 6, 3, 10], "texture": "#0"},
				"west": {"uv": [14, 0, 12, 4], "texture": "#0"},
				"down": {"uv": [14, 0, 16, 3], "rotation": 90, "texture": "#0"}
			}
		},
		{
			"from": [8.5, 0, 7.5],
			"to": [9.5, 2, 8.5],
			"rotation": {"angle": 22.5, "axis": "x", "origin": [9, 2.5, 8]},
			"faces": {
				"north": {"uv": [7, 3, 8, 5], "texture": "#0"},
				"east": {"uv": [7, 3, 8, 5], "texture": "#0"},
				"south": {"uv": [7, 3, 8, 5], "texture": "#0"},
				"west": {"uv": [7, 3, 8, 5], "texture": "#0"},
				"up": {"uv": [7, 3, 8, 4], "texture": "#0"},
				"down": {"uv": [7, 4, 8, 5], "texture": "#0"}
			}
		},
		{
			"from": [6.5, 0, 7.5],
			"to": [7.5, 2, 8.5],
			"rotation": {"angle": 0, "axis": "x", "origin": [7, 2.5, 8]},
			"faces": {
				"north": {"uv": [8, 3, 7, 5], "texture": "#0"},
				"east": {"uv": [8, 3, 7, 5], "texture": "#0"},
				"south": {"uv": [8, 3, 7, 5], "texture": "#0"},
				"west": {"uv": [8, 3, 7, 5], "texture": "#0"},
				"up": {"uv": [8, 3, 7, 4], "texture": "#0"},
				"down": {"uv": [8, 4, 7, 5], "texture": "#0"}
			}
		},
		{
			"from": [9.5, 3, 7.5],
			"to": [10.5, 6, 8.5],
			"rotation": {"angle": 22.5, "axis": "z", "origin": [10, 5.5, 8]},
			"faces": {
				"north": {"uv": [6, 3, 7, 6], "texture": "#0"},
				"east": {"uv": [6, 3, 7, 6], "texture": "#0"},
				"south": {"uv": [6, 3, 7, 6], "texture": "#0"},
				"west": {"uv": [6, 3, 7, 6], "texture": "#0"},
				"up": {"uv": [6, 3, 7, 4], "texture": "#0"},
				"down": {"uv": [6, 5, 7, 6], "texture": "#0"}
			}
		}
	],
	"display": {
		"thirdperson_righthand": {
			"rotation": [75, 45, 0],
			"translation": [0, 2.5, 0],
			"scale": [0.375, 0.375, 0.375]
		},
		"thirdperson_lefthand": {
			"rotation": [75, 45, 0],
			"translation": [0, 2.5, 0],
			"scale": [0.375, 0.375, 0.375]
		},
		"firstperson_righthand": {
			"rotation": [0, 132, 0],
			"translation": [1.5, 3.5, 0],
			"scale": [0.4, 0.4, 0.4]
		},
		"firstperson_lefthand": {
			"rotation": [0, 132, 0],
			"translation": [1.5, 3.5, 0],
			"scale": [0.4, 0.4, 0.4]
		},
		"ground": {
			"rotation": [90, 0, 0],
			"translation": [0, 0, 2],
			"scale": [0.5, 0.5, 0.5]
		},
		"gui": {
			"rotation": [20, 135, 0],
			"translation": [0, 4.5, 0],
			"scale": [1.5, 1.5, 1.5]
		},
		"fixed": {
			"rotation": [-6, 0, 0],
			"translation": [0, 6, -3.25],
			"scale": [2, 2, 2]
		}
	}
}