{
	"credit": "Made by Falanta Fantomo with Blockbench",
	"texture_size": [32, 32],
	"textures": {
		"0": "shiver:item/props/props_c17/hl2_frame02_007",
		"particle": "shiver:item/props/props_c17/hl2_frame02_007"
	},
	"elements": [
		{
			"from": [2, 0, 7.5],
			"to": [14, 16, 8.5],
			"rotation": {"angle": 0, "axis": "z", "origin": [8, 8, 8]},
			"faces": {
				"north": {"uv": [0, 0, 6, 8], "texture": "#0"},
				"east": {"uv": [0, 0, 0.5, 8], "texture": "#0"},
				"south": {"uv": [6, 0, 12, 8], "texture": "#0"},
				"west": {"uv": [5.5, 0, 6, 8], "texture": "#0"},
				"up": {"uv": [6, 0, 0, 0.5], "texture": "#0"},
				"down": {"uv": [6, 7.5, 0, 8], "texture": "#0"}
			}
		},
		{
			"from": [4, 14, 7.5],
			"to": [12, 2, 8.5],
			"rotation": {"angle": 0, "axis": "z", "origin": [8, 8, 8]},
			"faces": {
				"east": {"uv": [0.5, 7, 1, 1], "texture": "#0"},
				"south": {"uv": [12, 6, 16, 0], "texture": "#0"},
				"west": {"uv": [5, 7, 5.5, 1], "texture": "#0"},
				"up": {"uv": [5, 7, 1, 7.5], "texture": "#0"},
				"down": {"uv": [5, 0.5, 1, 1], "texture": "#0"}
			}
		}
	],
	"display": {
		"thirdperson_righthand": {
			"rotation": [75, 45, 0],
			"translation": [0, 2.5, 0],
			"scale": [0.25, 0.25, 0.25]
		},
		"thirdperson_lefthand": {
			"rotation": [75, 45, 0],
			"translation": [0, 2.5, 0],
			"scale": [0.25, 0.25, 0.25]
		},
		"firstperson_righthand": {
			"rotation": [0, 115, 0],
			"scale": [0.4, 0.4, 0.4]
		},
		"firstperson_lefthand": {
			"rotation": [0, 115, 0],
			"scale": [0.4, 0.4, 0.4]
		},
		"ground": {
			"scale": [0.25, 0.25, 0.25]
		},
		"gui": {
			"rotation": [20, 135, 0],
			"scale": [0.8, 0.8, 0.8]
		},
		"fixed": {
			"translation": [0, 0, -1.01],
			"scale": [2, 2, 2]
		}
	}
}