{
	"credit": "Made with Blockbench",
	"texture_size": [32, 32],
	"textures": {
		"0": "shiver:item/props/props_c17/hl2_frame02_008",
		"particle": "shiver:item/props/props_c17/hl2_frame02_008"
	},
	"elements": [
		{
			"from": [7.75, 8, 2.75],
			"to": [8.75, 24, 14.75],
			"rotation": {"angle": 0, "axis": "y", "origin": [8, 16, 8.75]},
			"faces": {
				"north": {"uv": [0, 0, 0.5, 8], "texture": "#0"},
				"east": {"uv": [0, 0, 6, 8], "texture": "#0"},
				"south": {"uv": [5.5, 0, 6, 8], "texture": "#0"},
				"west": {"uv": [6, 0, 12, 8], "texture": "#0"},
				"up": {"uv": [0, 0, 6, 0.5], "rotation": 90, "texture": "#0"},
				"down": {"uv": [0, 8, 6, 7.5], "rotation": 270, "texture": "#0"}
			}
		},
		{
			"from": [7.75, 22, 4.75],
			"to": [8.75, 10, 12.75],
			"rotation": {"angle": 0, "axis": "y", "origin": [8, 16, 8.75]},
			"faces": {
				"north": {"uv": [0, 0, 0.5, 8], "texture": "#0"},
				"east": {"uv": [0.5, 0.5, 5.5, 7.5], "texture": "#0"},
				"south": {"uv": [5.5, 0, 6, 8], "texture": "#0"},
				"up": {"uv": [0, 0, 6, 0.5], "rotation": 90, "texture": "#0"},
				"down": {"uv": [0, 8, 6, 7.5], "rotation": 270, "texture": "#0"}
			}
		},
		{
			"from": [7.75, 10, 4.75],
			"to": [7.75, 22, 12.75],
			"rotation": {"angle": 0, "axis": "y", "origin": [8, 16, 8.75]},
			"faces": {
				"north": {"uv": [0, 0, 0, 6], "texture": "#missing"},
				"east": {"uv": [12, 0, 16, 6], "texture": "#0"},
				"south": {"uv": [0, 0, 0, 6], "texture": "#missing"},
				"up": {"uv": [0, 0, 4, 0], "rotation": 90, "texture": "#missing"},
				"down": {"uv": [0, 0, 4, 0], "rotation": 270, "texture": "#missing"}
			}
		}
	],
	"gui_light": "front",
	"display": {
		"thirdperson_righthand": {
			"rotation": [0, 180, 0]
		},
		"firstperson_righthand": {
			"rotation": [0, 180, 0],
			"scale": [0.5, 0.5, 0.5]
		},
		"gui": {
			"rotation": [0, -90, 0],
			"translation": [1, -8, 0]
		}
	}
}