{
	"credit": "Made by Falanta Fantomo with Blockbench",
	"texture_size": [32, 32],
	"textures": {
		"0": "shiver:item/props/props_c17/furniture_lamp",
		"particle": "shiver:item/props/props_c17/furniture_lamp"
	},
	"elements": [
		{
			"from": [3, 8, 3],
			"to": [13, 11, 13],
			"faces": {
				"north": {"uv": [5, 0, 10, 1.5], "texture": "#0"},
				"east": {"uv": [10, 0, 5, 1.5], "texture": "#0"},
				"south": {"uv": [5, 0, 10, 1.5], "texture": "#0"},
				"west": {"uv": [10, 0, 5, 1.5], "texture": "#0"},
				"up": {"uv": [5, 1.5, 10, 6.5], "texture": "#0"}
			}
		},
		{
			"from": [3, 11, 3],
			"to": [13, 8, 13],
			"faces": {
				"north": {"uv": [0, 1.5, 5, 0], "texture": "#0"},
				"east": {"uv": [5, 1.5, 0, 0], "texture": "#0"},
				"south": {"uv": [0, 1.5, 5, 0], "texture": "#0"},
				"west": {"uv": [5, 1.5, 0, 0], "texture": "#0"},
				"down": {"uv": [0, 6.5, 5, 1.5], "texture": "#0"}
			}
		},
		{
			"from": [5, 11, 5],
			"to": [11, 13, 11],
			"faces": {
				"north": {"uv": [2, 10, 3, 13], "rotation": 90, "texture": "#0"},
				"east": {"uv": [2, 13, 3, 10], "rotation": 90, "texture": "#0"},
				"south": {"uv": [2, 10, 3, 13], "rotation": 90, "texture": "#0"},
				"west": {"uv": [2, 13, 3, 10], "rotation": 90, "texture": "#0"},
				"up": {"uv": [0, 7, 3, 10], "texture": "#0"}
			}
		},
		{
			"from": [8, 13, 7.5],
			"to": [8, 19, 8.5],
			"rotation": {"angle": -45, "axis": "y", "origin": [8, 14.5, 8]},
			"faces": {
				"east": {"uv": [1.5, 10, 2, 13], "texture": "#0"},
				"west": {"uv": [1.5, 10, 2, 13], "texture": "#0"}
			}
		},
		{
			"from": [7.5, 13, 8],
			"to": [8.5, 19, 8],
			"rotation": {"angle": -45, "axis": "y", "origin": [8, 14.5, 8]},
			"faces": {
				"north": {"uv": [1.5, 10, 2, 13], "texture": "#0"},
				"south": {"uv": [1.5, 10, 2, 13], "texture": "#0"}
			}
		},
		{
			"from": [7, 9, 7],
			"to": [9, 11, 9],
			"rotation": {"angle": 0, "axis": "z", "origin": [8, 9, 8]},
			"faces": {
				"north": {"uv": [1.5, 15, 2.5, 16], "rotation": 180, "texture": "#0"},
				"east": {"uv": [1.5, 14, 2.5, 15], "rotation": 180, "texture": "#0"},
				"south": {"uv": [1.5, 15, 2.5, 16], "rotation": 180, "texture": "#0"},
				"west": {"uv": [1.5, 14, 2.5, 15], "rotation": 180, "texture": "#0"},
				"up": {"uv": [1.5, 13, 2.5, 14], "rotation": 180, "texture": "#0"}
			}
		},
		{
			"from": [6.5, 6, 6.5],
			"to": [9.5, 9, 9.5],
			"rotation": {"angle": 0, "axis": "z", "origin": [8, 9, 8]},
			"faces": {
				"north": {"uv": [0, 14.5, 1.5, 16], "rotation": 180, "texture": "#0"},
				"east": {"uv": [0, 13, 1.5, 14.5], "rotation": 180, "texture": "#0"},
				"south": {"uv": [0, 14.5, 1.5, 16], "rotation": 180, "texture": "#0"},
				"west": {"uv": [0, 13, 1.5, 14.5], "rotation": 180, "texture": "#0"},
				"up": {"uv": [0, 10, 1.5, 11.5], "rotation": 180, "texture": "#0"},
				"down": {"uv": [0, 11.5, 1.5, 13], "rotation": 180, "texture": "#0"}
			}
		}
	],
	"display": {
		"thirdperson_righthand": {
			"rotation": [75, 45, 0],
			"translation": [0, 2.5, 0],
			"scale": [0.1, 0.1, 0.1]
		},
		"thirdperson_lefthand": {
			"rotation": [75, 45, 0],
			"translation": [0, 2.5, 0],
			"scale": [0.1, 0.1, 0.1]
		},
		"firstperson_righthand": {
			"rotation": [0, 45, 0],
			"scale": [0.2, 0.2, 0.2]
		},
		"firstperson_lefthand": {
			"rotation": [0, 45, 0],
			"scale": [0.2, 0.2, 0.2]
		},
		"ground": {
			"scale": [0.1, 0.1, 0.1]
		},
		"gui": {
			"rotation": [20, 135, 0],
			"translation": [0, -4, 0]
		},
		"fixed": {
			"rotation": [90, 0, 0],
			"translation": [0, 0, -16],
			"scale": [2, 2, 2]
		}
	}
}