{
	"credit": "Made by Falanta Fantomo with Blockbench",
	"texture_size": [32, 32],
	"textures": {
		"0": "shiver:item/props/props_c17/lamp_lit",
		"particle": "shiver:item/props/props_c17/lamp_lit"
	},
	"elements": [
		{
			"from": [5.5, 5.5, 8],
			"to": [10.5, 10.5, 16],
			"rotation": {"angle": 0, "axis": "y", "origin": [8, 8, 15]},
			"faces": {
				"north": {"uv": [4, 4, 6.5, 6.5], "texture": "#0"},
				"east": {"uv": [4, 3, 0, 5.5], "texture": "#0"},
				"west": {"uv": [0, 3, 4, 5.5], "texture": "#0"},
				"up": {"uv": [0, 5.5, 4, 8], "rotation": 90, "texture": "#0"},
				"down": {"uv": [0, 8, 4, 10.5], "rotation": 270, "texture": "#0"}
			}
		}
	],
	"display": {
		"thirdperson_righthand": {
			"rotation": [75, 45, 0],
			"translation": [0, 2.5, 0],
			"scale": [0.1, 0.1, 0.1]
		},
		"thirdperson_lefthand": {
			"rotation": [75, 45, 0],
			"translation": [0, 2.5, 0],
			"scale": [0.1, 0.1, 0.1]
		},
		"firstperson_righthand": {
			"rotation": [0, 45, 0],
			"scale": [0.2, 0.2, 0.2]
		},
		"firstperson_lefthand": {
			"rotation": [0, 45, 0],
			"scale": [0.2, 0.2, 0.2]
		},
		"ground": {
			"scale": [0.1, 0.1, 0.1]
		},
		"gui": {
			"rotation": [20, 135, 0],
			"translation": [-3, -1, 0]
		},
		"fixed": {
			"translation": [0, 0, -16],
			"scale": [2, 2, 2]
		}
	}
}