{
	"credit": "Made by Falanta Fantomo with Blockbench",
	"texture_size": [32, 32],
	"textures": {
		"0": "shiver:item/props/props_c17/lamp",
		"particle": "shiver:item/props/props_c17/lamp"
	},
	"elements": [
		{
			"from": [5.5, 3.5, 13],
			"to": [10.5, 12.5, 16],
			"faces": {
				"north": {"uv": [8, 0, 10.5, 4.5], "texture": "#0"},
				"east": {"uv": [12, 0, 10.5, 4.5], "texture": "#0"},
				"west": {"uv": [10.5, 0, 12, 4.5], "texture": "#0"},
				"up": {"uv": [12, 0, 14.5, 1.5], "texture": "#0"},
				"down": {"uv": [12, 1.5, 14.5, 3], "texture": "#0"}
			}
		}
	],
	"display": {
		"thirdperson_righthand": {
			"rotation": [75, 45, 0],
			"translation": [0, 2.5, 0],
			"scale": [0.1, 0.1, 0.1]
		},
		"thirdperson_lefthand": {
			"rotation": [75, 45, 0],
			"translation": [0, 2.5, 0],
			"scale": [0.1, 0.1, 0.1]
		},
		"firstperson_righthand": {
			"rotation": [0, 45, 0],
			"scale": [0.2, 0.2, 0.2]
		},
		"firstperson_lefthand": {
			"rotation": [0, 45, 0],
			"scale": [0.2, 0.2, 0.2]
		},
		"ground": {
			"scale": [0.1, 0.1, 0.1]
		},
		"gui": {
			"rotation": [20, 135, 0],
			"translation": [-4.5, -1.5, 0]
		},
		"fixed": {
			"translation": [0, 0, -16],
			"scale": [2, 2, 2]
		}
	}
}