{
	"credit": "Made by Falanta Fantomo with Blockbench",
	"texture_size": [32, 32],
	"textures": {
		"0": "shiver:item/props/props_c17/lamp_lit",
		"particle": "shiver:item/props/props_c17/lamp_lit"
	},
	"elements": [
		{
			"from": [4, 4, 3],
			"to": [12, 12, 13],
			"rotation": {"angle": 0, "axis": "x", "origin": [8, 8, 8]},
			"faces": {
				"north": {"uv": [4, 7, 8, 11], "texture": "#0"},
				"east": {"uv": [8, 11, 4, 16], "rotation": 90, "texture": "#0"},
				"south": {"uv": [8, 7, 12, 11], "texture": "#0"},
				"west": {"uv": [4, 11, 8, 16], "rotation": 270, "texture": "#0"},
				"up": {"uv": [8, 11, 12, 16], "texture": "#0"},
				"down": {"uv": [0, 11, 4, 16], "rotation": 180, "texture": "#0"}
			}
		},
		{
			"from": [5, 8, 13],
			"to": [11, 8, 15],
			"rotation": {"angle": 0, "axis": "x", "origin": [8, 8, 8]},
			"faces": {
				"up": {"uv": [15, 13, 16, 16], "rotation": 90, "texture": "#0"},
				"down": {"uv": [16, 13, 15, 16], "rotation": 90, "texture": "#0"}
			}
		}
	],
	"display": {
		"thirdperson_righthand": {
			"rotation": [75, 45, 0],
			"translation": [0, 2.5, 0],
			"scale": [0.1, 0.1, 0.1]
		},
		"thirdperson_lefthand": {
			"rotation": [75, 45, 0],
			"translation": [0, 2.5, 0],
			"scale": [0.1, 0.1, 0.1]
		},
		"firstperson_righthand": {
			"rotation": [0, 45, 0],
			"scale": [0.2, 0.2, 0.2]
		},
		"firstperson_lefthand": {
			"rotation": [0, 45, 0],
			"scale": [0.2, 0.2, 0.2]
		},
		"ground": {
			"scale": [0.1, 0.1, 0.1]
		},
		"gui": {
			"rotation": [20, 135, 0],
			"scale": [0.5, 0.5, 0.5]
		},
		"fixed": {
			"rotation": [-90, 0, 0],
			"translation": [0, 0, -16],
			"scale": [2, 2, 2]
		}
	}
}