{
	"credit": "Made by Falanta Fantomo with Blockbench",
	"texture_size": [32, 32],
	"textures": {
		"0": "shiver:item/props/props_c17/furniture_lamp",
		"particle": "shiver:item/props/props_c17/furniture_lamp"
	},
	"elements": [
		{
			"from": [4, 0, 4],
			"to": [12, 2, 12],
			"faces": {
				"north": {"uv": [7, 11, 11, 12], "texture": "#0"},
				"east": {"uv": [7, 11, 11, 12], "texture": "#0"},
				"south": {"uv": [7, 11, 11, 12], "texture": "#0"},
				"west": {"uv": [7, 11, 11, 12], "texture": "#0"},
				"up": {"uv": [7, 12, 11, 16], "texture": "#0"},
				"down": {"uv": [7, 7, 11, 11], "texture": "#0"}
			}
		},
		{
			"from": [4, 20, 4],
			"to": [12, 30, 12],
			"faces": {
				"north": {"uv": [11, 0, 16, 4], "rotation": 90, "texture": "#0"},
				"east": {"uv": [11, 4, 16, 8], "rotation": 90, "texture": "#0"},
				"south": {"uv": [11, 8, 16, 12], "rotation": 90, "texture": "#0"},
				"west": {"uv": [11, 12, 16, 16], "rotation": 90, "texture": "#0"}
			}
		},
		{
			"from": [4, 30, 4],
			"to": [12, 20, 12],
			"faces": {
				"north": {"uv": [16, 0, 11, 4], "rotation": 90, "texture": "#0"},
				"east": {"uv": [16, 4, 11, 8], "rotation": 90, "texture": "#0"},
				"south": {"uv": [16, 8, 11, 12], "rotation": 90, "texture": "#0"},
				"west": {"uv": [16, 12, 11, 16], "rotation": 90, "texture": "#0"}
			}
		},
		{
			"from": [7, 21, 7],
			"to": [9, 23, 9],
			"rotation": {"angle": 0, "axis": "x", "origin": [8, 9, 8]},
			"faces": {
				"north": {"uv": [2.5, 15, 3.5, 16], "texture": "#0"},
				"east": {"uv": [2.5, 14, 3.5, 15], "texture": "#0"},
				"south": {"uv": [2.5, 15, 3.5, 16], "texture": "#0"},
				"west": {"uv": [2.5, 14, 3.5, 15], "texture": "#0"},
				"down": {"uv": [2.5, 13, 3.5, 14], "rotation": 180, "texture": "#0"}
			}
		},
		{
			"from": [8, 2, 7.5],
			"to": [8, 21, 8.5],
			"rotation": {"angle": -45, "axis": "y", "origin": [8, 8, 8]},
			"faces": {
				"east": {"uv": [0, 6.5, 9.5, 7], "rotation": 90, "texture": "#0"},
				"west": {"uv": [0, 6.5, 9.5, 7], "rotation": 90, "texture": "#0"}
			}
		},
		{
			"from": [7.5, 2, 8],
			"to": [8.5, 21, 8],
			"rotation": {"angle": -45, "axis": "y", "origin": [8, 8, 8]},
			"faces": {
				"north": {"uv": [0, 6.5, 9.5, 7], "rotation": 90, "texture": "#0"},
				"south": {"uv": [0, 6.5, 9.5, 7], "rotation": 90, "texture": "#0"}
			}
		},
		{
			"from": [6.5, 23, 6.5],
			"to": [9.5, 26, 9.5],
			"rotation": {"angle": 0, "axis": "x", "origin": [8, 9, 8]},
			"faces": {
				"north": {"uv": [0, 14.5, 1.5, 16], "texture": "#0"},
				"east": {"uv": [0, 13, 1.5, 14.5], "texture": "#0"},
				"south": {"uv": [0, 14.5, 1.5, 16], "texture": "#0"},
				"west": {"uv": [0, 13, 1.5, 14.5], "texture": "#0"},
				"up": {"uv": [0, 11.5, 1.5, 13], "rotation": 180, "texture": "#0"},
				"down": {"uv": [0, 10, 1.5, 11.5], "rotation": 180, "texture": "#0"}
			}
		}
	],
	"display": {
		"thirdperson_righthand": {
			"rotation": [75, 45, 0],
			"translation": [0, 2.5, 0],
			"scale": [0.1, 0.1, 0.1]
		},
		"thirdperson_lefthand": {
			"rotation": [75, 45, 0],
			"translation": [0, 2.5, 0],
			"scale": [0.1, 0.1, 0.1]
		},
		"firstperson_righthand": {
			"rotation": [0, 45, 0],
			"scale": [0.2, 0.2, 0.2]
		},
		"firstperson_lefthand": {
			"rotation": [0, 45, 0],
			"scale": [0.2, 0.2, 0.2]
		},
		"ground": {
			"scale": [0.1, 0.1, 0.1]
		},
		"gui": {
			"rotation": [20, 135, 0],
			"translation": [0, -3, 0],
			"scale": [0.45, 0.45, 0.45]
		},
		"fixed": {
			"rotation": [-90, 0, 0],
			"translation": [0, 0, -16],
			"scale": [2, 2, 2]
		}
	}
}