{
	"credit": "Made by Falanta Fantomo with Blockbench",
	"texture_size": [64, 64],
	"textures": {
		"0": "shiver:item/props/props_c17/hl2_wood_crate",
		"particle": "shiver:item/props/props_c17/hl2_wood_crate"
	},
	"elements": [
		{
			"from": [-1, 0, -1],
			"to": [17, 17, 17],
			"faces": {
				"north": {"uv": [0, 0, 4.5, 4.25], "texture": "#0"},
				"east": {"uv": [4.5, 0, 9, 4.25], "texture": "#0"},
				"south": {"uv": [0, 0, 4.5, 4.25], "texture": "#0"},
				"west": {"uv": [4.5, 0, 9, 4.25], "texture": "#0"},
				"up": {"uv": [0, 4.25, 4.5, 8.75], "texture": "#0"},
				"down": {"uv": [4.5, 4.25, 9, 8.75], "texture": "#0"}
			}
		},
		{
			"from": [0, -1, -1],
			"to": [3, 0, 17],
			"faces": {
				"north": {"uv": [9, 0, 9.75, 0.25], "texture": "#0"},
				"east": {"uv": [9, 0, 9.25, 4.5], "rotation": 90, "texture": "#0"},
				"south": {"uv": [9.75, 4.25, 9, 4.5], "texture": "#0"},
				"west": {"uv": [9.5, 4.5, 9.75, 0], "rotation": 90, "texture": "#0"},
				"down": {"uv": [9, 0, 9.75, 4.5], "rotation": 180, "texture": "#0"}
			}
		},
		{
			"from": [13, -1, -1],
			"to": [16, 0, 17],
			"rotation": {"angle": 0, "axis": "y", "origin": [16, 0, 0]},
			"faces": {
				"north": {"uv": [9.75, 0, 9, 0.25], "texture": "#0"},
				"east": {"uv": [9.5, 0, 9.75, 4.5], "rotation": 90, "texture": "#0"},
				"south": {"uv": [9, 4.25, 9.75, 4.5], "texture": "#0"},
				"west": {"uv": [9, 4.5, 9.25, 0], "rotation": 90, "texture": "#0"},
				"down": {"uv": [9.75, 0, 9, 4.5], "rotation": 180, "texture": "#0"}
			}
		},
		{
			"from": [6.5, -1, -1],
			"to": [9.5, 0, 17],
			"rotation": {"angle": 0, "axis": "y", "origin": [9.5, 0, 0]},
			"faces": {
				"north": {"uv": [10.5, 0, 9.75, 0.25], "texture": "#0"},
				"east": {"uv": [10.25, 0, 10.5, 4.5], "rotation": 90, "texture": "#0"},
				"south": {"uv": [9.75, 4.25, 10.5, 4.5], "texture": "#0"},
				"west": {"uv": [9.75, 4.5, 10, 0], "rotation": 90, "texture": "#0"},
				"down": {"uv": [10.5, 0, 9.75, 4.5], "rotation": 180, "texture": "#0"}
			}
		}
	],
	"display": {
		"thirdperson_righthand": {
			"rotation": [75, 45, 0],
			"translation": [0, 2.5, 0],
			"scale": [0.25, 0.25, 0.25]
		},
		"thirdperson_lefthand": {
			"rotation": [75, 45, 0],
			"translation": [0, 2.5, 0],
			"scale": [0.25, 0.25, 0.25]
		},
		"firstperson_righthand": {
			"rotation": [-6, 16, 0],
			"scale": [0.5, 0.5, 0.5]
		},
		"firstperson_lefthand": {
			"rotation": [-6, 16, 0],
			"scale": [0.5, 0.5, 0.5]
		},
		"ground": {
			"scale": [0.25, 0.25, 0.25]
		},
		"gui": {
			"rotation": [20, 135, 0],
			"translation": [0, -0.5, 0],
			"scale": [0.5, 0.5, 0.5]
		},
		"head": {
			"scale": [1.6, 1.6, 1.6]
		},
		"fixed": {
			"rotation": [-90, 0, 0],
			"translation": [0, 0, -16],
			"scale": [2, 2, 2]
		}
	}
}