{
	"credit": "by 2M3V",
	"textures": {
		"0": "shiver:item/weapons/ammo2",
		"particle": "shiver:item/weapons/ammo2"
	},
	"elements": [
		{
			"from": [7.5, 8, 7],
			"to": [8.5, 9, 9],
			"rotation": {"angle": 0, "axis": "y", "origin": [7.5, 8, 7]},
			"faces": {
				"north": {"uv": [8, 6, 9, 7], "texture": "#0"},
				"east": {"uv": [11, 6, 9, 7], "texture": "#0"},
				"south": {"uv": [7, 9, 8, 10], "texture": "#0"},
				"west": {"uv": [9, 6, 11, 7], "texture": "#0"},
				"up": {"uv": [9, 6, 11, 7], "rotation": 90, "texture": "#0"},
				"down": {"uv": [9, 8, 10, 6], "texture": "#0"}
			}
		}
	],
	"display": {}
}