{
	"credit": "Made by Falanta Fantomo with Blockbench",
	"textures": {
		"0": "shiver:item/weapons/armature",
		"particle": "shiver:item/weapons/armature"
	},
	"elements": [
		{
			"from": [6.5, 11.5, 6],
			"to": [9.5, 16.5, 11],
			"rotation": {"angle": 0, "axis": "z", "origin": [8, 8.5, 6]},
			"faces": {
				"north": {"uv": [0, 8, 5, 11], "rotation": 270, "texture": "#0"},
				"east": {"uv": [4, 0, 9, 5], "rotation": 90, "texture": "#0"},
				"south": {"uv": [4, 5, 9, 8], "rotation": 90, "texture": "#0"},
				"west": {"uv": [4, 11, 9, 16], "rotation": 90, "texture": "#0"},
				"up": {"uv": [9, 0, 12, 5], "rotation": 180, "texture": "#0"},
				"down": {"uv": [9, 5, 12, 10], "rotation": 180, "texture": "#0"}
			}
		},
		{
			"from": [6.5, 16.5, 7],
			"to": [9.5, 20.5, 11],
			"rotation": {"angle": 0, "axis": "z", "origin": [8, 8.5, 6]},
			"faces": {
				"north": {"uv": [5, 8, 9, 11], "rotation": 270, "texture": "#0"},
				"east": {"uv": [0, 1, 4, 5], "rotation": 90, "texture": "#0"},
				"south": {"uv": [0, 5, 4, 8], "rotation": 90, "texture": "#0"},
				"west": {"uv": [0, 11, 4, 15], "rotation": 90, "texture": "#0"},
				"up": {"uv": [9, 0, 12, 4], "rotation": 180, "texture": "#0"}
			}
		},
		{
			"from": [7.5, 20.5, 8],
			"to": [8.5, 25.5, 9],
			"rotation": {"angle": 0, "axis": "z", "origin": [8, 8.5, 6]},
			"faces": {
				"north": {"uv": [15, 5, 16, 0], "texture": "#0"},
				"east": {"uv": [15, 0, 16, 5], "rotation": 180, "texture": "#0"},
				"south": {"uv": [15, 0, 16, 5], "rotation": 180, "texture": "#0"},
				"west": {"uv": [15, 0, 16, 5], "rotation": 180, "texture": "#0"},
				"up": {"uv": [15, 4, 16, 5], "rotation": 180, "texture": "#0"}
			}
		},
		{
			"from": [7.5, -0.5, 6],
			"to": [8.5, 8.5, 7],
			"rotation": {"angle": 0, "axis": "z", "origin": [8, 8.5, 6]},
			"faces": {
				"north": {"uv": [13, 9, 14, 0], "texture": "#0"},
				"east": {"uv": [13, 0, 14, 9], "rotation": 180, "texture": "#0"},
				"south": {"uv": [13, 0, 14, 9], "rotation": 180, "texture": "#0"},
				"west": {"uv": [13, 0, 14, 9], "rotation": 180, "texture": "#0"},
				"down": {"uv": [13, 0, 14, 1], "rotation": 180, "texture": "#0"}
			}
		},
		{
			"from": [7.5, 8.5, 6],
			"to": [8.5, 13.5, 7],
			"rotation": {"angle": 22.5, "axis": "x", "origin": [8, 8.5, 6]},
			"faces": {
				"north": {"uv": [14, 5, 15, 0], "texture": "#0"},
				"east": {"uv": [14, 0, 15, 5], "rotation": 180, "texture": "#0"},
				"south": {"uv": [14, 0, 15, 5], "rotation": 180, "texture": "#0"},
				"west": {"uv": [14, 0, 15, 5], "rotation": 180, "texture": "#0"}
			}
		}
	],
	"gui_light": "front",
	"display": {
		"thirdperson_righthand": {
			"rotation": [0, -180, 0],
			"translation": [0, 5.25, 0.75],
			"scale": [1.2, 1.2, 1.2]
		},
		"thirdperson_lefthand": {
			"translation": [0, 2.5, 3.5]
		},
		"firstperson_righthand": {
			"rotation": [5, -180, 15],
			"translation": [1.75, 1.5, -2.75],
			"scale": [1, 1.1, 1]
		},
		"ground": {
			"rotation": [0, 0, 90],
			"translation": [1.5, 0, 0]
		},
		"gui": {
			"rotation": [70, -135, 70],
			"translation": [-2.5, -2.25, 0],
			"scale": [0.7, 0.7, 0.7]
		},
		"head": {
			"rotation": [90, 0, 90],
			"translation": [13, 0, 0],
			"scale": [1.6, 1.6, 1.6]
		},
		"fixed": {
			"rotation": [-90, 0, 0],
			"translation": [0, 0, -16],
			"scale": [2, 2, 2]
		}
	}
}