{
	"credit": "Made by Falanta Fantomo with Blockbench",
	"textures": {
		"0": "shiver:item/weapons/c4",
		"particle": "shiver:item/weapons/c4"
	},
	"elements": [
		{
			"from": [5, 0, 3.5],
			"to": [11, 2, 12.5],
			"faces": {
				"north": {"uv": [0, 9, 6, 11], "texture": "#0"},
				"east": {"uv": [13, 9, 11, 0], "rotation": 90, "texture": "#0"},
				"south": {"uv": [6, 9, 12, 11], "texture": "#0"},
				"west": {"uv": [5, 0, 7, 9], "rotation": 90, "texture": "#0"},
				"up": {"uv": [0, 0, 6, 9], "rotation": 180, "texture": "#0"},
				"down": {"uv": [6, 0, 12, 9], "texture": "#0"}
			}
		},
		{
			"from": [6.5, 2.25, 5.5],
			"to": [9.5, 2.25, 8.5],
			"faces": {
				"up": {"uv": [13, 0, 16, 3], "rotation": 180, "texture": "#0"},
				"down": {"uv": [13, 3, 16, 0], "rotation": 180, "texture": "#0"}
			}
		},
		{
			"from": [11, 0.5, 8.5],
			"to": [12, 1.5, 12.5],
			"faces": {
				"north": {"uv": [14, 3, 15, 4], "texture": "#0"},
				"east": {"uv": [14, 3, 15, 7], "rotation": 90, "texture": "#0"},
				"south": {"uv": [14, 6, 15, 7], "texture": "#0"},
				"up": {"uv": [13, 3, 14, 7], "texture": "#0"},
				"down": {"uv": [14, 7, 15, 3], "texture": "#0"}
			}
		},
		{
			"from": [6, 1, 12.5],
			"to": [10, 1, 14.5],
			"faces": {
				"up": {"uv": [0, 12, 2, 16], "rotation": 90, "texture": "#0"},
				"down": {"uv": [2, 12, 0, 16], "rotation": 90, "texture": "#0"}
			}
		}
	],
	"gui_light": "front",
	"display": {
		"thirdperson_righthand": {
			"rotation": [97, 180, 0],
			"translation": [-1.5, 2, 6.75],
			"scale": [0.75, 0.75, 0.75]
		},
		"thirdperson_lefthand": {
			"translation": [0, 0, 5]
		},
		"firstperson_righthand": {
			"rotation": [60, 175, -10],
			"translation": [-0.25, 5.25, 4.5]
		},
		"ground": {
			"translation": [0, 6.75, 0]
		},
		"gui": {
			"rotation": [70, 135, 0],
			"translation": [0, 2.5, 0],
			"scale": [1.25, 1.25, 1.25]
		},
		"head": {
			"translation": [0, 19.25, 0],
			"scale": [1.6, 1.6, 1.6]
		},
		"fixed": {
			"rotation": [-90, 0, 0],
			"translation": [0, 0, -16],
			"scale": [2, 2, 2]
		}
	}
}