{
	"format_version": "1.21.6",
	"credit": "by 2M3V",
	"texture_size": [32, 32],
	"textures": {
		"0": "shiver:item/weapons/explosive_molot",
		"particle": "shiver:item/weapons/explosive_molot"
	},
	"elements": [
		{
			"from": [4, 0, 0],
			"to": [12, 4, 4],
			"rotation": {"angle": 0, "axis": "y", "origin": [7, 0, 0]},
			"faces": {
				"north": {"uv": [2, 2, 6, 4], "texture": "#0"},
				"east": {"uv": [8.5, 6.5, 10.5, 8.5], "texture": "#0"},
				"south": {"uv": [2, 4, 6, 6], "texture": "#0"},
				"west": {"uv": [8.5, 8.5, 10.5, 10.5], "texture": "#0"},
				"up": {"uv": [6, 8, 2, 6], "texture": "#0"},
				"down": {"uv": [10, 2, 6, 4], "texture": "#0"}
			}
		},
		{
			"from": [7, 1, 4],
			"to": [9, 3, 25],
			"rotation": {"angle": 0, "axis": "y", "origin": [7, 0, 0]},
			"faces": {
				"north": {"uv": [10, 2, 11, 3], "texture": "#0"},
				"east": {"uv": [0, 0, 10.5, 1], "texture": "#0"},
				"south": {"uv": [10, 3, 11, 4], "texture": "#0"},
				"west": {"uv": [0, 1, 10.5, 2], "texture": "#0"},
				"up": {"uv": [1, 12.5, 0, 2], "texture": "#0"},
				"down": {"uv": [2, 2, 1, 12.5], "texture": "#0"}
			}
		},
		{
			"from": [3.5, -0.5, -0.5],
			"to": [4.5, 4.5, 4.5],
			"rotation": {"angle": 0, "axis": "y", "origin": [-0.5, -0.5, -0.5]},
			"faces": {
				"north": {"uv": [4.5, 8, 5, 10.5], "texture": "#0"},
				"east": {"uv": [6, 4, 8.5, 6.5], "texture": "#0"},
				"south": {"uv": [5, 8, 5.5, 10.5], "texture": "#0"},
				"west": {"uv": [6, 6.5, 8.5, 9], "texture": "#0"},
				"up": {"uv": [6, 10.5, 5.5, 8], "texture": "#0"},
				"down": {"uv": [6.5, 9, 6, 11.5], "texture": "#0"}
			}
		},
		{
			"from": [4.5, 4.5, 4.5],
			"to": [3.5, -0.5, -0.5],
			"rotation": {"angle": 0, "axis": "y", "origin": [4, 2, 2]},
			"faces": {
				"north": {"uv": [5, 8, 5.5, 10.5], "texture": "#0"},
				"east": {"uv": [6, 6.5, 8.5, 9], "texture": "#0"},
				"south": {"uv": [4.5, 8, 5, 10.5], "texture": "#0"},
				"west": {"uv": [6, 4, 8.5, 6.5], "texture": "#0"},
				"up": {"uv": [6, 10.5, 5.5, 8], "rotation": 180, "texture": "#0"},
				"down": {"uv": [6.5, 9, 6, 11.5], "rotation": 180, "texture": "#0"}
			}
		},
		{
			"from": [11.5, -0.5, -0.5],
			"to": [12.5, 4.5, 4.5],
			"rotation": {"angle": 0, "axis": "y", "origin": [7.5, -0.5, -0.5]},
			"faces": {
				"north": {"uv": [6.5, 9, 7, 11.5], "texture": "#0"},
				"east": {"uv": [2, 8, 4.5, 10.5], "texture": "#0"},
				"south": {"uv": [7, 9, 7.5, 11.5], "texture": "#0"},
				"west": {"uv": [8.5, 4, 11, 6.5], "texture": "#0"},
				"up": {"uv": [8, 11.5, 7.5, 9], "texture": "#0"},
				"down": {"uv": [8.5, 9, 8, 11.5], "texture": "#0"}
			}
		},
		{
			"from": [12.5, 4.5, 4.5],
			"to": [11.5, -0.5, -0.5],
			"rotation": {"angle": 0, "axis": "y", "origin": [12, 2, 2]},
			"faces": {
				"north": {"uv": [7, 9, 7.5, 11.5], "texture": "#0"},
				"east": {"uv": [8.5, 4, 11, 6.5], "texture": "#0"},
				"south": {"uv": [6.5, 9, 7, 11.5], "texture": "#0"},
				"west": {"uv": [2, 8, 4.5, 10.5], "texture": "#0"},
				"up": {"uv": [8, 11.5, 7.5, 9], "rotation": 180, "texture": "#0"},
				"down": {"uv": [8.5, 9, 8, 11.5], "rotation": 180, "texture": "#0"}
			}
		}
	],
	"gui_light": "front",
	"display": {
		"thirdperson_righthand": {
			"rotation": [90, 0, 90],
			"translation": [-7, 12, 2],
			"scale": [1.2, 1.2, 1.2]
		},
		"firstperson_righthand": {
			"rotation": [79, -26, 74],
			"translation": [-5.5, 9.75, 0.75],
			"scale": [1.2, 1.2, 1.2]
		},
		"ground": {
			"translation": [0, 5, -4]
		},
		"gui": {
			"rotation": [90, -45, 0],
			"translation": [1.75, 1.25, 0],
			"scale": [0.7, 0.7, 0.7]
		}
	}
}