{
	"credit": "Made by Falanta Fantomo with Blockbench",
	"textures": {
		"0": "shiver:item/weapons/hammer",
		"particle": "shiver:item/weapons/hammer"
	},
	"elements": [
		{
			"from": [7.5, 1, 7],
			"to": [8.5, 13, 9],
			"faces": {
				"north": {"uv": [0, 0, 1, 12], "texture": "#0"},
				"east": {"uv": [2, 0, 0, 12], "texture": "#0"},
				"south": {"uv": [1, 0, 2, 12], "texture": "#0"},
				"west": {"uv": [0, 0, 2, 12], "texture": "#0"},
				"down": {"uv": [2, 11, 0, 12], "rotation": 90, "texture": "#0"}
			}
		},
		{
			"from": [7, 14, 9],
			"to": [9, 15, 10],
			"rotation": {"angle": 0, "axis": "y", "origin": [8, 14.5, 8.5]},
			"faces": {
				"east": {"uv": [9, 0, 10, 1], "texture": "#0"},
				"west": {"uv": [8, 0, 9, 1], "texture": "#0"},
				"up": {"uv": [8, 0, 10, 1], "texture": "#0"},
				"down": {"uv": [8, 0, 10, 1], "texture": "#0"}
			}
		},
		{
			"from": [7, 14, 10],
			"to": [9, 15, 12],
			"rotation": {"angle": 22.5, "axis": "x", "origin": [8, 15, 10]},
			"faces": {
				"east": {"uv": [9, 1, 10, 3], "rotation": 90, "texture": "#0"},
				"south": {"uv": [8, 2, 10, 3], "texture": "#0"},
				"west": {"uv": [8, 3, 9, 1], "rotation": 90, "texture": "#0"},
				"up": {"uv": [8, 1, 10, 3], "texture": "#0"},
				"down": {"uv": [8, 3, 10, 1], "texture": "#0"}
			}
		},
		{
			"from": [7, 13, 5],
			"to": [9, 15, 9],
			"faces": {
				"north": {"uv": [6, 0, 8, 2], "texture": "#0"},
				"east": {"uv": [6, 1, 2, 3], "texture": "#0"},
				"south": {"uv": [6, 2, 8, 4], "texture": "#0"},
				"west": {"uv": [2, 1, 6, 3], "texture": "#0"},
				"up": {"uv": [2, 0, 6, 2], "rotation": 90, "texture": "#0"},
				"down": {"uv": [2, 2, 6, 4], "rotation": 270, "texture": "#0"}
			}
		},
		{
			"from": [7.1, 13.1, 5],
			"to": [8.9, 14.9, 9],
			"faces": {
				"east": {"uv": [6, 4, 2, 6], "texture": "#0"},
				"west": {"uv": [2, 4, 6, 6], "texture": "#0"},
				"up": {"uv": [2, 6, 6, 8], "rotation": 90, "texture": "#0"},
				"down": {"uv": [2, 8, 6, 10], "rotation": 90, "texture": "#0"}
			}
		},
		{
			"from": [7, 15, 5],
			"to": [9, 13, 9],
			"faces": {
				"north": {"uv": [6, 2, 8, 0], "texture": "#0"},
				"east": {"uv": [6, 3, 2, 1], "texture": "#0"},
				"south": {"uv": [6, 4, 8, 2], "texture": "#0"},
				"west": {"uv": [2, 3, 6, 1], "texture": "#0"},
				"up": {"uv": [2, 4, 6, 2], "rotation": 90, "texture": "#0"},
				"down": {"uv": [2, 2, 6, 0], "rotation": 270, "texture": "#0"}
			}
		}
	],
	"gui_light": "front",
	"display": {
		"thirdperson_righthand": {
			"translation": [0, 0.75, 2],
			"scale": [0.75, 0.75, 0.75]
		},
		"thirdperson_lefthand": {
			"translation": [0, 0, 2],
			"scale": [0.75, 0.75, 0.75]
		},
		"firstperson_righthand": {
			"rotation": [0, 0, 5],
			"translation": [1, 2, -1],
			"scale": [0.75, 0.75, 0.75]
		},
		"ground": {
			"rotation": [0, 0, 90],
			"translation": [0, -1.75, 0]
		},
		"gui": {
			"rotation": [90, -90, 90],
			"translation": [0, -0.75, 0]
		},
		"fixed": {
			"rotation": [0, 90, 0],
			"translation": [0, 0, -2],
			"scale": [2, 2, 2]
		}
	}
}