{
	"credit": "Made by Falanta Fantomo with Blockbench",
	"texture_size": [8, 8],
	"textures": {
		"0": "shiver:item/weapons/knife",
		"particle": "shiver:item/weapons/knife"
	},
	"elements": [
		{
			"from": [7.5, 1, 7],
			"to": [8.5, 8, 9],
			"rotation": {"angle": 0, "axis": "y", "origin": [8, 8, 8]},
			"faces": {
				"north": {"uv": [4, 0, 6, 14], "rotation": 180, "texture": "#0"},
				"east": {"uv": [4, 0, 0, 14], "rotation": 180, "texture": "#0"},
				"south": {"uv": [0, 0, 2, 14], "rotation": 180, "texture": "#0"},
				"west": {"uv": [0, 0, 4, 14], "rotation": 180, "texture": "#0"},
				"up": {"uv": [4, 12, 0, 14], "rotation": 90, "texture": "#0"},
				"down": {"uv": [0, 0, 4, 2], "rotation": 90, "texture": "#0"}
			}
		},
		{
			"from": [8, 8, 5],
			"to": [8, 16, 9],
			"rotation": {"angle": 0, "axis": "y", "origin": [8, 8, 8]},
			"faces": {
				"east": {"uv": [14, 0, 6, 16], "rotation": 180, "texture": "#0"},
				"west": {"uv": [6, 0, 14, 16], "rotation": 180, "texture": "#0"}
			}
		}
	],
	"gui_light": "front",
	"display": {
		"thirdperson_righthand": {
			"translation": [0, 2, 2]
		},
		"thirdperson_lefthand": {
			"translation": [0, 2, 2]
		},
		"firstperson_righthand": {
			"rotation": [-3, 12, -17],
			"translation": [4.25, 2.5, -1.5],
			"scale": [1, 1.2, 1]
		},
		"firstperson_lefthand": {
			"rotation": [-20, 0, -5],
			"translation": [1.75, 2.75, 0]
		},
		"ground": {
			"rotation": [0, 0, 90]
		},
		"gui": {
			"rotation": [-70, -45, -70],
			"translation": [-1, 0, 0]
		},
		"head": {
			"rotation": [-90, -5, -90],
			"translation": [-9.5, 8, 0],
			"scale": [1.6, 1.6, 1.6]
		},
		"fixed": {
			"rotation": [-90, 0, 0],
			"translation": [0, 0, -16],
			"scale": [2, 2, 2]
		}
	}
}