{
	"credit": "Made by Falanta Fantomo with Blockbench",
	"textures": {
		"main": "shiver:item/weapons/commando"
	},
	"elements": [
		{
			"from": [7.5, 9, -4],
			"to": [8.5, 10, 1],
			"faces": {
				"north": {"uv": [0.6875, 0.0625, 0.75, 0.125], "texture": "#main", "tintindex": 0},
				"east": {"uv": [0.4375, 0, 0.75, 0.0625], "texture": "#main", "tintindex": 0},
				"west": {"uv": [0.75, 0, 0.4375, 0.0625], "texture": "#main", "tintindex": 0},
				"up": {"uv": [0.75, 0, 0.4375, 0.0625], "rotation": 90, "texture": "#main", "tintindex": 0},
				"down": {"uv": [0.4375, 0, 0.75, 0.0625], "rotation": 90, "texture": "#main", "tintindex": 0}
			}
		},
		{
			"from": [7.5, 9, 12],
			"to": [8.5, 10, 19],
			"faces": {
				"east": {"uv": [0.4375, 0.375, 0, 0.4375], "texture": "#main", "tintindex": 0},
				"south": {"uv": [0.375, 0.375, 0.4375, 0.4375], "texture": "#main", "tintindex": 0},
				"west": {"uv": [0, 0.375, 0.4375, 0.4375], "texture": "#main", "tintindex": 0},
				"up": {"uv": [0, 0.375, 0.4375, 0.4375], "rotation": 90, "texture": "#main", "tintindex": 0}
			}
		},
		{
			"from": [7.5, 7, 16],
			"to": [8.5, 9, 19],
			"rotation": {"angle": 0, "axis": "y", "origin": [8, 7, 18]},
			"faces": {
				"east": {"uv": [0.625, 0.3125, 0.4375, 0.4375], "texture": "#main", "tintindex": 0},
				"south": {"uv": [0.5625, 0.3125, 0.625, 0.4375], "texture": "#main", "tintindex": 0},
				"west": {"uv": [0.4375, 0.3125, 0.625, 0.4375], "texture": "#main", "tintindex": 0},
				"down": {"uv": [0.625, 0.375, 0.4375, 0.4375], "rotation": 90, "texture": "#main", "tintindex": 0}
			}
		},
		{
			"from": [7.51, 7, 11],
			"to": [8.49, 9, 16],
			"rotation": {"angle": 22.5, "axis": "x", "origin": [8, 7, 16]},
			"faces": {
				"east": {"uv": [0.3125, 0.4375, 0, 0.5625], "texture": "#main", "tintindex": 0},
				"west": {"uv": [0, 0.4375, 0.3125, 0.5625], "texture": "#main", "tintindex": 0},
				"down": {"uv": [0.3125, 0.5, 0, 0.5625], "rotation": 90, "texture": "#main", "tintindex": 0}
			}
		},
		{
			"from": [8, 10, -1],
			"to": [8, 12, 1],
			"faces": {
				"east": {"uv": [0.3125, 0, 0.4375, 0.125], "texture": "#main", "tintindex": 0},
				"west": {"uv": [0.4375, 0, 0.3125, 0.125], "texture": "#main", "tintindex": 0}
			}
		},
		{
			"from": [7, 8.5, 1],
			"to": [9, 10.5, 6],
			"faces": {
				"north": {"uv": [0.3125, 0.125, 0.4375, 0.25], "texture": "#main", "tintindex": 0},
				"east": {"uv": [0, 0, 0.3125, 0.125], "texture": "#main", "tintindex": 0},
				"south": {"uv": [0.3125, 0.25, 0.4375, 0.375], "texture": "#main", "tintindex": 0},
				"west": {"uv": [0.3125, 0, 0, 0.125], "texture": "#main", "tintindex": 0},
				"up": {"uv": [0, 0.25, 0.3125, 0.375], "rotation": 90, "texture": "#main", "tintindex": 0},
				"down": {"uv": [0, 0.125, 0.3125, 0.25], "rotation": 90, "texture": "#main", "tintindex": 0}
			}
		},
		{
			"from": [7.5, 7.5, 6],
			"to": [8.5, 10.5, 12],
			"faces": {
				"north": {"uv": [0.8125, 0.6875, 1, 0.75], "rotation": 90, "texture": "#main", "tintindex": 0},
				"east": {"uv": [0.8125, 0, 1, 0.375], "rotation": 90, "texture": "#main", "tintindex": 0},
				"south": {"uv": [0.8125, 0.375, 1, 0.4375], "rotation": 90, "texture": "#main", "tintindex": 0},
				"west": {"uv": [0.8125, 0.375, 1, 0.75], "rotation": 90, "texture": "#main", "tintindex": 0},
				"up": {"uv": [0.4375, 0.125, 0.8125, 0.1875], "rotation": 90, "texture": "#main", "tintindex": 0},
				"down": {"uv": [0.4375, 0.1875, 0.8125, 0.25], "rotation": 90, "texture": "#main", "tintindex": 0}
			}
		},
		{
			"from": [7.5, 10.5, 10],
			"to": [8.5, 11.5, 10],
			"faces": {
				"north": {"uv": [0.75, 0.0625, 0.8125, 0.125], "texture": "#main", "tintindex": 0},
				"south": {"uv": [0.75, 0.0625, 0.8125, 0.125], "texture": "#main", "tintindex": 0}
			}
		},
		{
			"from": [7.5, 6.5, 6],
			"to": [8.5, 7.5, 8],
			"faces": {
				"north": {"uv": [0.5, 0.0625, 0.5625, 0.125], "texture": "#main", "tintindex": 0},
				"east": {"uv": [0.4375, 0.0625, 0.5625, 0.125], "texture": "#main", "tintindex": 0},
				"south": {"uv": [0.4375, 0.0625, 0.5, 0.125], "texture": "#main", "tintindex": 0},
				"west": {"uv": [0.5625, 0.0625, 0.4375, 0.125], "texture": "#main", "tintindex": 0},
				"up": {"uv": [0, 0, 1, 2], "texture": "#missing", "tintindex": 0},
				"down": {"uv": [0.5625, 0.0625, 0.6875, 0.125], "rotation": 90, "texture": "#main", "tintindex": 0}
			}
		},
		{
			"from": [7.5, 5.5, 6],
			"to": [8.5, 6.5, 8],
			"rotation": {"angle": 0, "axis": "y", "origin": [8, 5.5, 8]},
			"faces": {
				"north": {"uv": [0.625, 0.25, 0.6875, 0.3125], "texture": "#main", "tintindex": 0},
				"east": {"uv": [0.625, 0.25, 0.6875, 0.375], "rotation": 90, "texture": "#main", "tintindex": 0},
				"south": {"uv": [0.625, 0.3125, 0.6875, 0.375], "texture": "#main", "tintindex": 0},
				"west": {"uv": [0.625, 0.375, 0.6875, 0.25], "rotation": 90, "texture": "#main", "tintindex": 0},
				"up": {"uv": [0.4375, 0.4375, 0.5, 0.5625], "texture": "#main", "tintindex": 0}
			}
		},
		{
			"from": [7.51, 3.5, 6],
			"to": [8.49, 5.5, 8],
			"rotation": {"angle": 22.5, "axis": "x", "origin": [8, 5.5, 8]},
			"faces": {
				"north": {"uv": [0.375, 0.4375, 0.4375, 0.5625], "texture": "#main", "tintindex": 0},
				"east": {"uv": [0.3125, 0.4375, 0.4375, 0.5625], "texture": "#main", "tintindex": 0},
				"south": {"uv": [0.3125, 0.4375, 0.375, 0.5625], "texture": "#main", "tintindex": 0},
				"west": {"uv": [0.4375, 0.4375, 0.3125, 0.5625], "texture": "#main", "tintindex": 0},
				"down": {"uv": [0.3125, 0.5, 0.4375, 0.5625], "rotation": 90, "texture": "#main", "tintindex": 0}
			}
		},
		{
			"from": [8, 6.5, 8],
			"to": [8, 7.5, 11],
			"faces": {
				"east": {"uv": [0.4375, 0.25, 0.625, 0.3125], "texture": "#main", "tintindex": 0},
				"west": {"uv": [0.625, 0.25, 0.4375, 0.3125], "texture": "#main", "tintindex": 0}
			}
		},
		{
			"from": [8.5, 9, 9],
			"to": [9.5, 9, 10],
			"faces": {
				"up": {"uv": [0.75, 0.0625, 0.8125, 0.125], "texture": "#main", "tintindex": 0},
				"down": {"uv": [0.75, 0.0625, 0.8125, 0.125], "texture": "#main", "tintindex": 0}
			}
		},
		{
			"from": [7.51, 4.5, 10],
			"to": [8.49, 8.5, 12],
			"rotation": {"angle": -22.5, "axis": "x", "origin": [8, 7.5, 11]},
			"faces": {
				"north": {"uv": [0.6875, 0.25, 0.75, 0.5], "texture": "#main", "tintindex": 0},
				"east": {"uv": [0.8125, 0.25, 0.6875, 0.5], "texture": "#main", "tintindex": 0},
				"south": {"uv": [0.75, 0.25, 0.8125, 0.5], "texture": "#main", "tintindex": 0},
				"west": {"uv": [0.6875, 0.25, 0.8125, 0.5], "texture": "#main", "tintindex": 0},
				"down": {"uv": [0.8125, 0.4375, 0.6875, 0.5], "rotation": 90, "texture": "#main", "tintindex": 0}
			}
		},
		{
			"from": [7, 6.5, -4],
			"to": [9, 8.5, 4],
			"faces": {
				"north": {"uv": [0.6875, 0.5, 0.8125, 0.625], "texture": "#main", "tintindex": 0},
				"east": {"uv": [0, 0.5625, 0.5, 0.6875], "texture": "#main", "tintindex": 0},
				"south": {"uv": [0.6875, 0.625, 0.8125, 0.75], "texture": "#main", "tintindex": 0},
				"west": {"uv": [0.5, 0.5625, 0, 0.6875], "texture": "#main", "tintindex": 0},
				"up": {"uv": [0, 0.8125, 0.5, 0.9375], "rotation": 90, "texture": "#main", "tintindex": 0},
				"down": {"uv": [0, 0.6875, 0.5, 0.8125], "rotation": 90, "texture": "#main", "tintindex": 0}
			}
		},
		{
			"from": [8, 6.5, 4],
			"to": [8, 8.5, 6],
			"faces": {
				"east": {"uv": [0.5, 0.4375, 0.625, 0.5625], "texture": "#main", "tintindex": 0},
				"west": {"uv": [0.625, 0.4375, 0.5, 0.5625], "texture": "#main", "tintindex": 0}
			}
		}
	],
	"gui_light": "front",
	"display": {
		"thirdperson_righthand": {
			"translation": [0, 0.75, -1.25]
		},
		"thirdperson_lefthand": {
			"translation": [0, 0.75, -1.25]
		},
		"firstperson_righthand": {
			"rotation": [2, 0, 0],
			"translation": [1.25, 11, -3.25],
			"scale": [1.25, 1.25, 1.25]
		},
		"firstperson_lefthand": {
			"rotation": [0, 0, 5],
			"translation": [0, 12, -1]
		},
		"ground": {
			"rotation": [0, 0, 90]
		},
		"gui": {
			"rotation": [70, -45, 70],
			"translation": [0, -0.5, 0]
		},
		"head": {
			"scale": [1.6, 1.6, 1.6]
		},
		"fixed": {
			"rotation": [0, -90, 0],
			"translation": [0, 0, -1],
			"scale": [2, 2, 2]
		}
	},
	"groups": [
		0,
		1,
		2,
		3,
		4,
		5,
		6,
		7,
		8,
		{
			"name": "magazine",
			"origin": [0, 0, 0],
			"color": 0,
			"children": [9, 10]
		},
		11,
		12,
		13,
		{
			"name": "grenade_launcher",
			"origin": [8, 8, 8],
			"color": 0,
			"children": [14, 15]
		}
	]
}