{
	"credit": "Made with Blockbench",
	"texture_size": [32, 32],
	"textures": {
		"0": "shiver:item/weapons/saw",
		"particle": "shiver:item/weapons/saw"
	},
	"elements": [
		{
			"from": [9, 0, 4],
			"to": [9, 5, 9],
			"rotation": {"angle": 0, "axis": "y", "origin": [7, 0, 4]},
			"faces": {
				"north": {"uv": [0, 0, 0, 2.5], "texture": "#0"},
				"east": {"uv": [0, 4, 2.5, 6.5], "texture": "#0"},
				"south": {"uv": [0, 0, 0, 2.5], "texture": "#0"},
				"west": {"uv": [4, 0, 6.5, 2.5], "texture": "#0"},
				"up": {"uv": [0, 2.5, 0, 0], "texture": "#0"},
				"down": {"uv": [0, 0, 0, 2.5], "texture": "#0"}
			}
		},
		{
			"from": [8, 2, 6],
			"to": [10, 6, 14],
			"rotation": {"angle": 0, "axis": "y", "origin": [6, 0, 5]},
			"faces": {
				"north": {"uv": [4.5, 6.5, 5.5, 8.5], "texture": "#0"},
				"east": {"uv": [0, 0, 4, 2], "texture": "#0"},
				"south": {"uv": [5.5, 6.5, 6.5, 8.5], "texture": "#0"},
				"west": {"uv": [0, 2, 4, 4], "texture": "#0"},
				"up": {"uv": [3.5, 8, 2.5, 4], "texture": "#0"},
				"down": {"uv": [5, 2.5, 4, 6.5], "texture": "#0"}
			}
		},
		{
			"from": [8, 2.62151, 12.93015],
			"to": [10, 4.62151, 17.93015],
			"rotation": {"angle": 22.5, "axis": "x", "origin": [9, 2.62151, 16.93015]},
			"faces": {
				"north": {"uv": [7, 3.5, 8, 4.5], "texture": "#0"},
				"east": {"uv": [5, 5.5, 7.5, 6.5], "texture": "#0"},
				"south": {"uv": [7, 4.5, 8, 5.5], "texture": "#0"},
				"west": {"uv": [0, 6.5, 2.5, 7.5], "texture": "#0"},
				"up": {"uv": [7.5, 2.5, 6.5, 0], "texture": "#0"},
				"down": {"uv": [4.5, 6.5, 3.5, 9], "texture": "#0"}
			}
		},
		{
			"from": [9, 1.62151, 12.93015],
			"to": [9, 4.62151, 16.93015],
			"rotation": {"angle": 22.5, "axis": "x", "origin": [9, 2.62151, 16.93015]},
			"faces": {
				"north": {"uv": [0, 0, 0, 1.5], "texture": "#0"},
				"east": {"uv": [5, 2.5, 7, 4], "texture": "#0"},
				"south": {"uv": [0, 0, 0, 1.5], "texture": "#0"},
				"west": {"uv": [5, 4, 7, 5.5], "texture": "#0"},
				"up": {"uv": [0, 2, 0, 0], "texture": "#0"},
				"down": {"uv": [0, 0, 0, 2], "texture": "#0"}
			}
		},
		{
			"from": [7.7, 3, 7],
			"to": [7.7, 5, 9],
			"rotation": {"angle": 0, "axis": "y", "origin": [5.7, 3, 7]},
			"faces": {
				"north": {"uv": [7, 2.5, 8, 3.5], "texture": "#0"},
				"east": {"uv": [7, 2.5, 8, 3.5], "texture": "#0"},
				"south": {"uv": [7, 2.5, 8, 3.5], "texture": "#0"},
				"west": {"uv": [7, 2.5, 8, 3.5], "texture": "#0"},
				"up": {"uv": [7, 2.5, 8, 3.5], "texture": "#0"},
				"down": {"uv": [7, 2.5, 8, 3.5], "texture": "#0"}
			}
		}
	],
	"gui_light": "front",
	"display": {
		"thirdperson_righthand": {
			"rotation": [87, 0, 0],
			"translation": [-1.25, 5.75, 5.75]
		},
		"firstperson_righthand": {
			"rotation": [13, 7, -6],
			"translation": [0, 7.75, -2.25]
		},
		"ground": {
			"translation": [0, 9, 0]
		},
		"gui": {
			"rotation": [90, -56, 90],
			"translation": [-0.75, 5.5, 0],
			"scale": [1.1, 1.1, 1.1]
		}
	}
}