{
	"credit": "Made by Falanta Fantomo with Blockbench",
	"texture_size": [32, 32],
	"textures": {
		"0": "shiver:item/weapons/shovel",
		"particle": "shiver:item/weapons/shovel"
	},
	"elements": [
		{
			"from": [4, 0, 8],
			"to": [12, 8, 8],
			"faces": {
				"north": {"uv": [11, 0, 15, 4], "texture": "#0"},
				"south": {"uv": [11, 4, 15, 8], "texture": "#0"}
			}
		},
		{
			"from": [7, 7, 7],
			"to": [9, 28, 8],
			"faces": {
				"north": {"uv": [15, 0, 16, 10.5], "texture": "#0"},
				"east": {"uv": [15, 0, 15.5, 10.5], "texture": "#0"},
				"south": {"uv": [16, 0, 15, 10.5], "texture": "#0"},
				"west": {"uv": [15.5, 0, 16, 10.5], "texture": "#0"},
				"up": {"uv": [16, 0, 15, 0.5], "texture": "#0"},
				"down": {"uv": [16, 10, 15, 10.5], "texture": "#0"}
			}
		}
	],
	"gui_light": "front",
	"display": {
		"thirdperson_righthand": {
			"rotation": [0, 90, 180],
			"translation": [0, 10.5, 2]
		},
		"firstperson_righthand": {
			"rotation": [-92, -69, 93],
			"translation": [5.25, 7.5, -2.75],
			"scale": [1, 1.2, 1]
		},
		"ground": {
			"rotation": [90, 0, 0],
			"translation": [0, 0, -1.5],
			"scale": [0.75, 0.75, 0.75]
		},
		"gui": {
			"rotation": [20, 180, -135],
			"translation": [2.25, 2.25, 0],
			"scale": [0.65, 0.65, 0.65]
		},
		"head": {
			"translation": [0, 15, 0],
			"scale": [1.6, 1.6, 1.6]
		},
		"fixed": {
			"rotation": [-90, 0, 0],
			"translation": [0, 0, -16],
			"scale": [2, 2, 2]
		}
	}
}