{
	"credit": "by 2M3V",
	"textures": {
		"1": "shiver:item/weapons/tnt",
		"particle": "shiver:item/weapons/fire6"
	},
	"elements": [
		{
			"from": [6, 0, 6],
			"to": [8, 8, 8],
			"rotation": {"angle": 0, "axis": "y", "origin": [6, 0, 6]},
			"faces": {
				"north": {"uv": [1, 1, 3, 9], "texture": "#1"},
				"east": {"uv": [3, 1, 1, 9], "texture": "#1"},
				"south": {"uv": [1, 1, 3, 9], "texture": "#1"},
				"west": {"uv": [3, 1, 1, 9], "texture": "#1"},
				"up": {"uv": [0, 8, 2, 10], "rotation": 90, "texture": "#1"},
				"down": {"uv": [1, 10, 3, 12], "texture": "#1"}
			}
		},
		{
			"from": [7, 0, 8],
			"to": [9, 8, 10],
			"rotation": {"angle": 0, "axis": "y", "origin": [7, 0, 8]},
			"faces": {
				"north": {"uv": [1, 1, 3, 9], "texture": "#1"},
				"east": {"uv": [3, 1, 1, 9], "texture": "#1"},
				"south": {"uv": [1, 1, 3, 9], "texture": "#1"},
				"west": {"uv": [3, 1, 1, 9], "texture": "#1"},
				"up": {"uv": [0, 8, 2, 10], "rotation": 90, "texture": "#1"},
				"down": {"uv": [1, 10, 3, 12], "texture": "#1"}
			}
		},
		{
			"from": [8, 0, 5],
			"to": [10, 8, 7],
			"rotation": {"angle": 0, "axis": "y", "origin": [8, 0, 5]},
			"faces": {
				"north": {"uv": [1, 1, 3, 9], "texture": "#1"},
				"east": {"uv": [3, 1, 1, 9], "texture": "#1"},
				"south": {"uv": [1, 1, 3, 9], "texture": "#1"},
				"west": {"uv": [3, 1, 1, 9], "texture": "#1"},
				"up": {"uv": [0, 8, 2, 10], "rotation": 90, "texture": "#1"},
				"down": {"uv": [1, 10, 3, 12], "texture": "#1"}
			}
		},
		{
			"from": [9, 0, 7],
			"to": [11, 8, 9],
			"rotation": {"angle": 0, "axis": "y", "origin": [10, 4, 8]},
			"faces": {
				"north": {"uv": [1, 1, 3, 9], "texture": "#1"},
				"east": {"uv": [3, 1, 1, 9], "texture": "#1"},
				"south": {"uv": [1, 1, 3, 9], "texture": "#1"},
				"west": {"uv": [3, 1, 1, 9], "texture": "#1"},
				"up": {"uv": [0, 8, 2, 10], "rotation": 270, "texture": "#1"},
				"down": {"uv": [1, 10, 3, 12], "rotation": 180, "texture": "#1"}
			}
		},
		{
			"from": [8.5, 0, 7],
			"to": [8.5, 10, 8],
			"rotation": {"angle": 0, "axis": "y", "origin": [7.5, 8, 6]},
			"faces": {
				"north": {"uv": [0, 0, 1, 1], "texture": "#1"},
				"east": {"uv": [0, 0, 1, 1], "texture": "#1"},
				"south": {"uv": [0, 0, 1, 1], "texture": "#1"},
				"west": {"uv": [0, 0, 1, 1], "texture": "#1"},
				"up": {"uv": [0, 0, 1, 1], "texture": "#1"},
				"down": {"uv": [0, 0, 1, 1], "texture": "#1"}
			}
		},
		{
			"from": [8.5, 10, 6],
			"to": [8.5, 11, 7],
			"rotation": {"angle": 0, "axis": "y", "origin": [7.5, 10, 5]},
			"faces": {
				"north": {"uv": [0, 0, 0, 1], "texture": "#1"},
				"east": {"uv": [0, 0, 1, 1], "texture": "#1"},
				"south": {"uv": [0, 0, 0, 1], "texture": "#1"},
				"west": {"uv": [0, 0, 1, 1], "texture": "#1"},
				"up": {"uv": [0, 0, 0, 1], "texture": "#1"},
				"down": {"uv": [0, 0, 0, 1], "texture": "#1"}
			}
		},
		{
			"from": [8.5, 11, 7],
			"to": [8.5, 12, 9],
			"rotation": {"angle": 0, "axis": "y", "origin": [7.5, 11, 6]},
			"faces": {
				"north": {"uv": [0, 0, 1, 1], "texture": "#1"},
				"east": {"uv": [0, 0, 1, 1], "texture": "#1"},
				"south": {"uv": [0, 0, 1, 1], "texture": "#1"},
				"west": {"uv": [0, 0, 1, 1], "texture": "#1"},
				"up": {"uv": [0, 0, 1, 1], "texture": "#1"},
				"down": {"uv": [0, 0, 1, 1], "texture": "#1"}
			}
		},
		{
			"from": [8.5, 12, 9],
			"to": [8.5, 13, 10],
			"rotation": {"angle": 0, "axis": "y", "origin": [7.5, 12, 8]},
			"faces": {
				"north": {"uv": [0, 0, 0, 1], "texture": "#1"},
				"east": {"uv": [0, 0, 1, 1], "texture": "#1"},
				"south": {"uv": [0, 0, 0, 1], "texture": "#1"},
				"west": {"uv": [0, 0, 1, 1], "texture": "#1"},
				"up": {"uv": [0, 0, 0, 1], "texture": "#1"},
				"down": {"uv": [0, 0, 0, 1], "texture": "#1"}
			}
		},
		{
			"from": [8.5, 8, 8],
			"to": [8.5, 9, 9],
			"rotation": {"angle": 0, "axis": "y", "origin": [7.5, 8, 7]},
			"faces": {
				"north": {"uv": [0, 0, 0, 1], "texture": "#1"},
				"east": {"uv": [0, 0, 1, 1], "texture": "#1"},
				"south": {"uv": [0, 0, 0, 1], "texture": "#1"},
				"west": {"uv": [0, 0, 1, 1], "texture": "#1"},
				"up": {"uv": [0, 0, 0, 1], "texture": "#1"},
				"down": {"uv": [0, 0, 0, 1], "texture": "#1"}
			}
		},
		{
			"from": [8, 8, 7.5],
			"to": [9, 9, 7.5],
			"rotation": {"angle": 0, "axis": "y", "origin": [8.5, 8.5, 7.5]},
			"faces": {
				"north": {"uv": [0, 0, 1, 1], "texture": "#1"},
				"east": {"uv": [0, 0, 0, 1], "texture": "#1"},
				"south": {"uv": [0, 0, 1, 1], "texture": "#1"},
				"west": {"uv": [0, 0, 0, 1], "texture": "#1"},
				"up": {"uv": [0, 0, 0, 1], "rotation": 270, "texture": "#1"},
				"down": {"uv": [0, 0, 0, 1], "rotation": 90, "texture": "#1"}
			}
		},
		{
			"from": [7, 8, 7.5],
			"to": [8, 9, 7.5],
			"rotation": {"angle": 0, "axis": "y", "origin": [7.5, 8.5, 7.5]},
			"faces": {
				"north": {"uv": [0, 0, 1, 1], "texture": "#1"},
				"east": {"uv": [0, 0, 0, 1], "texture": "#1"},
				"south": {"uv": [0, 0, 1, 1], "texture": "#1"},
				"west": {"uv": [0, 0, 0, 1], "texture": "#1"},
				"up": {"uv": [0, 0, 0, 1], "rotation": 270, "texture": "#1"},
				"down": {"uv": [0, 0, 0, 1], "rotation": 90, "texture": "#1"}
			}
		},
		{
			"from": [9, 8, 7.5],
			"to": [10, 9, 7.5],
			"rotation": {"angle": 0, "axis": "y", "origin": [9.5, 8.5, 7.5]},
			"faces": {
				"north": {"uv": [0, 0, 1, 1], "texture": "#1"},
				"east": {"uv": [0, 0, 0, 1], "texture": "#1"},
				"south": {"uv": [0, 0, 1, 1], "texture": "#1"},
				"west": {"uv": [0, 0, 0, 1], "texture": "#1"},
				"up": {"uv": [0, 0, 0, 1], "rotation": 270, "texture": "#1"},
				"down": {"uv": [0, 0, 0, 1], "rotation": 90, "texture": "#1"}
			}
		},
		{
			"from": [8.5, 8, 6],
			"to": [8.5, 9, 7],
			"rotation": {"angle": 0, "axis": "y", "origin": [7.5, 8, 5]},
			"faces": {
				"north": {"uv": [0, 0, 0, 1], "texture": "#1"},
				"east": {"uv": [0, 0, 1, 1], "texture": "#1"},
				"south": {"uv": [0, 0, 0, 1], "texture": "#1"},
				"west": {"uv": [0, 0, 1, 1], "texture": "#1"},
				"up": {"uv": [0, 0, 0, 1], "texture": "#1"},
				"down": {"uv": [0, 0, 0, 1], "texture": "#1"}
			}
		}
	],
	"gui_light": "front",
	"display": {
		"thirdperson_righthand": {
			"rotation": [0, 180, 0],
			"translation": [0, 4, 0]
		},
		"firstperson_righthand": {
			"rotation": [-15, 10, -3],
			"translation": [4.25, 3.75, -5.5],
			"scale": [1.2, 1.2, 1.2]
		},
		"ground": {
			"rotation": [28, 0, 0],
			"translation": [-1, 5.75, 3.25]
		},
		"gui": {
			"rotation": [44, 55, -23],
			"translation": [1, 2.75, 0],
			"scale": [1.3, 1.3, 1.3]
		}
	}
}