{
	"credit": "by 2M3V",
	"textures": {
		"0": "shiver:item/weapons/trace",
		"particle": "shiver:item/weapons/trace"
	},
	"elements": [
		{
			"from": [7.5, 8.5, 3],
			"to": [8.5, 9.5, 13],
			"rotation": {"angle": 0, "axis": "y", "origin": [6.5, 8.5, 8]},
			"faces": {
				"north": {"uv": [0, 0, 1, 1], "texture": "#0"},
				"east": {"uv": [0, 0, 10, 1], "texture": "#0"},
				"south": {"uv": [0, 0, 1, 1], "texture": "#0"},
				"west": {"uv": [0, 0, 10, 1], "texture": "#0"},
				"up": {"uv": [0, 0, 1, 10], "texture": "#0"},
				"down": {"uv": [0, 0, 1, 10], "texture": "#0"}
			}
		}
	]
}