{
	"credit": "by 2M3V",
	"textures": {
		"0": "shiver:item/props/blood2",
		"particle": "shiver:item/props/blood2"
	},
	"elements": [
		{
			"from": [-8, 0, 0.01],
			"to": [24, 32, 0.02],
			"rotation": {"angle": 0, "axis": "x", "origin": [8, 15.005, 0.1]},
			"faces": {
				"north": {"uv": [16, 0, 0, 16], "texture": "#0"},
				"east": {"uv": [0, 0, 16, 16], "texture": "#0"},
				"south": {"uv": [0, 0, 16, 16], "texture": "#0"},
				"west": {"uv": [0, 0, 16, 16], "texture": "#0"},
				"up": {"uv": [0, 0, 16, 16], "texture": "#0"},
				"down": {"uv": [0, 0, 16, 16], "texture": "#0"}
			}
		}
	],
	"gui_light": "front",
	"display": {
		"gui": {
			"rotation": [46, 0, 0],
			"translation": [0, -10.5, 0]
		}
	}
}