{
	"credit": "by 2M3V",
	"textures": {
		"0": "shiver:item/props/blood1",
		"particle": "shiver:item/props/blood1"
	},
	"elements": [
		{
			"from": [-7, 0, -14],
			"to": [25, 0.01, 18],
			"rotation": {"angle": 0, "axis": "y", "origin": [-7, 0, -14]},
			"faces": {
				"north": {"uv": [0, 0, 16, 0.01], "texture": "#missing"},
				"east": {"uv": [0, 0, 16, 0.01], "texture": "#missing"},
				"south": {"uv": [0, 0, 16, 0.01], "texture": "#missing"},
				"west": {"uv": [0, 0, 16, 0.01], "texture": "#missing"},
				"up": {"uv": [0, 0, 16, 16], "texture": "#0"},
				"down": {"uv": [0, 0, 16, 16], "texture": "#missing"}
			}
		}
	],
	"gui_light": "front",
	"display": {
		"gui": {
			"rotation": [46, 0, 0]
		}
	}
}