{
	"credit": "Made by Falanta Fantomo with Blockbench",
	"texture_size": [32, 32],
	"textures": {
		"0": "shiver:item/props/brick",
		"particle": "shiver:item/props/brick"
	},
	"elements": [
		{
			"from": [5, 0, 3],
			"to": [10, 3, 13],
			"rotation": {"angle": 0, "axis": "y", "origin": [7.5, 1.5, 8]},
			"faces": {
				"north": {"uv": [6.5, 0, 9, 1.5], "texture": "#0"},
				"east": {"uv": [3, 0, 4.5, 5], "rotation": 90, "texture": "#0"},
				"south": {"uv": [6.5, 1.5, 9, 3], "texture": "#0"},
				"west": {"uv": [0, 0, 1.5, 5], "rotation": 270, "texture": "#0"},
				"up": {"uv": [1, 0, 3.5, 5], "texture": "#0"},
				"down": {"uv": [4, 0, 6.5, 5], "rotation": 180, "texture": "#0"}
			}
		},
		{
			"from": [6, 3, 9],
			"to": [9, 0, 12],
			"faces": {
				"north": {"uv": [12, 1.5, 13.5, 3], "texture": "#0"},
				"east": {"uv": [12, 0, 13.5, 1.5], "texture": "#0"},
				"south": {"uv": [13.5, 0, 15, 1.5], "texture": "#0"},
				"west": {"uv": [13.5, 1.5, 15, 3], "texture": "#0"}
			}
		},
		{
			"from": [6, 3, 4],
			"to": [9, 0, 7],
			"faces": {
				"north": {"uv": [9, 1.5, 10.5, 3], "texture": "#0"},
				"east": {"uv": [9, 0, 10.5, 1.5], "texture": "#0"},
				"south": {"uv": [10.5, 0, 12, 1.5], "texture": "#0"},
				"west": {"uv": [10.5, 1.5, 12, 3], "texture": "#0"}
			}
		},
		{
			"from": [0.5, 3, 3],
			"to": [5.5, 6, 13],
			"rotation": {"angle": 0, "axis": "y", "origin": [3, 4.5, 8]},
			"faces": {
				"north": {"uv": [6.5, 0, 9, 1.5], "texture": "#0"},
				"east": {"uv": [3, 0, 4.5, 5], "rotation": 90, "texture": "#0"},
				"south": {"uv": [6.5, 1.5, 9, 3], "texture": "#0"},
				"west": {"uv": [0, 0, 1.5, 5], "rotation": 270, "texture": "#0"},
				"up": {"uv": [1, 0, 3.5, 5], "texture": "#0"},
				"down": {"uv": [4, 0, 6.5, 5], "rotation": 180, "texture": "#0"}
			}
		},
		{
			"from": [1.5, 6, 9],
			"to": [4.5, 3, 12],
			"rotation": {"angle": 0, "axis": "y", "origin": [-4.5, 3, 0]},
			"faces": {
				"north": {"uv": [12, 1.5, 13.5, 3], "texture": "#0"},
				"east": {"uv": [12, 0, 13.5, 1.5], "texture": "#0"},
				"south": {"uv": [13.5, 0, 15, 1.5], "texture": "#0"},
				"west": {"uv": [13.5, 1.5, 15, 3], "texture": "#0"}
			}
		},
		{
			"from": [1.5, 6, 4],
			"to": [4.5, 3, 7],
			"rotation": {"angle": 0, "axis": "y", "origin": [-4.5, 3, 0]},
			"faces": {
				"north": {"uv": [9, 1.5, 10.5, 3], "texture": "#0"},
				"east": {"uv": [9, 0, 10.5, 1.5], "texture": "#0"},
				"south": {"uv": [10.5, 0, 12, 1.5], "texture": "#0"},
				"west": {"uv": [10.5, 1.5, 12, 3], "texture": "#0"}
			}
		},
		{
			"from": [1, 6, 5.5],
			"to": [11, 9, 10.5],
			"rotation": {"angle": -22.5, "axis": "y", "origin": [6, 7.5, 8]},
			"faces": {
				"north": {"uv": [3, 0, 4.5, 5], "rotation": 90, "texture": "#0"},
				"east": {"uv": [6.5, 1.5, 9, 3], "texture": "#0"},
				"south": {"uv": [0, 0, 1.5, 5], "rotation": 270, "texture": "#0"},
				"west": {"uv": [6.5, 0, 9, 1.5], "texture": "#0"},
				"up": {"uv": [1, 0, 3.5, 5], "rotation": 270, "texture": "#0"},
				"down": {"uv": [4, 0, 6.5, 5], "rotation": 270, "texture": "#0"}
			}
		},
		{
			"from": [7, 9, 6.5],
			"to": [10, 6, 9.5],
			"rotation": {"angle": -22.5, "axis": "y", "origin": [6, 7.5, 8]},
			"faces": {
				"north": {"uv": [12, 0, 13.5, 1.5], "texture": "#0"},
				"east": {"uv": [13.5, 0, 15, 1.5], "texture": "#0"},
				"south": {"uv": [13.5, 1.5, 15, 3], "texture": "#0"},
				"west": {"uv": [12, 1.5, 13.5, 3], "texture": "#0"}
			}
		},
		{
			"from": [2, 9, 6.5],
			"to": [5, 6, 9.5],
			"rotation": {"angle": -22.5, "axis": "y", "origin": [6, 7.5, 8]},
			"faces": {
				"north": {"uv": [9, 0, 10.5, 1.5], "texture": "#0"},
				"east": {"uv": [10.5, 0, 12, 1.5], "texture": "#0"},
				"south": {"uv": [10.5, 1.5, 12, 3], "texture": "#0"},
				"west": {"uv": [9, 1.5, 10.5, 3], "texture": "#0"}
			}
		},
		{
			"from": [-2, 0, 3],
			"to": [3, 3, 13],
			"rotation": {"angle": 22.5, "axis": "y", "origin": [0.5, 1.5, 8]},
			"faces": {
				"north": {"uv": [6.5, 0, 9, 1.5], "texture": "#0"},
				"east": {"uv": [3, 0, 4.5, 5], "rotation": 90, "texture": "#0"},
				"south": {"uv": [6.5, 1.5, 9, 3], "texture": "#0"},
				"west": {"uv": [0, 0, 1.5, 5], "rotation": 270, "texture": "#0"},
				"up": {"uv": [1, 0, 3.5, 5], "texture": "#0"},
				"down": {"uv": [4, 0, 6.5, 5], "rotation": 180, "texture": "#0"}
			}
		},
		{
			"from": [-1, 3, 9],
			"to": [2, 0, 12],
			"rotation": {"angle": 22.5, "axis": "y", "origin": [0.5, 1.5, 8]},
			"faces": {
				"north": {"uv": [12, 1.5, 13.5, 3], "texture": "#0"},
				"east": {"uv": [12, 0, 13.5, 1.5], "texture": "#0"},
				"south": {"uv": [13.5, 0, 15, 1.5], "texture": "#0"},
				"west": {"uv": [13.5, 1.5, 15, 3], "texture": "#0"}
			}
		},
		{
			"from": [-1, 3, 4],
			"to": [2, 0, 7],
			"rotation": {"angle": 22.5, "axis": "y", "origin": [0.5, 1.5, 8]},
			"faces": {
				"north": {"uv": [9, 1.5, 10.5, 3], "texture": "#0"},
				"east": {"uv": [9, 0, 10.5, 1.5], "texture": "#0"},
				"south": {"uv": [10.5, 0, 12, 1.5], "texture": "#0"},
				"west": {"uv": [10.5, 1.5, 12, 3], "texture": "#0"}
			}
		},
		{
			"from": [12, 0, 1],
			"to": [17, 3, 11],
			"rotation": {"angle": 22.5, "axis": "y", "origin": [14.5, 1.5, 6]},
			"faces": {
				"north": {"uv": [6.5, 0, 9, 1.5], "texture": "#0"},
				"east": {"uv": [3, 0, 4.5, 5], "rotation": 90, "texture": "#0"},
				"south": {"uv": [6.5, 1.5, 9, 3], "texture": "#0"},
				"west": {"uv": [0, 0, 1.5, 5], "rotation": 270, "texture": "#0"},
				"up": {"uv": [1, 0, 3.5, 5], "texture": "#0"},
				"down": {"uv": [4, 0, 6.5, 5], "rotation": 180, "texture": "#0"}
			}
		},
		{
			"from": [13, 3, 7],
			"to": [16, 0, 10],
			"rotation": {"angle": 22.5, "axis": "y", "origin": [14.5, 1.5, 6]},
			"faces": {
				"north": {"uv": [12, 1.5, 13.5, 3], "texture": "#0"},
				"east": {"uv": [12, 0, 13.5, 1.5], "texture": "#0"},
				"south": {"uv": [13.5, 0, 15, 1.5], "texture": "#0"},
				"west": {"uv": [13.5, 1.5, 15, 3], "texture": "#0"}
			}
		},
		{
			"from": [13, 3, 2],
			"to": [16, 0, 5],
			"rotation": {"angle": 22.5, "axis": "y", "origin": [14.5, 1.5, 6]},
			"faces": {
				"north": {"uv": [9, 1.5, 10.5, 3], "texture": "#0"},
				"east": {"uv": [9, 0, 10.5, 1.5], "texture": "#0"},
				"south": {"uv": [10.5, 0, 12, 1.5], "texture": "#0"},
				"west": {"uv": [10.5, 1.5, 12, 3], "texture": "#0"}
			}
		},
		{
			"from": [7.5, 3, 2],
			"to": [12.5, 6, 12],
			"rotation": {"angle": 22.5, "axis": "y", "origin": [10, 4.5, 7]},
			"faces": {
				"north": {"uv": [6.5, 0, 9, 1.5], "texture": "#0"},
				"east": {"uv": [3, 0, 4.5, 5], "rotation": 90, "texture": "#0"},
				"south": {"uv": [6.5, 1.5, 9, 3], "texture": "#0"},
				"west": {"uv": [0, 0, 1.5, 5], "rotation": 270, "texture": "#0"},
				"up": {"uv": [1, 0, 3.5, 5], "texture": "#0"},
				"down": {"uv": [4, 0, 6.5, 5], "rotation": 180, "texture": "#0"}
			}
		},
		{
			"from": [8.5, 6, 8],
			"to": [11.5, 3, 11],
			"rotation": {"angle": 22.5, "axis": "y", "origin": [10, 4.5, 7]},
			"faces": {
				"north": {"uv": [12, 1.5, 13.5, 3], "texture": "#0"},
				"east": {"uv": [12, 0, 13.5, 1.5], "texture": "#0"},
				"south": {"uv": [13.5, 0, 15, 1.5], "texture": "#0"},
				"west": {"uv": [13.5, 1.5, 15, 3], "texture": "#0"}
			}
		},
		{
			"from": [8.5, 6, 3],
			"to": [11.5, 3, 6],
			"rotation": {"angle": 22.5, "axis": "y", "origin": [10, 4.5, 7]},
			"faces": {
				"north": {"uv": [9, 1.5, 10.5, 3], "texture": "#0"},
				"east": {"uv": [9, 0, 10.5, 1.5], "texture": "#0"},
				"south": {"uv": [10.5, 0, 12, 1.5], "texture": "#0"},
				"west": {"uv": [10.5, 1.5, 12, 3], "texture": "#0"}
			}
		}
	],
	"gui_light": "front",
	"display": {
		"firstperson_righthand": {
			"translation": [0, 6, 0]
		},
		"gui": {
			"rotation": [39, 58, 0],
			"translation": [0, 5.5, 0]
		}
	},
	"groups": [
		{
			"name": "group",
			"origin": [0, 0, 0],
			"color": 0,
			"children": [0, 1, 2]
		},
		{
			"name": "group",
			"origin": [0, 0, 0],
			"color": 0,
			"children": [3, 4, 5]
		},
		{
			"name": "group",
			"origin": [0, 0, 0],
			"color": 0,
			"children": [6, 7, 8]
		},
		{
			"name": "group",
			"origin": [0, 0, 0],
			"color": 0,
			"children": [9, 10, 11]
		},
		{
			"name": "group",
			"origin": [0, 0, 0],
			"color": 0,
			"children": [12, 13, 14]
		},
		{
			"name": "group",
			"origin": [0, 0, 0],
			"color": 0,
			"children": [15, 16, 17]
		}
	]
}