{
	"credit": "Made by Falanta Fantomo with Blockbench",
	"texture_size": [32, 32],
	"textures": {
		"0": "shiver:item/props/brick",
		"particle": "shiver:item/props/brick"
	},
	"elements": [
		{
			"from": [5, 0, 3],
			"to": [10, 3, 13],
			"rotation": {"angle": 0, "axis": "y", "origin": [7.5, 1.5, 8]},
			"faces": {
				"north": {"uv": [6.5, 0, 9, 1.5], "texture": "#0"},
				"east": {"uv": [3, 0, 4.5, 5], "rotation": 90, "texture": "#0"},
				"south": {"uv": [6.5, 1.5, 9, 3], "texture": "#0"},
				"west": {"uv": [0, 0, 1.5, 5], "rotation": 270, "texture": "#0"},
				"up": {"uv": [1, 0, 3.5, 5], "texture": "#0"},
				"down": {"uv": [4, 0, 6.5, 5], "rotation": 180, "texture": "#0"}
			}
		},
		{
			"from": [6, 3, 4],
			"to": [9, 0, 7],
			"faces": {
				"north": {"uv": [9, 1.5, 10.5, 3], "texture": "#0"},
				"east": {"uv": [9, 0, 10.5, 1.5], "texture": "#0"},
				"south": {"uv": [10.5, 0, 12, 1.5], "texture": "#0"},
				"west": {"uv": [10.5, 1.5, 12, 3], "texture": "#0"}
			}
		},
		{
			"from": [6, 3, 9],
			"to": [9, 0, 12],
			"faces": {
				"north": {"uv": [12, 1.5, 13.5, 3], "texture": "#0"},
				"east": {"uv": [12, 0, 13.5, 1.5], "texture": "#0"},
				"south": {"uv": [13.5, 0, 15, 1.5], "texture": "#0"},
				"west": {"uv": [13.5, 1.5, 15, 3], "texture": "#0"}
			}
		}
	],
	"gui_light": "front",
	"display": {
		"firstperson_righthand": {
			"translation": [0, 6, 0]
		},
		"gui": {
			"rotation": [39, 58, 0],
			"translation": [0, 5.5, 0]
		}
	}
}