{
	"credit": "Made by Falanta Fantomo with Blockbench",
	"texture_size": [32, 32],
	"textures": {
		"0": "shiver:item/props/brick",
		"particle": "shiver:item/props/brick"
	},
	"elements": [
		{
			"from": [25.5, 3, 6.5],
			"to": [28.5, 0, 9.5],
			"rotation": {"angle": 0, "axis": "y", "origin": [9, 15, 8]},
			"faces": {
				"north": {"uv": [10.5, 1.5, 12, 3], "texture": "#0"},
				"east": {"uv": [9, 1.5, 10.5, 3], "texture": "#0"},
				"south": {"uv": [9, 0, 10.5, 1.5], "texture": "#0"},
				"west": {"uv": [10.5, 0, 12, 1.5], "texture": "#0"}
			}
		},
		{
			"from": [20.5, 3, 6.5],
			"to": [23.5, 0, 9.5],
			"rotation": {"angle": 0, "axis": "y", "origin": [9, 15, 8]},
			"faces": {
				"north": {"uv": [13.5, 1.5, 15, 3], "texture": "#0"},
				"east": {"uv": [12, 1.5, 13.5, 3], "texture": "#0"},
				"south": {"uv": [12, 0, 13.5, 1.5], "texture": "#0"},
				"west": {"uv": [13.5, 0, 15, 1.5], "texture": "#0"}
			}
		},
		{
			"from": [19.5, 0, 5.5],
			"to": [29.5, 3, 10.5],
			"rotation": {"angle": 0, "axis": "y", "origin": [9, 15, 8]},
			"faces": {
				"north": {"uv": [0, 0, 1.5, 5], "rotation": 270, "texture": "#0"},
				"east": {"uv": [6.5, 0, 9, 1.5], "texture": "#0"},
				"south": {"uv": [3, 0, 4.5, 5], "rotation": 90, "texture": "#0"},
				"west": {"uv": [6.5, 1.5, 9, 3], "texture": "#0"},
				"up": {"uv": [1, 0, 3.5, 5], "rotation": 90, "texture": "#0"},
				"down": {"uv": [4, 0, 6.5, 5], "rotation": 90, "texture": "#0"}
			}
		},
		{
			"from": [-9.5, 3, 6.5],
			"to": [-6.5, 0, 9.5],
			"rotation": {"angle": 0, "axis": "y", "origin": [-26, 15, 8]},
			"faces": {
				"north": {"uv": [10.5, 1.5, 12, 3], "texture": "#0"},
				"east": {"uv": [9, 1.5, 10.5, 3], "texture": "#0"},
				"south": {"uv": [9, 0, 10.5, 1.5], "texture": "#0"},
				"west": {"uv": [10.5, 0, 12, 1.5], "texture": "#0"}
			}
		},
		{
			"from": [-14.5, 3, 6.5],
			"to": [-11.5, 0, 9.5],
			"rotation": {"angle": 0, "axis": "y", "origin": [-26, 15, 8]},
			"faces": {
				"north": {"uv": [13.5, 1.5, 15, 3], "texture": "#0"},
				"east": {"uv": [12, 1.5, 13.5, 3], "texture": "#0"},
				"south": {"uv": [12, 0, 13.5, 1.5], "texture": "#0"},
				"west": {"uv": [13.5, 0, 15, 1.5], "texture": "#0"}
			}
		},
		{
			"from": [-15.5, 0, 5.5],
			"to": [-5.5, 3, 10.5],
			"rotation": {"angle": 0, "axis": "y", "origin": [-26, 15, 8]},
			"faces": {
				"north": {"uv": [0, 0, 1.5, 5], "rotation": 270, "texture": "#0"},
				"east": {"uv": [6.5, 0, 9, 1.5], "texture": "#0"},
				"south": {"uv": [3, 0, 4.5, 5], "rotation": 90, "texture": "#0"},
				"west": {"uv": [6.5, 1.5, 9, 3], "texture": "#0"},
				"up": {"uv": [1, 0, 3.5, 5], "rotation": 90, "texture": "#0"},
				"down": {"uv": [4, 0, 6.5, 5], "rotation": 90, "texture": "#0"}
			}
		},
		{
			"from": [-9.5, 9, 6.5],
			"to": [-6.5, 6, 9.5],
			"rotation": {"angle": 0, "axis": "y", "origin": [-26, 21, 8]},
			"faces": {
				"north": {"uv": [10.5, 1.5, 12, 3], "texture": "#0"},
				"east": {"uv": [9, 1.5, 10.5, 3], "texture": "#0"},
				"south": {"uv": [9, 0, 10.5, 1.5], "texture": "#0"},
				"west": {"uv": [10.5, 0, 12, 1.5], "texture": "#0"}
			}
		},
		{
			"from": [-14.5, 9, 6.5],
			"to": [-11.5, 6, 9.5],
			"rotation": {"angle": 0, "axis": "y", "origin": [-26, 21, 8]},
			"faces": {
				"north": {"uv": [13.5, 1.5, 15, 3], "texture": "#0"},
				"east": {"uv": [12, 1.5, 13.5, 3], "texture": "#0"},
				"south": {"uv": [12, 0, 13.5, 1.5], "texture": "#0"},
				"west": {"uv": [13.5, 0, 15, 1.5], "texture": "#0"}
			}
		},
		{
			"from": [-15.5, 6, 5.5],
			"to": [-5.5, 9, 10.5],
			"rotation": {"angle": 0, "axis": "y", "origin": [-26, 21, 8]},
			"faces": {
				"north": {"uv": [0, 0, 1.5, 5], "rotation": 270, "texture": "#0"},
				"east": {"uv": [6.5, 0, 9, 1.5], "texture": "#0"},
				"south": {"uv": [3, 0, 4.5, 5], "rotation": 90, "texture": "#0"},
				"west": {"uv": [6.5, 1.5, 9, 3], "texture": "#0"},
				"up": {"uv": [1, 0, 3.5, 5], "rotation": 90, "texture": "#0"},
				"down": {"uv": [4, 0, 6.5, 5], "rotation": 90, "texture": "#0"}
			}
		},
		{
			"from": [-9.5, 18, 6.5],
			"to": [-6.5, 15, 9.5],
			"rotation": {"angle": 0, "axis": "y", "origin": [-26, 30, 8]},
			"faces": {
				"north": {"uv": [10.5, 1.5, 12, 3], "texture": "#0"},
				"east": {"uv": [9, 1.5, 10.5, 3], "texture": "#0"},
				"south": {"uv": [9, 0, 10.5, 1.5], "texture": "#0"},
				"west": {"uv": [10.5, 0, 12, 1.5], "texture": "#0"}
			}
		},
		{
			"from": [-14.5, 18, 6.5],
			"to": [-11.5, 15, 9.5],
			"rotation": {"angle": 0, "axis": "y", "origin": [-26, 30, 8]},
			"faces": {
				"north": {"uv": [13.5, 1.5, 15, 3], "texture": "#0"},
				"east": {"uv": [12, 1.5, 13.5, 3], "texture": "#0"},
				"south": {"uv": [12, 0, 13.5, 1.5], "texture": "#0"},
				"west": {"uv": [13.5, 0, 15, 1.5], "texture": "#0"}
			}
		},
		{
			"from": [-15.5, 15, 5.5],
			"to": [-5.5, 18, 10.5],
			"rotation": {"angle": 0, "axis": "y", "origin": [-26, 30, 8]},
			"faces": {
				"north": {"uv": [0, 0, 1.5, 5], "rotation": 270, "texture": "#0"},
				"east": {"uv": [6.5, 0, 9, 1.5], "texture": "#0"},
				"south": {"uv": [3, 0, 4.5, 5], "rotation": 90, "texture": "#0"},
				"west": {"uv": [6.5, 1.5, 9, 3], "texture": "#0"},
				"up": {"uv": [1, 0, 3.5, 5], "rotation": 90, "texture": "#0"},
				"down": {"uv": [4, 0, 6.5, 5], "rotation": 90, "texture": "#0"}
			}
		},
		{
			"from": [-9.5, 24, 6.5],
			"to": [-6.5, 21, 9.5],
			"rotation": {"angle": 0, "axis": "y", "origin": [-26, 36, 8]},
			"faces": {
				"north": {"uv": [10.5, 1.5, 12, 3], "texture": "#0"},
				"east": {"uv": [9, 1.5, 10.5, 3], "texture": "#0"},
				"south": {"uv": [9, 0, 10.5, 1.5], "texture": "#0"},
				"west": {"uv": [10.5, 0, 12, 1.5], "texture": "#0"}
			}
		},
		{
			"from": [-14.5, 24, 6.5],
			"to": [-11.5, 21, 9.5],
			"rotation": {"angle": 0, "axis": "y", "origin": [-26, 36, 8]},
			"faces": {
				"north": {"uv": [13.5, 1.5, 15, 3], "texture": "#0"},
				"east": {"uv": [12, 1.5, 13.5, 3], "texture": "#0"},
				"south": {"uv": [12, 0, 13.5, 1.5], "texture": "#0"},
				"west": {"uv": [13.5, 0, 15, 1.5], "texture": "#0"}
			}
		},
		{
			"from": [-15.5, 21, 5.5],
			"to": [-5.5, 24, 10.5],
			"rotation": {"angle": 0, "axis": "y", "origin": [-26, 36, 8]},
			"faces": {
				"north": {"uv": [0, 0, 1.5, 5], "rotation": 270, "texture": "#0"},
				"east": {"uv": [6.5, 0, 9, 1.5], "texture": "#0"},
				"south": {"uv": [3, 0, 4.5, 5], "rotation": 90, "texture": "#0"},
				"west": {"uv": [6.5, 1.5, 9, 3], "texture": "#0"},
				"up": {"uv": [1, 0, 3.5, 5], "rotation": 90, "texture": "#0"},
				"down": {"uv": [4, 0, 6.5, 5], "rotation": 90, "texture": "#0"}
			}
		},
		{
			"from": [12.5, 3, 6.5],
			"to": [15.5, 0, 9.5],
			"rotation": {"angle": 0, "axis": "y", "origin": [8, 15, 8]},
			"faces": {
				"north": {"uv": [10.5, 1.5, 12, 3], "texture": "#0"},
				"east": {"uv": [9, 1.5, 10.5, 3], "texture": "#0"},
				"south": {"uv": [9, 0, 10.5, 1.5], "texture": "#0"},
				"west": {"uv": [10.5, 0, 12, 1.5], "texture": "#0"}
			}
		},
		{
			"from": [7.5, 3, 6.5],
			"to": [10.5, 0, 9.5],
			"rotation": {"angle": 0, "axis": "y", "origin": [8, 15, 8]},
			"faces": {
				"north": {"uv": [13.5, 1.5, 15, 3], "texture": "#0"},
				"east": {"uv": [12, 1.5, 13.5, 3], "texture": "#0"},
				"south": {"uv": [12, 0, 13.5, 1.5], "texture": "#0"},
				"west": {"uv": [13.5, 0, 15, 1.5], "texture": "#0"}
			}
		},
		{
			"from": [6.5, 0, 5.5],
			"to": [16.5, 3, 10.5],
			"rotation": {"angle": 0, "axis": "y", "origin": [8, 15, 8]},
			"faces": {
				"north": {"uv": [0, 0, 1.5, 5], "rotation": 270, "texture": "#0"},
				"east": {"uv": [6.5, 0, 9, 1.5], "texture": "#0"},
				"south": {"uv": [3, 0, 4.5, 5], "rotation": 90, "texture": "#0"},
				"west": {"uv": [6.5, 1.5, 9, 3], "texture": "#0"},
				"up": {"uv": [1, 0, 3.5, 5], "rotation": 90, "texture": "#0"},
				"down": {"uv": [4, 0, 6.5, 5], "rotation": 90, "texture": "#0"}
			}
		},
		{
			"from": [1.5, 3, 6.5],
			"to": [4.5, 0, 9.5],
			"rotation": {"angle": 0, "axis": "y", "origin": [8, 15, 8]},
			"faces": {
				"north": {"uv": [10.5, 1.5, 12, 3], "texture": "#0"},
				"east": {"uv": [9, 1.5, 10.5, 3], "texture": "#0"},
				"south": {"uv": [9, 0, 10.5, 1.5], "texture": "#0"},
				"west": {"uv": [10.5, 0, 12, 1.5], "texture": "#0"}
			}
		},
		{
			"from": [-3.5, 3, 6.5],
			"to": [-0.5, 0, 9.5],
			"rotation": {"angle": 0, "axis": "y", "origin": [8, 15, 8]},
			"faces": {
				"north": {"uv": [13.5, 1.5, 15, 3], "texture": "#0"},
				"east": {"uv": [12, 1.5, 13.5, 3], "texture": "#0"},
				"south": {"uv": [12, 0, 13.5, 1.5], "texture": "#0"},
				"west": {"uv": [13.5, 0, 15, 1.5], "texture": "#0"}
			}
		},
		{
			"from": [-4.5, 0, 5.5],
			"to": [5.5, 3, 10.5],
			"rotation": {"angle": 0, "axis": "y", "origin": [8, 15, 8]},
			"faces": {
				"north": {"uv": [0, 0, 1.5, 5], "rotation": 270, "texture": "#0"},
				"east": {"uv": [6.5, 0, 9, 1.5], "texture": "#0"},
				"south": {"uv": [3, 0, 4.5, 5], "rotation": 90, "texture": "#0"},
				"west": {"uv": [6.5, 1.5, 9, 3], "texture": "#0"},
				"up": {"uv": [1, 0, 3.5, 5], "rotation": 90, "texture": "#0"},
				"down": {"uv": [4, 0, 6.5, 5], "rotation": 90, "texture": "#0"}
			}
		},
		{
			"from": [7.5, 6, 6.5],
			"to": [10.5, 3, 9.5],
			"rotation": {"angle": 0, "axis": "y", "origin": [8, 15, 8]},
			"faces": {
				"north": {"uv": [10.5, 1.5, 12, 3], "texture": "#0"},
				"east": {"uv": [9, 1.5, 10.5, 3], "texture": "#0"},
				"south": {"uv": [9, 0, 10.5, 1.5], "texture": "#0"},
				"west": {"uv": [10.5, 0, 12, 1.5], "texture": "#0"}
			}
		},
		{
			"from": [2.5, 6, 6.5],
			"to": [5.5, 3, 9.5],
			"rotation": {"angle": 0, "axis": "y", "origin": [8, 15, 8]},
			"faces": {
				"north": {"uv": [13.5, 1.5, 15, 3], "texture": "#0"},
				"east": {"uv": [12, 1.5, 13.5, 3], "texture": "#0"},
				"south": {"uv": [12, 0, 13.5, 1.5], "texture": "#0"},
				"west": {"uv": [13.5, 0, 15, 1.5], "texture": "#0"}
			}
		},
		{
			"from": [1.5, 3, 5.5],
			"to": [11.5, 6, 10.5],
			"rotation": {"angle": 22.5, "axis": "y", "origin": [6.5, 4.5, 8]},
			"faces": {
				"north": {"uv": [0, 0, 1.5, 5], "rotation": 270, "texture": "#0"},
				"east": {"uv": [6.5, 0, 9, 1.5], "texture": "#0"},
				"south": {"uv": [3, 0, 4.5, 5], "rotation": 90, "texture": "#0"},
				"west": {"uv": [6.5, 1.5, 9, 3], "texture": "#0"},
				"up": {"uv": [1, 0, 3.5, 5], "rotation": 90, "texture": "#0"},
				"down": {"uv": [4, 0, 6.5, 5], "rotation": 90, "texture": "#0"}
			}
		},
		{
			"from": [18.5, 6, 6.5],
			"to": [21.5, 3, 9.5],
			"rotation": {"angle": 0, "axis": "y", "origin": [8, 15, 8]},
			"faces": {
				"north": {"uv": [10.5, 1.5, 12, 3], "texture": "#0"},
				"east": {"uv": [9, 1.5, 10.5, 3], "texture": "#0"},
				"south": {"uv": [9, 0, 10.5, 1.5], "texture": "#0"},
				"west": {"uv": [10.5, 0, 12, 1.5], "texture": "#0"}
			}
		},
		{
			"from": [13.5, 6, 6.5],
			"to": [16.5, 3, 9.5],
			"rotation": {"angle": 0, "axis": "y", "origin": [8, 15, 8]},
			"faces": {
				"north": {"uv": [13.5, 1.5, 15, 3], "texture": "#0"},
				"east": {"uv": [12, 1.5, 13.5, 3], "texture": "#0"},
				"south": {"uv": [12, 0, 13.5, 1.5], "texture": "#0"},
				"west": {"uv": [13.5, 0, 15, 1.5], "texture": "#0"}
			}
		},
		{
			"from": [12.5, 3, 5.5],
			"to": [22.5, 6, 10.5],
			"rotation": {"angle": 0, "axis": "y", "origin": [8, 15, 8]},
			"faces": {
				"north": {"uv": [0, 0, 1.5, 5], "rotation": 270, "texture": "#0"},
				"east": {"uv": [6.5, 0, 9, 1.5], "texture": "#0"},
				"south": {"uv": [3, 0, 4.5, 5], "rotation": 90, "texture": "#0"},
				"west": {"uv": [6.5, 1.5, 9, 3], "texture": "#0"},
				"up": {"uv": [1, 0, 3.5, 5], "rotation": 90, "texture": "#0"},
				"down": {"uv": [4, 0, 6.5, 5], "rotation": 90, "texture": "#0"}
			}
		},
		{
			"from": [25.5, 9, 6.5],
			"to": [28.5, 6, 9.5],
			"rotation": {"angle": 0, "axis": "y", "origin": [9, 15, 8]},
			"faces": {
				"north": {"uv": [10.5, 1.5, 12, 3], "texture": "#0"},
				"east": {"uv": [9, 1.5, 10.5, 3], "texture": "#0"},
				"south": {"uv": [9, 0, 10.5, 1.5], "texture": "#0"},
				"west": {"uv": [10.5, 0, 12, 1.5], "texture": "#0"}
			}
		},
		{
			"from": [20.5, 9, 6.5],
			"to": [23.5, 6, 9.5],
			"rotation": {"angle": 0, "axis": "y", "origin": [9, 15, 8]},
			"faces": {
				"north": {"uv": [13.5, 1.5, 15, 3], "texture": "#0"},
				"east": {"uv": [12, 1.5, 13.5, 3], "texture": "#0"},
				"south": {"uv": [12, 0, 13.5, 1.5], "texture": "#0"},
				"west": {"uv": [13.5, 0, 15, 1.5], "texture": "#0"}
			}
		},
		{
			"from": [19.5, 6, 5.5],
			"to": [29.5, 9, 10.5],
			"rotation": {"angle": 0, "axis": "y", "origin": [9, 15, 8]},
			"faces": {
				"north": {"uv": [0, 0, 1.5, 5], "rotation": 270, "texture": "#0"},
				"east": {"uv": [6.5, 0, 9, 1.5], "texture": "#0"},
				"south": {"uv": [3, 0, 4.5, 5], "rotation": 90, "texture": "#0"},
				"west": {"uv": [6.5, 1.5, 9, 3], "texture": "#0"},
				"up": {"uv": [1, 0, 3.5, 5], "rotation": 90, "texture": "#0"},
				"down": {"uv": [4, 0, 6.5, 5], "rotation": 90, "texture": "#0"}
			}
		},
		{
			"from": [13.5, 9, 6.5],
			"to": [16.5, 6, 9.5],
			"rotation": {"angle": 0, "axis": "y", "origin": [8, 15, 8]},
			"faces": {
				"north": {"uv": [10.5, 1.5, 12, 3], "texture": "#0"},
				"east": {"uv": [9, 1.5, 10.5, 3], "texture": "#0"},
				"south": {"uv": [9, 0, 10.5, 1.5], "texture": "#0"},
				"west": {"uv": [10.5, 0, 12, 1.5], "texture": "#0"}
			}
		},
		{
			"from": [8.5, 9, 6.5],
			"to": [11.5, 6, 9.5],
			"rotation": {"angle": 0, "axis": "y", "origin": [8, 15, 8]},
			"faces": {
				"north": {"uv": [13.5, 1.5, 15, 3], "texture": "#0"},
				"east": {"uv": [12, 1.5, 13.5, 3], "texture": "#0"},
				"south": {"uv": [12, 0, 13.5, 1.5], "texture": "#0"},
				"west": {"uv": [13.5, 0, 15, 1.5], "texture": "#0"}
			}
		},
		{
			"from": [7.5, 6, 5.5],
			"to": [17.5, 9, 10.5],
			"rotation": {"angle": 0, "axis": "y", "origin": [8, 15, 8]},
			"faces": {
				"north": {"uv": [0, 0, 1.5, 5], "rotation": 270, "texture": "#0"},
				"east": {"uv": [6.5, 0, 9, 1.5], "texture": "#0"},
				"south": {"uv": [3, 0, 4.5, 5], "rotation": 90, "texture": "#0"},
				"west": {"uv": [6.5, 1.5, 9, 3], "texture": "#0"},
				"up": {"uv": [1, 0, 3.5, 5], "rotation": 90, "texture": "#0"},
				"down": {"uv": [4, 0, 6.5, 5], "rotation": 90, "texture": "#0"}
			}
		},
		{
			"from": [2.5, 9, 6.5],
			"to": [5.5, 6, 9.5],
			"rotation": {"angle": -22.5, "axis": "y", "origin": [1.5, 7.5, 8]},
			"faces": {
				"north": {"uv": [10.5, 1.5, 12, 3], "texture": "#0"},
				"east": {"uv": [9, 1.5, 10.5, 3], "texture": "#0"},
				"south": {"uv": [9, 0, 10.5, 1.5], "texture": "#0"},
				"west": {"uv": [10.5, 0, 12, 1.5], "texture": "#0"}
			}
		},
		{
			"from": [-2.5, 9, 6.5],
			"to": [0.5, 6, 9.5],
			"rotation": {"angle": -22.5, "axis": "y", "origin": [1.5, 7.5, 8]},
			"faces": {
				"north": {"uv": [13.5, 1.5, 15, 3], "texture": "#0"},
				"east": {"uv": [12, 1.5, 13.5, 3], "texture": "#0"},
				"south": {"uv": [12, 0, 13.5, 1.5], "texture": "#0"},
				"west": {"uv": [13.5, 0, 15, 1.5], "texture": "#0"}
			}
		},
		{
			"from": [-3.5, 6, 5.5],
			"to": [6.5, 9, 10.5],
			"rotation": {"angle": -22.5, "axis": "y", "origin": [1.5, 7.5, 8]},
			"faces": {
				"north": {"uv": [0, 0, 1.5, 5], "rotation": 270, "texture": "#0"},
				"east": {"uv": [6.5, 0, 9, 1.5], "texture": "#0"},
				"south": {"uv": [3, 0, 4.5, 5], "rotation": 90, "texture": "#0"},
				"west": {"uv": [6.5, 1.5, 9, 3], "texture": "#0"},
				"up": {"uv": [1, 0, 3.5, 5], "rotation": 90, "texture": "#0"},
				"down": {"uv": [4, 0, 6.5, 5], "rotation": 90, "texture": "#0"}
			}
		},
		{
			"from": [-1.5, 12, 6.5],
			"to": [1.5, 9, 9.5],
			"rotation": {"angle": 0, "axis": "y", "origin": [8, 15, 8]},
			"faces": {
				"north": {"uv": [10.5, 1.5, 12, 3], "texture": "#0"},
				"east": {"uv": [9, 1.5, 10.5, 3], "texture": "#0"},
				"south": {"uv": [9, 0, 10.5, 1.5], "texture": "#0"},
				"west": {"uv": [10.5, 0, 12, 1.5], "texture": "#0"}
			}
		},
		{
			"from": [-6.5, 12, 6.5],
			"to": [-3.5, 9, 9.5],
			"rotation": {"angle": 0, "axis": "y", "origin": [8, 15, 8]},
			"faces": {
				"north": {"uv": [13.5, 1.5, 15, 3], "texture": "#0"},
				"east": {"uv": [12, 1.5, 13.5, 3], "texture": "#0"},
				"south": {"uv": [12, 0, 13.5, 1.5], "texture": "#0"},
				"west": {"uv": [13.5, 0, 15, 1.5], "texture": "#0"}
			}
		},
		{
			"from": [-7.5, 9, 5.5],
			"to": [2.5, 12, 10.5],
			"rotation": {"angle": 0, "axis": "y", "origin": [8, 15, 8]},
			"faces": {
				"north": {"uv": [0, 0, 1.5, 5], "rotation": 270, "texture": "#0"},
				"east": {"uv": [6.5, 0, 9, 1.5], "texture": "#0"},
				"south": {"uv": [3, 0, 4.5, 5], "rotation": 90, "texture": "#0"},
				"west": {"uv": [6.5, 1.5, 9, 3], "texture": "#0"},
				"up": {"uv": [1, 0, 3.5, 5], "rotation": 90, "texture": "#0"},
				"down": {"uv": [4, 0, 6.5, 5], "rotation": 90, "texture": "#0"}
			}
		},
		{
			"from": [-4.5, 6, 6.5],
			"to": [-1.5, 3, 9.5],
			"rotation": {"angle": 0, "axis": "y", "origin": [8, 15, 8]},
			"faces": {
				"north": {"uv": [10.5, 1.5, 12, 3], "texture": "#0"},
				"east": {"uv": [9, 1.5, 10.5, 3], "texture": "#0"},
				"south": {"uv": [9, 0, 10.5, 1.5], "texture": "#0"},
				"west": {"uv": [10.5, 0, 12, 1.5], "texture": "#0"}
			}
		},
		{
			"from": [-9.5, 6, 6.5],
			"to": [-6.5, 3, 9.5],
			"rotation": {"angle": 0, "axis": "y", "origin": [8, 15, 8]},
			"faces": {
				"north": {"uv": [13.5, 1.5, 15, 3], "texture": "#0"},
				"east": {"uv": [12, 1.5, 13.5, 3], "texture": "#0"},
				"south": {"uv": [12, 0, 13.5, 1.5], "texture": "#0"},
				"west": {"uv": [13.5, 0, 15, 1.5], "texture": "#0"}
			}
		},
		{
			"from": [-10.5, 3, 5.5],
			"to": [-0.5, 6, 10.5],
			"rotation": {"angle": 0, "axis": "y", "origin": [8, 15, 8]},
			"faces": {
				"north": {"uv": [0, 0, 1.5, 5], "rotation": 270, "texture": "#0"},
				"east": {"uv": [6.5, 0, 9, 1.5], "texture": "#0"},
				"south": {"uv": [3, 0, 4.5, 5], "rotation": 90, "texture": "#0"},
				"west": {"uv": [6.5, 1.5, 9, 3], "texture": "#0"},
				"up": {"uv": [1, 0, 3.5, 5], "rotation": 90, "texture": "#0"},
				"down": {"uv": [4, 0, 6.5, 5], "rotation": 90, "texture": "#0"}
			}
		},
		{
			"from": [-7.5, 15, 6.5],
			"to": [-4.5, 12, 9.5],
			"rotation": {"angle": 0, "axis": "y", "origin": [8, 15, 8]},
			"faces": {
				"north": {"uv": [10.5, 1.5, 12, 3], "texture": "#0"},
				"east": {"uv": [9, 1.5, 10.5, 3], "texture": "#0"},
				"south": {"uv": [9, 0, 10.5, 1.5], "texture": "#0"},
				"west": {"uv": [10.5, 0, 12, 1.5], "texture": "#0"}
			}
		},
		{
			"from": [-12.5, 15, 6.5],
			"to": [-9.5, 12, 9.5],
			"rotation": {"angle": 0, "axis": "y", "origin": [8, 15, 8]},
			"faces": {
				"north": {"uv": [13.5, 1.5, 15, 3], "texture": "#0"},
				"east": {"uv": [12, 1.5, 13.5, 3], "texture": "#0"},
				"south": {"uv": [12, 0, 13.5, 1.5], "texture": "#0"},
				"west": {"uv": [13.5, 0, 15, 1.5], "texture": "#0"}
			}
		},
		{
			"from": [-13.5, 12, 5.5],
			"to": [-3.5, 15, 10.5],
			"rotation": {"angle": 0, "axis": "y", "origin": [8, 15, 8]},
			"faces": {
				"north": {"uv": [0, 0, 1.5, 5], "rotation": 270, "texture": "#0"},
				"east": {"uv": [6.5, 0, 9, 1.5], "texture": "#0"},
				"south": {"uv": [3, 0, 4.5, 5], "rotation": 90, "texture": "#0"},
				"west": {"uv": [6.5, 1.5, 9, 3], "texture": "#0"},
				"up": {"uv": [1, 0, 3.5, 5], "rotation": 90, "texture": "#0"},
				"down": {"uv": [4, 0, 6.5, 5], "rotation": 90, "texture": "#0"}
			}
		},
		{
			"from": [20.5, 12, 6.5],
			"to": [23.5, 9, 9.5],
			"rotation": {"angle": 0, "axis": "y", "origin": [8, 15, 8]},
			"faces": {
				"north": {"uv": [10.5, 1.5, 12, 3], "texture": "#0"},
				"east": {"uv": [9, 1.5, 10.5, 3], "texture": "#0"},
				"south": {"uv": [9, 0, 10.5, 1.5], "texture": "#0"},
				"west": {"uv": [10.5, 0, 12, 1.5], "texture": "#0"}
			}
		},
		{
			"from": [15.5, 12, 6.5],
			"to": [18.5, 9, 9.5],
			"rotation": {"angle": 0, "axis": "y", "origin": [8, 15, 8]},
			"faces": {
				"north": {"uv": [13.5, 1.5, 15, 3], "texture": "#0"},
				"east": {"uv": [12, 1.5, 13.5, 3], "texture": "#0"},
				"south": {"uv": [12, 0, 13.5, 1.5], "texture": "#0"},
				"west": {"uv": [13.5, 0, 15, 1.5], "texture": "#0"}
			}
		},
		{
			"from": [14.5, 9, 5.5],
			"to": [24.5, 12, 10.5],
			"rotation": {"angle": 0, "axis": "y", "origin": [8, 15, 8]},
			"faces": {
				"north": {"uv": [0, 0, 1.5, 5], "rotation": 270, "texture": "#0"},
				"east": {"uv": [6.5, 0, 9, 1.5], "texture": "#0"},
				"south": {"uv": [3, 0, 4.5, 5], "rotation": 90, "texture": "#0"},
				"west": {"uv": [6.5, 1.5, 9, 3], "texture": "#0"},
				"up": {"uv": [1, 0, 3.5, 5], "rotation": 90, "texture": "#0"},
				"down": {"uv": [4, 0, 6.5, 5], "rotation": 90, "texture": "#0"}
			}
		},
		{
			"from": [9.5, 12, 6.5],
			"to": [12.5, 9, 9.5],
			"rotation": {"angle": 0, "axis": "y", "origin": [8, 15, 8]},
			"faces": {
				"north": {"uv": [10.5, 1.5, 12, 3], "texture": "#0"},
				"east": {"uv": [9, 1.5, 10.5, 3], "texture": "#0"},
				"south": {"uv": [9, 0, 10.5, 1.5], "texture": "#0"},
				"west": {"uv": [10.5, 0, 12, 1.5], "texture": "#0"}
			}
		},
		{
			"from": [4.5, 12, 6.5],
			"to": [7.5, 9, 9.5],
			"rotation": {"angle": 0, "axis": "y", "origin": [8, 15, 8]},
			"faces": {
				"north": {"uv": [13.5, 1.5, 15, 3], "texture": "#0"},
				"east": {"uv": [12, 1.5, 13.5, 3], "texture": "#0"},
				"south": {"uv": [12, 0, 13.5, 1.5], "texture": "#0"},
				"west": {"uv": [13.5, 0, 15, 1.5], "texture": "#0"}
			}
		},
		{
			"from": [3.5, 9, 5.5],
			"to": [13.5, 12, 10.5],
			"rotation": {"angle": 0, "axis": "y", "origin": [8, 15, 8]},
			"faces": {
				"north": {"uv": [0, 0, 1.5, 5], "rotation": 270, "texture": "#0"},
				"east": {"uv": [6.5, 0, 9, 1.5], "texture": "#0"},
				"south": {"uv": [3, 0, 4.5, 5], "rotation": 90, "texture": "#0"},
				"west": {"uv": [6.5, 1.5, 9, 3], "texture": "#0"},
				"up": {"uv": [1, 0, 3.5, 5], "rotation": 90, "texture": "#0"},
				"down": {"uv": [4, 0, 6.5, 5], "rotation": 90, "texture": "#0"}
			}
		},
		{
			"from": [14.5, 15, 6.5],
			"to": [17.5, 12, 9.5],
			"rotation": {"angle": 0, "axis": "y", "origin": [8, 15, 8]},
			"faces": {
				"north": {"uv": [10.5, 1.5, 12, 3], "texture": "#0"},
				"east": {"uv": [9, 1.5, 10.5, 3], "texture": "#0"},
				"south": {"uv": [9, 0, 10.5, 1.5], "texture": "#0"},
				"west": {"uv": [10.5, 0, 12, 1.5], "texture": "#0"}
			}
		},
		{
			"from": [9.5, 15, 6.5],
			"to": [12.5, 12, 9.5],
			"rotation": {"angle": 0, "axis": "y", "origin": [8, 15, 8]},
			"faces": {
				"north": {"uv": [13.5, 1.5, 15, 3], "texture": "#0"},
				"east": {"uv": [12, 1.5, 13.5, 3], "texture": "#0"},
				"south": {"uv": [12, 0, 13.5, 1.5], "texture": "#0"},
				"west": {"uv": [13.5, 0, 15, 1.5], "texture": "#0"}
			}
		},
		{
			"from": [8.5, 12, 5.5],
			"to": [18.5, 15, 10.5],
			"rotation": {"angle": 0, "axis": "y", "origin": [8, 15, 8]},
			"faces": {
				"north": {"uv": [0, 0, 1.5, 5], "rotation": 270, "texture": "#0"},
				"east": {"uv": [6.5, 0, 9, 1.5], "texture": "#0"},
				"south": {"uv": [3, 0, 4.5, 5], "rotation": 90, "texture": "#0"},
				"west": {"uv": [6.5, 1.5, 9, 3], "texture": "#0"},
				"up": {"uv": [1, 0, 3.5, 5], "rotation": 90, "texture": "#0"},
				"down": {"uv": [4, 0, 6.5, 5], "rotation": 90, "texture": "#0"}
			}
		},
		{
			"from": [3.5, 15, 6.5],
			"to": [6.5, 12, 9.5],
			"rotation": {"angle": -22.5, "axis": "y", "origin": [2.5, 13.5, 8]},
			"faces": {
				"north": {"uv": [10.5, 1.5, 12, 3], "texture": "#0"},
				"east": {"uv": [9, 1.5, 10.5, 3], "texture": "#0"},
				"south": {"uv": [9, 0, 10.5, 1.5], "texture": "#0"},
				"west": {"uv": [10.5, 0, 12, 1.5], "texture": "#0"}
			}
		},
		{
			"from": [-1.5, 15, 6.5],
			"to": [1.5, 12, 9.5],
			"rotation": {"angle": -22.5, "axis": "y", "origin": [2.5, 13.5, 8]},
			"faces": {
				"north": {"uv": [13.5, 1.5, 15, 3], "texture": "#0"},
				"east": {"uv": [12, 1.5, 13.5, 3], "texture": "#0"},
				"south": {"uv": [12, 0, 13.5, 1.5], "texture": "#0"},
				"west": {"uv": [13.5, 0, 15, 1.5], "texture": "#0"}
			}
		},
		{
			"from": [-2.5, 12, 5.5],
			"to": [7.5, 15, 10.5],
			"rotation": {"angle": -22.5, "axis": "y", "origin": [2.5, 13.5, 8]},
			"faces": {
				"north": {"uv": [0, 0, 1.5, 5], "rotation": 270, "texture": "#0"},
				"east": {"uv": [6.5, 0, 9, 1.5], "texture": "#0"},
				"south": {"uv": [3, 0, 4.5, 5], "rotation": 90, "texture": "#0"},
				"west": {"uv": [6.5, 1.5, 9, 3], "texture": "#0"},
				"up": {"uv": [1, 0, 3.5, 5], "rotation": 90, "texture": "#0"},
				"down": {"uv": [4, 0, 6.5, 5], "rotation": 90, "texture": "#0"}
			}
		},
		{
			"from": [27.5, 15, 6.5],
			"to": [30.5, 12, 9.5],
			"rotation": {"angle": 22.5, "axis": "y", "origin": [26.5, 13.5, 8]},
			"faces": {
				"north": {"uv": [10.5, 1.5, 12, 3], "texture": "#0"},
				"east": {"uv": [9, 1.5, 10.5, 3], "texture": "#0"},
				"south": {"uv": [9, 0, 10.5, 1.5], "texture": "#0"},
				"west": {"uv": [10.5, 0, 12, 1.5], "texture": "#0"}
			}
		},
		{
			"from": [22.5, 15, 6.5],
			"to": [25.5, 12, 9.5],
			"rotation": {"angle": 22.5, "axis": "y", "origin": [26.5, 13.5, 8]},
			"faces": {
				"north": {"uv": [13.5, 1.5, 15, 3], "texture": "#0"},
				"east": {"uv": [12, 1.5, 13.5, 3], "texture": "#0"},
				"south": {"uv": [12, 0, 13.5, 1.5], "texture": "#0"},
				"west": {"uv": [13.5, 0, 15, 1.5], "texture": "#0"}
			}
		},
		{
			"from": [21.5, 12, 5.5],
			"to": [31.5, 15, 10.5],
			"rotation": {"angle": 22.5, "axis": "y", "origin": [26.5, 13.5, 8]},
			"faces": {
				"north": {"uv": [0, 0, 1.5, 5], "rotation": 270, "texture": "#0"},
				"east": {"uv": [6.5, 0, 9, 1.5], "texture": "#0"},
				"south": {"uv": [3, 0, 4.5, 5], "rotation": 90, "texture": "#0"},
				"west": {"uv": [6.5, 1.5, 9, 3], "texture": "#0"},
				"up": {"uv": [1, 0, 3.5, 5], "rotation": 90, "texture": "#0"},
				"down": {"uv": [4, 0, 6.5, 5], "rotation": 90, "texture": "#0"}
			}
		},
		{
			"from": [25.5, 18, 6.5],
			"to": [28.5, 15, 9.5],
			"rotation": {"angle": 0, "axis": "y", "origin": [8, 15, 8]},
			"faces": {
				"north": {"uv": [10.5, 1.5, 12, 3], "texture": "#0"},
				"east": {"uv": [9, 1.5, 10.5, 3], "texture": "#0"},
				"south": {"uv": [9, 0, 10.5, 1.5], "texture": "#0"},
				"west": {"uv": [10.5, 0, 12, 1.5], "texture": "#0"}
			}
		},
		{
			"from": [20.5, 18, 6.5],
			"to": [23.5, 15, 9.5],
			"rotation": {"angle": 0, "axis": "y", "origin": [8, 15, 8]},
			"faces": {
				"north": {"uv": [13.5, 1.5, 15, 3], "texture": "#0"},
				"east": {"uv": [12, 1.5, 13.5, 3], "texture": "#0"},
				"south": {"uv": [12, 0, 13.5, 1.5], "texture": "#0"},
				"west": {"uv": [13.5, 0, 15, 1.5], "texture": "#0"}
			}
		},
		{
			"from": [19.5, 15, 5.5],
			"to": [29.5, 18, 10.5],
			"rotation": {"angle": 0, "axis": "y", "origin": [8, 15, 8]},
			"faces": {
				"north": {"uv": [0, 0, 1.5, 5], "rotation": 270, "texture": "#0"},
				"east": {"uv": [6.5, 0, 9, 1.5], "texture": "#0"},
				"south": {"uv": [3, 0, 4.5, 5], "rotation": 90, "texture": "#0"},
				"west": {"uv": [6.5, 1.5, 9, 3], "texture": "#0"},
				"up": {"uv": [1, 0, 3.5, 5], "rotation": 90, "texture": "#0"},
				"down": {"uv": [4, 0, 6.5, 5], "rotation": 90, "texture": "#0"}
			}
		},
		{
			"from": [13.5, 18, 6.5],
			"to": [16.5, 15, 9.5],
			"rotation": {"angle": 22.5, "axis": "y", "origin": [8, 15, 8]},
			"faces": {
				"north": {"uv": [10.5, 1.5, 12, 3], "texture": "#0"},
				"east": {"uv": [9, 1.5, 10.5, 3], "texture": "#0"},
				"south": {"uv": [9, 0, 10.5, 1.5], "texture": "#0"},
				"west": {"uv": [10.5, 0, 12, 1.5], "texture": "#0"}
			}
		},
		{
			"from": [8.5, 18, 6.5],
			"to": [11.5, 15, 9.5],
			"rotation": {"angle": 22.5, "axis": "y", "origin": [8, 15, 8]},
			"faces": {
				"north": {"uv": [13.5, 1.5, 15, 3], "texture": "#0"},
				"east": {"uv": [12, 1.5, 13.5, 3], "texture": "#0"},
				"south": {"uv": [12, 0, 13.5, 1.5], "texture": "#0"},
				"west": {"uv": [13.5, 0, 15, 1.5], "texture": "#0"}
			}
		},
		{
			"from": [7.5, 15, 5.5],
			"to": [17.5, 18, 10.5],
			"rotation": {"angle": 22.5, "axis": "y", "origin": [8, 15, 8]},
			"faces": {
				"north": {"uv": [0, 0, 1.5, 5], "rotation": 270, "texture": "#0"},
				"east": {"uv": [6.5, 0, 9, 1.5], "texture": "#0"},
				"south": {"uv": [3, 0, 4.5, 5], "rotation": 90, "texture": "#0"},
				"west": {"uv": [6.5, 1.5, 9, 3], "texture": "#0"},
				"up": {"uv": [1, 0, 3.5, 5], "rotation": 90, "texture": "#0"},
				"down": {"uv": [4, 0, 6.5, 5], "rotation": 90, "texture": "#0"}
			}
		},
		{
			"from": [2.5, 18, 6.5],
			"to": [5.5, 15, 9.5],
			"rotation": {"angle": 0, "axis": "y", "origin": [8, 15, 8]},
			"faces": {
				"north": {"uv": [10.5, 1.5, 12, 3], "texture": "#0"},
				"east": {"uv": [9, 1.5, 10.5, 3], "texture": "#0"},
				"south": {"uv": [9, 0, 10.5, 1.5], "texture": "#0"},
				"west": {"uv": [10.5, 0, 12, 1.5], "texture": "#0"}
			}
		},
		{
			"from": [-2.5, 18, 6.5],
			"to": [0.5, 15, 9.5],
			"rotation": {"angle": 0, "axis": "y", "origin": [8, 15, 8]},
			"faces": {
				"north": {"uv": [13.5, 1.5, 15, 3], "texture": "#0"},
				"east": {"uv": [12, 1.5, 13.5, 3], "texture": "#0"},
				"south": {"uv": [12, 0, 13.5, 1.5], "texture": "#0"},
				"west": {"uv": [13.5, 0, 15, 1.5], "texture": "#0"}
			}
		},
		{
			"from": [-3.5, 15, 5.5],
			"to": [6.5, 18, 10.5],
			"rotation": {"angle": 0, "axis": "y", "origin": [8, 15, 8]},
			"faces": {
				"north": {"uv": [0, 0, 1.5, 5], "rotation": 270, "texture": "#0"},
				"east": {"uv": [6.5, 0, 9, 1.5], "texture": "#0"},
				"south": {"uv": [3, 0, 4.5, 5], "rotation": 90, "texture": "#0"},
				"west": {"uv": [6.5, 1.5, 9, 3], "texture": "#0"},
				"up": {"uv": [1, 0, 3.5, 5], "rotation": 90, "texture": "#0"},
				"down": {"uv": [4, 0, 6.5, 5], "rotation": 90, "texture": "#0"}
			}
		},
		{
			"from": [8.5, 21, 6.5],
			"to": [11.5, 18, 9.5],
			"rotation": {"angle": 0, "axis": "y", "origin": [8, 15, 8]},
			"faces": {
				"north": {"uv": [10.5, 1.5, 12, 3], "texture": "#0"},
				"east": {"uv": [9, 1.5, 10.5, 3], "texture": "#0"},
				"south": {"uv": [9, 0, 10.5, 1.5], "texture": "#0"},
				"west": {"uv": [10.5, 0, 12, 1.5], "texture": "#0"}
			}
		},
		{
			"from": [3.5, 21, 6.5],
			"to": [6.5, 18, 9.5],
			"rotation": {"angle": 0, "axis": "y", "origin": [8, 15, 8]},
			"faces": {
				"north": {"uv": [13.5, 1.5, 15, 3], "texture": "#0"},
				"east": {"uv": [12, 1.5, 13.5, 3], "texture": "#0"},
				"south": {"uv": [12, 0, 13.5, 1.5], "texture": "#0"},
				"west": {"uv": [13.5, 0, 15, 1.5], "texture": "#0"}
			}
		},
		{
			"from": [2.5, 18, 5.5],
			"to": [12.5, 21, 10.5],
			"rotation": {"angle": 0, "axis": "y", "origin": [8, 15, 8]},
			"faces": {
				"north": {"uv": [0, 0, 1.5, 5], "rotation": 270, "texture": "#0"},
				"east": {"uv": [6.5, 0, 9, 1.5], "texture": "#0"},
				"south": {"uv": [3, 0, 4.5, 5], "rotation": 90, "texture": "#0"},
				"west": {"uv": [6.5, 1.5, 9, 3], "texture": "#0"},
				"up": {"uv": [1, 0, 3.5, 5], "rotation": 90, "texture": "#0"},
				"down": {"uv": [4, 0, 6.5, 5], "rotation": 90, "texture": "#0"}
			}
		},
		{
			"from": [19.5, 21, 6.5],
			"to": [22.5, 18, 9.5],
			"rotation": {"angle": 0, "axis": "y", "origin": [8, 15, 8]},
			"faces": {
				"north": {"uv": [10.5, 1.5, 12, 3], "texture": "#0"},
				"east": {"uv": [9, 1.5, 10.5, 3], "texture": "#0"},
				"south": {"uv": [9, 0, 10.5, 1.5], "texture": "#0"},
				"west": {"uv": [10.5, 0, 12, 1.5], "texture": "#0"}
			}
		},
		{
			"from": [14.5, 21, 6.5],
			"to": [17.5, 18, 9.5],
			"rotation": {"angle": 0, "axis": "y", "origin": [8, 15, 8]},
			"faces": {
				"north": {"uv": [13.5, 1.5, 15, 3], "texture": "#0"},
				"east": {"uv": [12, 1.5, 13.5, 3], "texture": "#0"},
				"south": {"uv": [12, 0, 13.5, 1.5], "texture": "#0"},
				"west": {"uv": [13.5, 0, 15, 1.5], "texture": "#0"}
			}
		},
		{
			"from": [13.5, 18, 5.5],
			"to": [23.5, 21, 10.5],
			"rotation": {"angle": 0, "axis": "y", "origin": [8, 15, 8]},
			"faces": {
				"north": {"uv": [0, 0, 1.5, 5], "rotation": 270, "texture": "#0"},
				"east": {"uv": [6.5, 0, 9, 1.5], "texture": "#0"},
				"south": {"uv": [3, 0, 4.5, 5], "rotation": 90, "texture": "#0"},
				"west": {"uv": [6.5, 1.5, 9, 3], "texture": "#0"},
				"up": {"uv": [1, 0, 3.5, 5], "rotation": 90, "texture": "#0"},
				"down": {"uv": [4, 0, 6.5, 5], "rotation": 90, "texture": "#0"}
			}
		},
		{
			"from": [27.5, 24, 6.5],
			"to": [30.5, 21, 9.5],
			"rotation": {"angle": 0, "axis": "y", "origin": [10, 15, 8]},
			"faces": {
				"north": {"uv": [10.5, 1.5, 12, 3], "texture": "#0"},
				"east": {"uv": [9, 1.5, 10.5, 3], "texture": "#0"},
				"south": {"uv": [9, 0, 10.5, 1.5], "texture": "#0"},
				"west": {"uv": [10.5, 0, 12, 1.5], "texture": "#0"}
			}
		},
		{
			"from": [22.5, 24, 6.5],
			"to": [25.5, 21, 9.5],
			"rotation": {"angle": 0, "axis": "y", "origin": [10, 15, 8]},
			"faces": {
				"north": {"uv": [13.5, 1.5, 15, 3], "texture": "#0"},
				"east": {"uv": [12, 1.5, 13.5, 3], "texture": "#0"},
				"south": {"uv": [12, 0, 13.5, 1.5], "texture": "#0"},
				"west": {"uv": [13.5, 0, 15, 1.5], "texture": "#0"}
			}
		},
		{
			"from": [21.5, 21, 5.5],
			"to": [31.5, 24, 10.5],
			"rotation": {"angle": 0, "axis": "y", "origin": [10, 15, 8]},
			"faces": {
				"north": {"uv": [0, 0, 1.5, 5], "rotation": 270, "texture": "#0"},
				"east": {"uv": [6.5, 0, 9, 1.5], "texture": "#0"},
				"south": {"uv": [3, 0, 4.5, 5], "rotation": 90, "texture": "#0"},
				"west": {"uv": [6.5, 1.5, 9, 3], "texture": "#0"},
				"up": {"uv": [1, 0, 3.5, 5], "rotation": 90, "texture": "#0"},
				"down": {"uv": [4, 0, 6.5, 5], "rotation": 90, "texture": "#0"}
			}
		},
		{
			"from": [14.5, 24, 6.5],
			"to": [17.5, 21, 9.5],
			"rotation": {"angle": -22.5, "axis": "y", "origin": [13.5, 22.5, 8]},
			"faces": {
				"north": {"uv": [10.5, 1.5, 12, 3], "texture": "#0"},
				"east": {"uv": [9, 1.5, 10.5, 3], "texture": "#0"},
				"south": {"uv": [9, 0, 10.5, 1.5], "texture": "#0"},
				"west": {"uv": [10.5, 0, 12, 1.5], "texture": "#0"}
			}
		},
		{
			"from": [9.5, 24, 6.5],
			"to": [12.5, 21, 9.5],
			"rotation": {"angle": -22.5, "axis": "y", "origin": [13.5, 22.5, 8]},
			"faces": {
				"north": {"uv": [13.5, 1.5, 15, 3], "texture": "#0"},
				"east": {"uv": [12, 1.5, 13.5, 3], "texture": "#0"},
				"south": {"uv": [12, 0, 13.5, 1.5], "texture": "#0"},
				"west": {"uv": [13.5, 0, 15, 1.5], "texture": "#0"}
			}
		},
		{
			"from": [8.5, 21, 5.5],
			"to": [18.5, 24, 10.5],
			"rotation": {"angle": -22.5, "axis": "y", "origin": [13.5, 22.5, 8]},
			"faces": {
				"north": {"uv": [0, 0, 1.5, 5], "rotation": 270, "texture": "#0"},
				"east": {"uv": [6.5, 0, 9, 1.5], "texture": "#0"},
				"south": {"uv": [3, 0, 4.5, 5], "rotation": 90, "texture": "#0"},
				"west": {"uv": [6.5, 1.5, 9, 3], "texture": "#0"},
				"up": {"uv": [1, 0, 3.5, 5], "rotation": 90, "texture": "#0"},
				"down": {"uv": [4, 0, 6.5, 5], "rotation": 90, "texture": "#0"}
			}
		},
		{
			"from": [3.5, 24, 6.5],
			"to": [6.5, 21, 9.5],
			"rotation": {"angle": 0, "axis": "y", "origin": [8, 15, 8]},
			"faces": {
				"north": {"uv": [10.5, 1.5, 12, 3], "texture": "#0"},
				"east": {"uv": [9, 1.5, 10.5, 3], "texture": "#0"},
				"south": {"uv": [9, 0, 10.5, 1.5], "texture": "#0"},
				"west": {"uv": [10.5, 0, 12, 1.5], "texture": "#0"}
			}
		},
		{
			"from": [-1.5, 24, 6.5],
			"to": [1.5, 21, 9.5],
			"rotation": {"angle": 0, "axis": "y", "origin": [8, 15, 8]},
			"faces": {
				"north": {"uv": [13.5, 1.5, 15, 3], "texture": "#0"},
				"east": {"uv": [12, 1.5, 13.5, 3], "texture": "#0"},
				"south": {"uv": [12, 0, 13.5, 1.5], "texture": "#0"},
				"west": {"uv": [13.5, 0, 15, 1.5], "texture": "#0"}
			}
		},
		{
			"from": [-2.5, 21, 5.5],
			"to": [7.5, 24, 10.5],
			"rotation": {"angle": 0, "axis": "y", "origin": [8, 15, 8]},
			"faces": {
				"north": {"uv": [0, 0, 1.5, 5], "rotation": 270, "texture": "#0"},
				"east": {"uv": [6.5, 0, 9, 1.5], "texture": "#0"},
				"south": {"uv": [3, 0, 4.5, 5], "rotation": 90, "texture": "#0"},
				"west": {"uv": [6.5, 1.5, 9, 3], "texture": "#0"},
				"up": {"uv": [1, 0, 3.5, 5], "rotation": 90, "texture": "#0"},
				"down": {"uv": [4, 0, 6.5, 5], "rotation": 90, "texture": "#0"}
			}
		},
		{
			"from": [-0.5, 27, 6.5],
			"to": [2.5, 24, 9.5],
			"rotation": {"angle": 22.5, "axis": "y", "origin": [-1.5, 25.5, 8]},
			"faces": {
				"north": {"uv": [10.5, 1.5, 12, 3], "texture": "#0"},
				"east": {"uv": [9, 1.5, 10.5, 3], "texture": "#0"},
				"south": {"uv": [9, 0, 10.5, 1.5], "texture": "#0"},
				"west": {"uv": [10.5, 0, 12, 1.5], "texture": "#0"}
			}
		},
		{
			"from": [-5.5, 27, 6.5],
			"to": [-2.5, 24, 9.5],
			"rotation": {"angle": 22.5, "axis": "y", "origin": [-1.5, 25.5, 8]},
			"faces": {
				"north": {"uv": [13.5, 1.5, 15, 3], "texture": "#0"},
				"east": {"uv": [12, 1.5, 13.5, 3], "texture": "#0"},
				"south": {"uv": [12, 0, 13.5, 1.5], "texture": "#0"},
				"west": {"uv": [13.5, 0, 15, 1.5], "texture": "#0"}
			}
		},
		{
			"from": [-6.5, 24, 5.5],
			"to": [3.5, 27, 10.5],
			"rotation": {"angle": 22.5, "axis": "y", "origin": [-1.5, 25.5, 8]},
			"faces": {
				"north": {"uv": [0, 0, 1.5, 5], "rotation": 270, "texture": "#0"},
				"east": {"uv": [6.5, 0, 9, 1.5], "texture": "#0"},
				"south": {"uv": [3, 0, 4.5, 5], "rotation": 90, "texture": "#0"},
				"west": {"uv": [6.5, 1.5, 9, 3], "texture": "#0"},
				"up": {"uv": [1, 0, 3.5, 5], "rotation": 90, "texture": "#0"},
				"down": {"uv": [4, 0, 6.5, 5], "rotation": 90, "texture": "#0"}
			}
		},
		{
			"from": [-3.5, 21, 6.5],
			"to": [-0.5, 18, 9.5],
			"rotation": {"angle": -22.5, "axis": "y", "origin": [-4.5, 19.5, 8]},
			"faces": {
				"north": {"uv": [10.5, 1.5, 12, 3], "texture": "#0"},
				"east": {"uv": [9, 1.5, 10.5, 3], "texture": "#0"},
				"south": {"uv": [9, 0, 10.5, 1.5], "texture": "#0"},
				"west": {"uv": [10.5, 0, 12, 1.5], "texture": "#0"}
			}
		},
		{
			"from": [-8.5, 21, 6.5],
			"to": [-5.5, 18, 9.5],
			"rotation": {"angle": -22.5, "axis": "y", "origin": [-4.5, 19.5, 8]},
			"faces": {
				"north": {"uv": [13.5, 1.5, 15, 3], "texture": "#0"},
				"east": {"uv": [12, 1.5, 13.5, 3], "texture": "#0"},
				"south": {"uv": [12, 0, 13.5, 1.5], "texture": "#0"},
				"west": {"uv": [13.5, 0, 15, 1.5], "texture": "#0"}
			}
		},
		{
			"from": [-9.5, 18, 5.5],
			"to": [0.5, 21, 10.5],
			"rotation": {"angle": -22.5, "axis": "y", "origin": [-4.5, 19.5, 8]},
			"faces": {
				"north": {"uv": [0, 0, 1.5, 5], "rotation": 270, "texture": "#0"},
				"east": {"uv": [6.5, 0, 9, 1.5], "texture": "#0"},
				"south": {"uv": [3, 0, 4.5, 5], "rotation": 90, "texture": "#0"},
				"west": {"uv": [6.5, 1.5, 9, 3], "texture": "#0"},
				"up": {"uv": [1, 0, 3.5, 5], "rotation": 90, "texture": "#0"},
				"down": {"uv": [4, 0, 6.5, 5], "rotation": 90, "texture": "#0"}
			}
		},
		{
			"from": [-6.5, 30, 6.5],
			"to": [-3.5, 27, 9.5],
			"rotation": {"angle": 0, "axis": "y", "origin": [8, 15, 8]},
			"faces": {
				"north": {"uv": [10.5, 1.5, 12, 3], "texture": "#0"},
				"east": {"uv": [9, 1.5, 10.5, 3], "texture": "#0"},
				"south": {"uv": [9, 0, 10.5, 1.5], "texture": "#0"},
				"west": {"uv": [10.5, 0, 12, 1.5], "texture": "#0"}
			}
		},
		{
			"from": [-11.5, 30, 6.5],
			"to": [-8.5, 27, 9.5],
			"rotation": {"angle": 0, "axis": "y", "origin": [8, 15, 8]},
			"faces": {
				"north": {"uv": [13.5, 1.5, 15, 3], "texture": "#0"},
				"east": {"uv": [12, 1.5, 13.5, 3], "texture": "#0"},
				"south": {"uv": [12, 0, 13.5, 1.5], "texture": "#0"},
				"west": {"uv": [13.5, 0, 15, 1.5], "texture": "#0"}
			}
		},
		{
			"from": [-12.5, 27, 5.5],
			"to": [-2.5, 30, 10.5],
			"rotation": {"angle": 0, "axis": "y", "origin": [8, 15, 8]},
			"faces": {
				"north": {"uv": [0, 0, 1.5, 5], "rotation": 270, "texture": "#0"},
				"east": {"uv": [6.5, 0, 9, 1.5], "texture": "#0"},
				"south": {"uv": [3, 0, 4.5, 5], "rotation": 90, "texture": "#0"},
				"west": {"uv": [6.5, 1.5, 9, 3], "texture": "#0"},
				"up": {"uv": [1, 0, 3.5, 5], "rotation": 90, "texture": "#0"},
				"down": {"uv": [4, 0, 6.5, 5], "rotation": 90, "texture": "#0"}
			}
		},
		{
			"from": [21.5, 27, 6.5],
			"to": [24.5, 24, 9.5],
			"rotation": {"angle": 0, "axis": "y", "origin": [8, 15, 8]},
			"faces": {
				"north": {"uv": [10.5, 1.5, 12, 3], "texture": "#0"},
				"east": {"uv": [9, 1.5, 10.5, 3], "texture": "#0"},
				"south": {"uv": [9, 0, 10.5, 1.5], "texture": "#0"},
				"west": {"uv": [10.5, 0, 12, 1.5], "texture": "#0"}
			}
		},
		{
			"from": [16.5, 27, 6.5],
			"to": [19.5, 24, 9.5],
			"rotation": {"angle": 0, "axis": "y", "origin": [8, 15, 8]},
			"faces": {
				"north": {"uv": [13.5, 1.5, 15, 3], "texture": "#0"},
				"east": {"uv": [12, 1.5, 13.5, 3], "texture": "#0"},
				"south": {"uv": [12, 0, 13.5, 1.5], "texture": "#0"},
				"west": {"uv": [13.5, 0, 15, 1.5], "texture": "#0"}
			}
		},
		{
			"from": [15.5, 24, 5.5],
			"to": [25.5, 27, 10.5],
			"rotation": {"angle": 0, "axis": "y", "origin": [8, 15, 8]},
			"faces": {
				"north": {"uv": [0, 0, 1.5, 5], "rotation": 270, "texture": "#0"},
				"east": {"uv": [6.5, 0, 9, 1.5], "texture": "#0"},
				"south": {"uv": [3, 0, 4.5, 5], "rotation": 90, "texture": "#0"},
				"west": {"uv": [6.5, 1.5, 9, 3], "texture": "#0"},
				"up": {"uv": [1, 0, 3.5, 5], "rotation": 90, "texture": "#0"},
				"down": {"uv": [4, 0, 6.5, 5], "rotation": 90, "texture": "#0"}
			}
		},
		{
			"from": [10.5, 27, 6.5],
			"to": [13.5, 24, 9.5],
			"rotation": {"angle": 0, "axis": "y", "origin": [8, 15, 8]},
			"faces": {
				"north": {"uv": [10.5, 1.5, 12, 3], "texture": "#0"},
				"east": {"uv": [9, 1.5, 10.5, 3], "texture": "#0"},
				"south": {"uv": [9, 0, 10.5, 1.5], "texture": "#0"},
				"west": {"uv": [10.5, 0, 12, 1.5], "texture": "#0"}
			}
		},
		{
			"from": [5.5, 27, 6.5],
			"to": [8.5, 24, 9.5],
			"rotation": {"angle": 0, "axis": "y", "origin": [8, 15, 8]},
			"faces": {
				"north": {"uv": [13.5, 1.5, 15, 3], "texture": "#0"},
				"east": {"uv": [12, 1.5, 13.5, 3], "texture": "#0"},
				"south": {"uv": [12, 0, 13.5, 1.5], "texture": "#0"},
				"west": {"uv": [13.5, 0, 15, 1.5], "texture": "#0"}
			}
		},
		{
			"from": [4.5, 24, 5.5],
			"to": [14.5, 27, 10.5],
			"rotation": {"angle": 0, "axis": "y", "origin": [8, 15, 8]},
			"faces": {
				"north": {"uv": [0, 0, 1.5, 5], "rotation": 270, "texture": "#0"},
				"east": {"uv": [6.5, 0, 9, 1.5], "texture": "#0"},
				"south": {"uv": [3, 0, 4.5, 5], "rotation": 90, "texture": "#0"},
				"west": {"uv": [6.5, 1.5, 9, 3], "texture": "#0"},
				"up": {"uv": [1, 0, 3.5, 5], "rotation": 90, "texture": "#0"},
				"down": {"uv": [4, 0, 6.5, 5], "rotation": 90, "texture": "#0"}
			}
		},
		{
			"from": [15.5, 30, 6.5],
			"to": [18.5, 27, 9.5],
			"rotation": {"angle": 22.5, "axis": "y", "origin": [14.5, 28.5, 8]},
			"faces": {
				"north": {"uv": [10.5, 1.5, 12, 3], "texture": "#0"},
				"east": {"uv": [9, 1.5, 10.5, 3], "texture": "#0"},
				"south": {"uv": [9, 0, 10.5, 1.5], "texture": "#0"},
				"west": {"uv": [10.5, 0, 12, 1.5], "texture": "#0"}
			}
		},
		{
			"from": [10.5, 30, 6.5],
			"to": [13.5, 27, 9.5],
			"rotation": {"angle": 22.5, "axis": "y", "origin": [14.5, 28.5, 8]},
			"faces": {
				"north": {"uv": [13.5, 1.5, 15, 3], "texture": "#0"},
				"east": {"uv": [12, 1.5, 13.5, 3], "texture": "#0"},
				"south": {"uv": [12, 0, 13.5, 1.5], "texture": "#0"},
				"west": {"uv": [13.5, 0, 15, 1.5], "texture": "#0"}
			}
		},
		{
			"from": [9.5, 27, 5.5],
			"to": [19.5, 30, 10.5],
			"rotation": {"angle": 22.5, "axis": "y", "origin": [14.5, 28.5, 8]},
			"faces": {
				"north": {"uv": [0, 0, 1.5, 5], "rotation": 270, "texture": "#0"},
				"east": {"uv": [6.5, 0, 9, 1.5], "texture": "#0"},
				"south": {"uv": [3, 0, 4.5, 5], "rotation": 90, "texture": "#0"},
				"west": {"uv": [6.5, 1.5, 9, 3], "texture": "#0"},
				"up": {"uv": [1, 0, 3.5, 5], "rotation": 90, "texture": "#0"},
				"down": {"uv": [4, 0, 6.5, 5], "rotation": 90, "texture": "#0"}
			}
		},
		{
			"from": [4.5, 30, 6.5],
			"to": [7.5, 27, 9.5],
			"rotation": {"angle": 0, "axis": "y", "origin": [8, 15, 8]},
			"faces": {
				"north": {"uv": [10.5, 1.5, 12, 3], "texture": "#0"},
				"east": {"uv": [9, 1.5, 10.5, 3], "texture": "#0"},
				"south": {"uv": [9, 0, 10.5, 1.5], "texture": "#0"},
				"west": {"uv": [10.5, 0, 12, 1.5], "texture": "#0"}
			}
		},
		{
			"from": [-0.5, 30, 6.5],
			"to": [2.5, 27, 9.5],
			"rotation": {"angle": 0, "axis": "y", "origin": [8, 15, 8]},
			"faces": {
				"north": {"uv": [13.5, 1.5, 15, 3], "texture": "#0"},
				"east": {"uv": [12, 1.5, 13.5, 3], "texture": "#0"},
				"south": {"uv": [12, 0, 13.5, 1.5], "texture": "#0"},
				"west": {"uv": [13.5, 0, 15, 1.5], "texture": "#0"}
			}
		},
		{
			"from": [-1.5, 27, 5.5],
			"to": [8.5, 30, 10.5],
			"rotation": {"angle": 0, "axis": "y", "origin": [8, 15, 8]},
			"faces": {
				"north": {"uv": [0, 0, 1.5, 5], "rotation": 270, "texture": "#0"},
				"east": {"uv": [6.5, 0, 9, 1.5], "texture": "#0"},
				"south": {"uv": [3, 0, 4.5, 5], "rotation": 90, "texture": "#0"},
				"west": {"uv": [6.5, 1.5, 9, 3], "texture": "#0"},
				"up": {"uv": [1, 0, 3.5, 5], "rotation": 90, "texture": "#0"},
				"down": {"uv": [4, 0, 6.5, 5], "rotation": 90, "texture": "#0"}
			}
		},
		{
			"from": [25.5, 30, 6.5],
			"to": [28.5, 27, 9.5],
			"rotation": {"angle": 0, "axis": "y", "origin": [8, 15, 8]},
			"faces": {
				"north": {"uv": [10.5, 1.5, 12, 3], "texture": "#0"},
				"east": {"uv": [9, 1.5, 10.5, 3], "texture": "#0"},
				"south": {"uv": [9, 0, 10.5, 1.5], "texture": "#0"},
				"west": {"uv": [10.5, 0, 12, 1.5], "texture": "#0"}
			}
		},
		{
			"from": [20.5, 30, 6.5],
			"to": [23.5, 27, 9.5],
			"rotation": {"angle": 0, "axis": "y", "origin": [8, 15, 8]},
			"faces": {
				"north": {"uv": [13.5, 1.5, 15, 3], "texture": "#0"},
				"east": {"uv": [12, 1.5, 13.5, 3], "texture": "#0"},
				"south": {"uv": [12, 0, 13.5, 1.5], "texture": "#0"},
				"west": {"uv": [13.5, 0, 15, 1.5], "texture": "#0"}
			}
		},
		{
			"from": [19.5, 27, 5.5],
			"to": [29.5, 30, 10.5],
			"rotation": {"angle": 0, "axis": "y", "origin": [8, 15, 8]},
			"faces": {
				"north": {"uv": [0, 0, 1.5, 5], "rotation": 270, "texture": "#0"},
				"east": {"uv": [6.5, 0, 9, 1.5], "texture": "#0"},
				"south": {"uv": [3, 0, 4.5, 5], "rotation": 90, "texture": "#0"},
				"west": {"uv": [6.5, 1.5, 9, 3], "texture": "#0"},
				"up": {"uv": [1, 0, 3.5, 5], "rotation": 90, "texture": "#0"},
				"down": {"uv": [4, 0, 6.5, 5], "rotation": 90, "texture": "#0"}
			}
		}
	],
	"gui_light": "front",
	"display": {
		"firstperson_righthand": {
			"translation": [0, 6, 0]
		},
		"gui": {
			"rotation": [25, 35, 0],
			"translation": [0, -3.25, 0],
			"scale": [0.5, 0.5, 0.5]
		}
	},
	"groups": [
		{
			"name": "group",
			"origin": [7.5, 1.5, 8],
			"color": 0,
			"children": [
				{
					"name": "group",
					"origin": [7.5, 1.5, 8],
					"color": 0,
					"children": [0, 1, 2]
				},
				{
					"name": "group",
					"origin": [7.5, 1.5, 8],
					"color": 0,
					"children": [3, 4, 5]
				},
				{
					"name": "group",
					"origin": [7.5, 1.5, 8],
					"color": 0,
					"children": [6, 7, 8]
				},
				{
					"name": "group",
					"origin": [7.5, 1.5, 8],
					"color": 0,
					"children": [9, 10, 11]
				},
				{
					"name": "group",
					"origin": [7.5, 1.5, 8],
					"color": 0,
					"children": [12, 13, 14]
				},
				{
					"name": "group",
					"origin": [7.5, 1.5, 8],
					"color": 0,
					"children": [15, 16, 17]
				},
				{
					"name": "group",
					"origin": [7.5, 1.5, 8],
					"color": 0,
					"children": [18, 19, 20]
				},
				{
					"name": "group",
					"origin": [7.5, 1.5, 8],
					"color": 0,
					"children": [21, 22, 23]
				},
				{
					"name": "group",
					"origin": [7.5, 1.5, 8],
					"color": 0,
					"children": [24, 25, 26]
				},
				{
					"name": "group",
					"origin": [7.5, 1.5, 8],
					"color": 0,
					"children": [27, 28, 29]
				},
				{
					"name": "group",
					"origin": [7.5, 1.5, 8],
					"color": 0,
					"children": [30, 31, 32]
				},
				{
					"name": "group",
					"origin": [7.5, 1.5, 8],
					"color": 0,
					"children": [33, 34, 35]
				},
				{
					"name": "group",
					"origin": [7.5, 1.5, 8],
					"color": 0,
					"children": [36, 37, 38]
				},
				{
					"name": "group",
					"origin": [7.5, 1.5, 8],
					"color": 0,
					"children": [39, 40, 41]
				},
				{
					"name": "group",
					"origin": [7.5, 1.5, 8],
					"color": 0,
					"children": [42, 43, 44]
				},
				{
					"name": "group",
					"origin": [7.5, 1.5, 8],
					"color": 0,
					"children": [45, 46, 47]
				},
				{
					"name": "group",
					"origin": [7.5, 1.5, 8],
					"color": 0,
					"children": [48, 49, 50]
				},
				{
					"name": "group",
					"origin": [7.5, 1.5, 8],
					"color": 0,
					"children": [51, 52, 53]
				},
				{
					"name": "group",
					"origin": [7.5, 1.5, 8],
					"color": 0,
					"children": [54, 55, 56]
				},
				{
					"name": "group",
					"origin": [7.5, 1.5, 8],
					"color": 0,
					"children": [57, 58, 59]
				}
			]
		},
		{
			"name": "group",
			"origin": [7.5, 1.5, 8],
			"color": 0,
			"children": [
				{
					"name": "group",
					"origin": [7.5, 1.5, 8],
					"color": 0,
					"children": [60, 61, 62]
				},
				{
					"name": "group",
					"origin": [7.5, 1.5, 8],
					"color": 0,
					"children": [63, 64, 65]
				},
				{
					"name": "group",
					"origin": [7.5, 1.5, 8],
					"color": 0,
					"children": [66, 67, 68]
				},
				{
					"name": "group",
					"origin": [7.5, 1.5, 8],
					"color": 0,
					"children": [69, 70, 71]
				},
				{
					"name": "group",
					"origin": [7.5, 1.5, 8],
					"color": 0,
					"children": [72, 73, 74]
				},
				{
					"name": "group",
					"origin": [7.5, 1.5, 8],
					"color": 0,
					"children": [75, 76, 77]
				},
				{
					"name": "group",
					"origin": [7.5, 1.5, 8],
					"color": 0,
					"children": [78, 79, 80]
				},
				{
					"name": "group",
					"origin": [7.5, 1.5, 8],
					"color": 0,
					"children": [81, 82, 83]
				},
				{
					"name": "group",
					"origin": [7.5, 1.5, 8],
					"color": 0,
					"children": [84, 85, 86]
				},
				{
					"name": "group",
					"origin": [7.5, 1.5, 8],
					"color": 0,
					"children": [87, 88, 89]
				},
				{
					"name": "group",
					"origin": [7.5, 1.5, 8],
					"color": 0,
					"children": [90, 91, 92]
				},
				{
					"name": "group",
					"origin": [7.5, 1.5, 8],
					"color": 0,
					"children": [93, 94, 95]
				},
				{
					"name": "group",
					"origin": [7.5, 1.5, 8],
					"color": 0,
					"children": [96, 97, 98]
				},
				{
					"name": "group",
					"origin": [7.5, 1.5, 8],
					"color": 0,
					"children": [99, 100, 101]
				},
				{
					"name": "group",
					"origin": [7.5, 1.5, 8],
					"color": 0,
					"children": [102, 103, 104]
				},
				{
					"name": "group",
					"origin": [7.5, 1.5, 8],
					"color": 0,
					"children": [105, 106, 107]
				}
			]
		}
	]
}