{
	"credit": "Made with Blockbench",
	"texture_size": [32, 32],
	"textures": {
		"0": "shiver:item/props/electric_lever",
		"particle": "shiver:item/props/electric_lever"
	},
	"elements": [
		{
			"from": [3, 8.38909, 2.11091],
			"to": [13, 10.38909, 4.11091],
			"rotation": {"angle": 45, "axis": "x", "origin": [10.75, 5, 7.20711]},
			"faces": {
				"north": {"uv": [2, 6, 7, 7], "texture": "#0"},
				"east": {"uv": [2, 10, 3, 11], "texture": "#0"},
				"south": {"uv": [2, 7, 7, 8], "texture": "#0"},
				"west": {"uv": [10, 2, 11, 3], "texture": "#0"},
				"up": {"uv": [12, 7, 7, 6], "texture": "#0"},
				"down": {"uv": [12, 7, 7, 8], "texture": "#0"}
			}
		},
		{
			"from": [3, -0.09619, 10.59619],
			"to": [13, 1.90381, 12.59619],
			"rotation": {"angle": 45, "axis": "x", "origin": [10.75, 5, 7.20711]},
			"faces": {
				"north": {"uv": [2, 8, 7, 9], "texture": "#0"},
				"east": {"uv": [3, 10, 4, 11], "texture": "#0"},
				"south": {"uv": [7, 8, 12, 9], "texture": "#0"},
				"west": {"uv": [10, 3, 11, 4], "texture": "#0"},
				"up": {"uv": [7, 10, 2, 9], "texture": "#0"},
				"down": {"uv": [12, 9, 7, 10], "texture": "#0"}
			}
		},
		{
			"from": [3, -1, 6],
			"to": [13, 11, 8],
			"rotation": {"angle": 0, "axis": "y", "origin": [10.75, 5, 7.20711]},
			"faces": {
				"north": {"uv": [0, 0, 5, 6], "texture": "#0"},
				"east": {"uv": [0, 6, 1, 12], "texture": "#0"},
				"south": {"uv": [5, 0, 10, 6], "texture": "#0"},
				"west": {"uv": [1, 6, 2, 12], "texture": "#0"},
				"up": {"uv": [15, 1, 10, 0], "texture": "#0"},
				"down": {"uv": [15, 1, 10, 2], "texture": "#0"}
			}
		},
		{
			"from": [13, 3.85355, 6.06066],
			"to": [14, 5.85355, 8.06066],
			"rotation": {"angle": 45, "axis": "x", "origin": [10.75, 5, 7.20711]},
			"faces": {
				"north": {"uv": [7.5, 9, 8, 10], "rotation": 180, "texture": "#0"},
				"east": {"uv": [8, 9, 9, 10], "rotation": 90, "texture": "#0"},
				"south": {"uv": [0, 0, 0.5, 1], "texture": "#0"},
				"west": {"uv": [0, 0, 1, 1], "rotation": 270, "texture": "#0"},
				"up": {"uv": [0, 0, 0.5, 1], "texture": "#0"},
				"down": {"uv": [9, 9, 9.5, 10], "rotation": 180, "texture": "#0"}
			}
		},
		{
			"from": [14, 4, 6],
			"to": [15, 12, 8],
			"rotation": {"angle": 0, "axis": "y", "origin": [14, 4, 6]},
			"faces": {
				"north": {"uv": [13.5, 6, 14, 10], "texture": "#0"},
				"east": {"uv": [14, 6, 15, 10], "texture": "#0"},
				"south": {"uv": [13.5, 6, 14, 10], "texture": "#0"},
				"west": {"uv": [14, 6, 15, 10], "texture": "#0"},
				"up": {"uv": [13.5, 5, 14, 6], "texture": "#0"},
				"down": {"uv": [13.5, 5, 14, 6], "texture": "#0"}
			}
		}
	],
	"gui_light": "front",
	"display": {
		"gui": {
			"rotation": [0, -155, 0],
			"translation": [0, 2.5, 0]
		}
	}
}