{
	"credit": "Made with Blockbench",
	"texture_size": [32, 32],
	"textures": {
		"0": "shiver:item/props/electric_lever",
		"particle": "shiver:item/props/electric_lever"
	},
	"elements": [
		{
			"from": [13, 7, 7],
			"to": [14, 9, 9],
			"rotation": {"angle": 45, "axis": "x", "origin": [13.5, 8, 8]},
			"faces": {
				"north": {"uv": [7.5, 9, 8, 10], "rotation": 180, "texture": "#0"},
				"east": {"uv": [8, 9, 9, 10], "rotation": 90, "texture": "#0"},
				"south": {"uv": [0, 0, 0.5, 1], "texture": "#0"},
				"west": {"uv": [0, 0, 1, 1], "rotation": 270, "texture": "#0"},
				"up": {"uv": [0, 0, 0.5, 1], "texture": "#0"},
				"down": {"uv": [9, 9, 9.5, 10], "rotation": 180, "texture": "#0"}
			}
		},
		{
			"from": [14, 7, 7],
			"to": [15, 15, 9],
			"rotation": {"angle": 0, "axis": "y", "origin": [14, 9.5, 8]},
			"faces": {
				"north": {"uv": [13.5, 6, 14, 10], "texture": "#0"},
				"east": {"uv": [14, 6, 15, 10], "texture": "#0"},
				"south": {"uv": [13.5, 6, 14, 10], "texture": "#0"},
				"west": {"uv": [14, 6, 15, 10], "texture": "#0"},
				"up": {"uv": [13.5, 5, 14, 6], "texture": "#0"},
				"down": {"uv": [13.5, 5, 14, 6], "texture": "#0"}
			}
		}
	],
	"gui_light": "front",
	"display": {
		"gui": {
			"rotation": [0, -47, 0],
			"translation": [-5.5, -4, 0],
			"scale": [1.5, 1.5, 1.5]
		}
	}
}