{
	"credit": "Made by Falanta Fantomo with Blockbench",
	"texture_size": [256, 256],
	"textures": {
		"0": "shiver:item/props/elevator"
	},
	"elements": [
		{
			"from": [6, 2, 8.25],
			"to": [10, 15, 8.5],
			"rotation": {"angle": 0, "axis": "y", "origin": [6, 0, 16]},
			"faces": {
				"north": {"uv": [16, 12.75, 15, 16], "texture": "#0"},
				"south": {"uv": [15, 12.75, 16, 16], "texture": "#0"},
				"west": {"uv": [15, 12.75, 15.0625, 16], "texture": "#0"}
			}
		},
		{
			"from": [2, 2, 8.25],
			"to": [6, 15, 8.5],
			"rotation": {"angle": 0, "axis": "y", "origin": [6, 0, 16]},
			"faces": {
				"north": {"uv": [15, 12.75, 14, 16], "texture": "#0"},
				"east": {"uv": [14.9375, 12.75, 15, 16], "texture": "#0"},
				"south": {"uv": [14, 12.75, 15, 16], "texture": "#0"}
			}
		}
	],
	"display": {
		"thirdperson_righthand": {
			"rotation": [75, 45, 0],
			"translation": [0, 2.5, 0],
			"scale": [0.1, 0.1, 0.1]
		},
		"thirdperson_lefthand": {
			"rotation": [75, 45, 0],
			"translation": [0, 2.5, 0],
			"scale": [0.1, 0.1, 0.1]
		},
		"firstperson_righthand": {
			"rotation": [0, 45, 0],
			"scale": [0.2, 0.2, 0.2]
		},
		"firstperson_lefthand": {
			"rotation": [0, 45, 0],
			"scale": [0.2, 0.2, 0.2]
		},
		"ground": {
			"scale": [0.1, 0.1, 0.1]
		},
		"gui": {
			"rotation": [20, 135, 0],
			"translation": [0, -1, 0],
			"scale": [0.5, 0.5, 0.5]
		},
		"fixed": {
			"rotation": [-90, 0, 0],
			"translation": [0, 0, -16],
			"scale": [2, 2, 2]
		}
	},
	"groups": [
		0,
		{
			"name": "elevator_door2",
			"origin": [8, 8, 8],
			"color": 0,
			"children": [1]
		}
	]
}