{
	"credit": "Made by Falanta Fantomo with Blockbench",
	"texture_size": [32, 32],
	"textures": {
		"0": "shiver:item/props/gas",
		"particle": "shiver:item/props/gas"
	},
	"elements": [
		{
			"from": [2.92677, 0, 5.92677],
			"to": [12.92677, 12, 9.92677],
			"rotation": {"angle": 0, "axis": "y", "origin": [6, 10.25, 7.92677]},
			"faces": {
				"north": {"uv": [1.5, 0, 6.5, 6], "texture": "#0"},
				"east": {"uv": [0, 0, 2, 6], "texture": "#0"},
				"south": {"uv": [6.5, 0, 1.5, 6], "texture": "#0"},
				"west": {"uv": [6, 0, 8, 6], "texture": "#0"},
				"down": {"uv": [0, 6, 5, 8], "texture": "#0"}
			}
		},
		{
			"from": [2.8798, 10.51755, 5.93677],
			"to": [11.7298, 14.51755, 9.91677],
			"rotation": {"angle": -22.5, "axis": "z", "origin": [6, 10.25, 7.92677]},
			"faces": {
				"north": {"uv": [8, 1.5, 12.5, 3.5], "texture": "#0"},
				"south": {"uv": [12.5, 1.5, 8, 3.5], "texture": "#0"},
				"up": {"uv": [8, 0, 12.5, 2], "rotation": 180, "texture": "#0"}
			}
		},
		{
			"from": [2.92677, 14, 5.92677],
			"to": [4.92677, 15, 9.92677],
			"rotation": {"angle": 0, "axis": "y", "origin": [6, 10.25, 7.92677]},
			"faces": {
				"north": {"uv": [13, 1.5, 14, 2], "texture": "#0"},
				"south": {"uv": [14, 0, 13, 0.5], "texture": "#0"},
				"west": {"uv": [13.5, 0, 14, 2], "rotation": 90, "texture": "#0"},
				"up": {"uv": [13, 0, 14, 2], "rotation": 180, "texture": "#0"}
			}
		},
		{
			"from": [4.92677, 12, 7.92677],
			"to": [10.92677, 15, 7.92677],
			"rotation": {"angle": 0, "axis": "y", "origin": [6, 10.25, 7.92677]},
			"faces": {
				"north": {"uv": [14.5, 2.5, 16, 5.5], "rotation": 90, "texture": "#0"},
				"south": {"uv": [14.5, 5.5, 16, 2.5], "rotation": 90, "texture": "#0"}
			}
		},
		{
			"from": [2.92677, 12, 5.92677],
			"to": [7.92677, 14, 9.92677],
			"rotation": {"angle": 0, "axis": "y", "origin": [6, 10.25, 7.92677]},
			"faces": {
				"north": {"uv": [15, 0, 16, 2.5], "rotation": 90, "texture": "#0"},
				"south": {"uv": [15, 2.5, 16, 0], "rotation": 90, "texture": "#0"},
				"west": {"uv": [14, 0, 15, 2], "rotation": 90, "texture": "#0"}
			}
		},
		{
			"from": [4.92677, 14, 5.92677],
			"to": [5.67677, 15, 9.92677],
			"rotation": {"angle": 0, "axis": "y", "origin": [6, 10.25, 7.92677]},
			"faces": {
				"north": {"uv": [12.5, 1.5, 13, 2], "texture": "#0"},
				"south": {"uv": [12.5, 0, 13, 0.5], "texture": "#0"},
				"up": {"uv": [12.5, 0, 13, 2], "rotation": 180, "texture": "#0"}
			}
		}
	],
	"gui_light": "front",
	"display": {
		"thirdperson_righthand": {
			"rotation": [60, 0, 0],
			"translation": [0, -4, -3.25],
			"scale": [0.75, 0.75, 0.75]
		},
		"thirdperson_lefthand": {
			"rotation": [60, 0, 0],
			"translation": [0, -4, -3.25],
			"scale": [0.75, 0.75, 0.75]
		},
		"firstperson_righthand": {
			"rotation": [-5, 10, 5],
			"translation": [4.5, -6, -6]
		},
		"firstperson_lefthand": {
			"rotation": [-5, 10, 5],
			"translation": [4.5, -6, -6]
		},
		"ground": {
			"translation": [0, 5.5, 0],
			"scale": [0.7, 0.7, 0.7]
		},
		"gui": {
			"rotation": [20, 135, 0],
			"scale": [0.75, 0.75, 0.75]
		},
		"head": {
			"scale": [1.6, 1.6, 1.6]
		},
		"fixed": {
			"rotation": [-90, 0, 0],
			"translation": [0, 0, -16],
			"scale": [2, 2, 2]
		}
	}
}