{
	"credit": "Made by Falanta Fantomo with Blockbench",
	"textures": {
		"0": "shiver:item/props/minecart_ride",
		"1": "shiver:block/lantern",
		"particle": "shiver:item/props/minecart_ride"
	},
	"elements": [
		{
			"from": [16, 1, 1],
			"to": [18, 5, 5],
			"rotation": {"angle": 0, "axis": "y", "origin": [16, 1, 0]},
			"faces": {
				"north": {"uv": [10, 5, 10.5, 4], "texture": "#0"},
				"east": {"uv": [9, 6.5, 10, 7.5], "texture": "#0"},
				"south": {"uv": [10.5, 4, 11, 5], "texture": "#0"},
				"up": {"uv": [10, 5, 10.5, 6], "texture": "#0"},
				"down": {"uv": [10.5, 5, 11, 6], "texture": "#0"}
			}
		},
		{
			"from": [15.99, 0, 0],
			"to": [15.99, 6, 6],
			"rotation": {"angle": 0, "axis": "y", "origin": [16, 1, 0]},
			"faces": {
				"east": {"uv": [6, 7.5, 7.5, 9], "texture": "#0"},
				"west": {"uv": [7.5, 7.5, 6, 9], "texture": "#0"}
			}
		},
		{
			"from": [16, 1, 11],
			"to": [18, 5, 15],
			"rotation": {"angle": 0, "axis": "y", "origin": [16, 1, 0]},
			"faces": {
				"north": {"uv": [10, 5, 10.5, 4], "texture": "#0"},
				"east": {"uv": [9, 6.5, 10, 7.5], "texture": "#0"},
				"south": {"uv": [10.5, 4, 11, 5], "texture": "#0"},
				"up": {"uv": [10, 5, 10.5, 6], "texture": "#0"},
				"down": {"uv": [10.5, 5, 11, 6], "texture": "#0"}
			}
		},
		{
			"from": [15.99, 0, 10],
			"to": [15.99, 6, 16],
			"rotation": {"angle": 0, "axis": "y", "origin": [16, 1, 0]},
			"faces": {
				"east": {"uv": [6, 7.5, 7.5, 9], "texture": "#0"},
				"west": {"uv": [7.5, 7.5, 6, 9], "texture": "#0"}
			}
		},
		{
			"from": [-2, 1, 11],
			"to": [0, 5, 15],
			"rotation": {"angle": 0, "axis": "y", "origin": [0, 1, 0]},
			"faces": {
				"north": {"uv": [10.5, 5, 10, 4], "texture": "#0"},
				"south": {"uv": [11, 4, 10.5, 5], "texture": "#0"},
				"west": {"uv": [10, 6.5, 9, 7.5], "texture": "#0"},
				"up": {"uv": [10.5, 5, 10, 6], "texture": "#0"},
				"down": {"uv": [11, 5, 10.5, 6], "texture": "#0"}
			}
		},
		{
			"from": [0.01, 0, 10],
			"to": [0.01, 6, 16],
			"rotation": {"angle": 0, "axis": "y", "origin": [0, 1, 0]},
			"faces": {
				"east": {"uv": [6, 7.5, 7.5, 9], "texture": "#0"},
				"west": {"uv": [7.5, 7.5, 6, 9], "texture": "#0"}
			}
		},
		{
			"from": [-2, 1, 1],
			"to": [0, 5, 5],
			"rotation": {"angle": 0, "axis": "y", "origin": [0, 1, 0]},
			"faces": {
				"north": {"uv": [10.5, 5, 10, 4], "texture": "#0"},
				"south": {"uv": [11, 4, 10.5, 5], "texture": "#0"},
				"west": {"uv": [10, 6.5, 9, 7.5], "texture": "#0"},
				"up": {"uv": [10.5, 5, 10, 6], "texture": "#0"},
				"down": {"uv": [11, 5, 10.5, 6], "texture": "#0"}
			}
		},
		{
			"from": [0.01, 0, 0],
			"to": [0.01, 6, 6],
			"rotation": {"angle": 0, "axis": "y", "origin": [0.1, 1, 0]},
			"faces": {
				"east": {"uv": [6, 7.5, 7.5, 9], "texture": "#0"},
				"west": {"uv": [7.5, 7.5, 6, 9], "texture": "#0"}
			}
		},
		{
			"from": [2, 3, -4],
			"to": [14, 7, 20],
			"rotation": {"angle": 0, "axis": "y", "origin": [0, 1, 0]},
			"faces": {
				"north": {"uv": [6, 6.5, 9, 7.5], "texture": "#0"},
				"east": {"uv": [6, 6.5, 0, 7.5], "texture": "#0"},
				"south": {"uv": [6, 6.5, 9, 7.5], "texture": "#0"},
				"west": {"uv": [0, 6.5, 6, 7.5], "texture": "#0"},
				"down": {"uv": [0, 7.5, 6, 10.5], "rotation": 90, "texture": "#0"}
			}
		},
		{
			"from": [0, 7, -4],
			"to": [16, 17, 20],
			"rotation": {"angle": 0, "axis": "y", "origin": [0, 1, 0]},
			"faces": {
				"north": {"uv": [6, 4, 10, 6.5], "texture": "#0"},
				"east": {"uv": [0, 4, 6, 6.5], "texture": "#0"},
				"south": {"uv": [6, 4, 10, 6.5], "texture": "#0"},
				"west": {"uv": [0, 4, 6, 6.5], "texture": "#0"},
				"up": {"uv": [0, 0, 6, 4], "rotation": 90, "texture": "#0"},
				"down": {"uv": [6, 0, 12, 4], "rotation": 90, "texture": "#0"}
			}
		},
		{
			"from": [0, 2, 2],
			"to": [16, 4, 4],
			"rotation": {"angle": 0, "axis": "y", "origin": [0, 1, 0]},
			"faces": {
				"north": {"uv": [12, 0.25, 16, 0.75], "texture": "#0"},
				"south": {"uv": [12, 0.75, 16, 1.25], "rotation": 180, "texture": "#0"},
				"up": {"uv": [12, 0, 16, 0.5], "rotation": 180, "texture": "#0"},
				"down": {"uv": [12, 0.5, 16, 1], "rotation": 180, "texture": "#0"}
			}
		},
		{
			"from": [0, 2, 12],
			"to": [16, 4, 14],
			"rotation": {"angle": 0, "axis": "y", "origin": [0, 1, 0]},
			"faces": {
				"north": {"uv": [12, 0.25, 16, 0.75], "texture": "#0"},
				"south": {"uv": [12, 0.75, 16, 1.25], "rotation": 180, "texture": "#0"},
				"up": {"uv": [12, 0, 16, 0.5], "rotation": 180, "texture": "#0"},
				"down": {"uv": [12, 0.5, 16, 1], "rotation": 180, "texture": "#0"}
			}
		},
		{
			"from": [1, 17, -3],
			"to": [15, 9, 19],
			"rotation": {"angle": 0, "axis": "y", "origin": [0, 1, 0]},
			"faces": {
				"north": {"uv": [6.25, 6, 9.75, 4], "texture": "#0"},
				"east": {"uv": [0.25, 6, 5.75, 4], "texture": "#0"},
				"south": {"uv": [6.25, 6, 9.75, 4], "texture": "#0"},
				"west": {"uv": [0.25, 6, 5.75, 4], "texture": "#0"},
				"up": {"uv": [12.5, 6.75, 16, 1.25], "texture": "#0"}
			}
		},
		{
			"from": [1, 8, 0],
			"to": [7, 14, 10],
			"rotation": {"angle": 0, "axis": "y", "origin": [7, 11, 8]},
			"faces": {
				"north": {"uv": [0, 14.5, 1.5, 16], "texture": "#0"},
				"east": {"uv": [1.5, 13.5, 3, 16], "rotation": 90, "texture": "#0"},
				"south": {"uv": [0, 14.5, 1.5, 16], "texture": "#0"},
				"west": {"uv": [3, 13.5, 4.5, 16], "rotation": 90, "texture": "#0"},
				"up": {"uv": [0, 12, 1.5, 14.5], "texture": "#0"}
			}
		},
		{
			"from": [4, 8, 11.5],
			"to": [14, 14, 17.5],
			"rotation": {"angle": 22.5, "axis": "y", "origin": [9, 11, 14.5]},
			"faces": {
				"north": {"uv": [3, 13.5, 4.5, 16], "rotation": 90, "texture": "#0"},
				"east": {"uv": [0, 14.5, 1.5, 16], "texture": "#0"},
				"south": {"uv": [1.5, 13.5, 3, 16], "rotation": 90, "texture": "#0"},
				"west": {"uv": [0, 14.5, 1.5, 16], "texture": "#0"},
				"up": {"uv": [0, 12, 1.5, 14.5], "rotation": 90, "texture": "#0"}
			}
		},
		{
			"from": [9, 8, -2.5],
			"to": [13, 12, 7.5],
			"rotation": {"angle": 22.5, "axis": "y", "origin": [11, 11, 2.5]},
			"faces": {
				"north": {"uv": [0, 15, 1, 16], "texture": "#0"},
				"east": {"uv": [2, 13.5, 3, 16], "rotation": 90, "texture": "#0"},
				"south": {"uv": [0.5, 15, 1.5, 16], "texture": "#0"},
				"west": {"uv": [3, 13.5, 4, 16], "rotation": 90, "texture": "#0"},
				"up": {"uv": [0, 12, 1, 14.5], "texture": "#0"}
			}
		},
		{
			"from": [8, 11, 1.5],
			"to": [10, 13, 11.5],
			"rotation": {"angle": 45, "axis": "x", "origin": [9, 12, 6.5]},
			"faces": {
				"north": {"uv": [0.5, 15.5, 1, 16], "texture": "#0"},
				"east": {"uv": [2, 13.5, 2.5, 16], "rotation": 90, "texture": "#0"},
				"south": {"uv": [0.5, 15.5, 1, 16], "texture": "#0"},
				"west": {"uv": [0.5, 14.5, 1, 12], "rotation": 90, "texture": "#0"},
				"up": {"uv": [0.5, 12, 1, 14.5], "texture": "#0"},
				"down": {"uv": [2, 16, 2.5, 13.5], "texture": "#0"}
			}
		},
		{
			"from": [13, 8, 6.5],
			"to": [15, 18, 8.5],
			"rotation": {"angle": -22.5, "axis": "x", "origin": [14, 13, 7.5]},
			"faces": {
				"north": {"uv": [1.5, 12, 4, 12.5], "rotation": 270, "texture": "#0"},
				"east": {"uv": [2.5, 13.5, 3, 16], "texture": "#0"},
				"south": {"uv": [0, 12, 0.5, 14.5], "texture": "#0"},
				"west": {"uv": [3, 13.5, 3.5, 16], "rotation": 180, "texture": "#0"},
				"up": {"uv": [0.5, 15, 1, 15.5], "rotation": 180, "texture": "#0"},
				"down": {"uv": [0.5, 15, 1, 15.5], "texture": "#0"}
			}
		},
		{
			"from": [2.25, 8, 10.5],
			"to": [4.25, 18, 12.5],
			"rotation": {"angle": 22.5, "axis": "z", "origin": [3.25, 13, 11.5]},
			"faces": {
				"north": {"uv": [1.5, 12.5, 4, 13], "rotation": 270, "texture": "#0"},
				"east": {"uv": [3.5, 13.5, 4, 16], "texture": "#0"},
				"south": {"uv": [1.5, 12.5, 4, 13], "rotation": 90, "texture": "#0"},
				"west": {"uv": [3.5, 13.5, 4, 16], "rotation": 180, "texture": "#0"},
				"up": {"uv": [1, 15, 1.5, 15.5], "rotation": 180, "texture": "#0"},
				"down": {"uv": [1, 15, 1.5, 15.5], "texture": "#0"}
			}
		},
		{
			"from": [4, 14, -2.5],
			"to": [6, 16, 7.5],
			"rotation": {"angle": -22.5, "axis": "y", "origin": [5, 15, 2.5]},
			"faces": {
				"north": {"uv": [0.5, 15, 1, 15.5], "texture": "#0"},
				"east": {"uv": [2.5, 13.5, 3, 16], "rotation": 90, "texture": "#0"},
				"south": {"uv": [0.5, 15, 1, 15.5], "texture": "#0"},
				"west": {"uv": [3, 13.5, 3.5, 16], "rotation": 90, "texture": "#0"},
				"up": {"uv": [0, 12, 0.5, 14.5], "texture": "#0"},
				"down": {"uv": [1.5, 12, 4, 12.5], "rotation": 90, "texture": "#0"}
			}
		},
		{
			"from": [3, 15, 14.5],
			"to": [13, 17, 16.5],
			"rotation": {"angle": 0, "axis": "y", "origin": [8, 16, 15.5]},
			"faces": {
				"north": {"uv": [2, 16, 2.5, 13.5], "rotation": 90, "texture": "#0"},
				"east": {"uv": [0.5, 15.5, 1, 16], "texture": "#0"},
				"south": {"uv": [2, 13.5, 2.5, 16], "rotation": 90, "texture": "#0"},
				"west": {"uv": [0.5, 15.5, 1, 16], "texture": "#0"},
				"up": {"uv": [0.5, 12, 1, 14.5], "rotation": 90, "texture": "#0"},
				"down": {"uv": [0.5, 12, 1, 14.5], "rotation": 90, "texture": "#0"}
			}
		},
		{
			"from": [5, 9, 20],
			"to": [11, 15, 21],
			"rotation": {"angle": 0, "axis": "y", "origin": [7, 11, 20]},
			"faces": {
				"north": {"uv": [0, 0, 1.5, 1.5], "texture": "#1"},
				"east": {"uv": [2, 9, 3, 15], "texture": "#1"},
				"south": {"uv": [0, 3, 6, 9], "texture": "#1"},
				"west": {"uv": [1, 9, 2, 15], "texture": "#1"},
				"up": {"uv": [0, 9, 6, 10], "texture": "#1"},
				"down": {"uv": [0, 10, 6, 11], "texture": "#1"}
			}
		}
	],
	"display": {
		"thirdperson_righthand": {
			"rotation": [75, 45, 0],
			"translation": [0, 2.5, 0],
			"scale": [0.1, 0.1, 0.1]
		},
		"thirdperson_lefthand": {
			"rotation": [75, 45, 0],
			"translation": [0, 2.5, 0],
			"scale": [0.1, 0.1, 0.1]
		},
		"firstperson_righthand": {
			"rotation": [0, 45, 0],
			"scale": [0.2, 0.2, 0.2]
		},
		"firstperson_lefthand": {
			"rotation": [0, 45, 0],
			"scale": [0.2, 0.2, 0.2]
		},
		"ground": {
			"scale": [0.1, 0.1, 0.1]
		},
		"gui": {
			"rotation": [20, 135, 0],
			"translation": [0, -0.5, 0],
			"scale": [0.5, 0.5, 0.5]
		},
		"fixed": {
			"rotation": [-90, 0, 0],
			"translation": [0, 0, -16],
			"scale": [2, 2, 2]
		}
	},
	"groups": [
		{
			"name": "minecart",
			"origin": [0, 0, 0],
			"color": 0,
			"children": [0, 1, 2, 3, 4, 5, 6, 7, 8, 9, 10, 11, 12]
		},
		13,
		14,
		15,
		16,
		17,
		18,
		19,
		20,
		21
	]
}