{
	"credit": "Made by Falanta Fantomo with Blockbench",
	"texture_size": [32, 32],
	"textures": {
		"0": "shiver:item/props/props_c17/hl2_paper_01",
		"1": "shiver:item/props/news1",
		"particle": "shiver:item/props/props_c17/hl2_paper_01"
	},
	"elements": [
		{
			"from": [4, 0.5, 3],
			"to": [12, 0.5, 4],
			"rotation": {"angle": 22.5, "axis": "x", "origin": [8, 0.5, 4]},
			"faces": {
				"up": {"uv": [0, 0, 4, 0.5], "texture": "#0"},
				"down": {"uv": [0, 0.5, 4, 0], "texture": "#0"}
			}
		},
		{
			"from": [4, 0.5, 12],
			"to": [12, 0.5, 14],
			"rotation": {"angle": -22.5, "axis": "x", "origin": [8, 0.5, 12]},
			"faces": {
				"up": {"uv": [4.5, 4, 8.5, 5], "texture": "#0"},
				"down": {"uv": [0, 5, 4, 4], "texture": "#0"}
			}
		},
		{
			"from": [4, 0.5, 3],
			"to": [12, 0.5, 4],
			"rotation": {"angle": 22.5, "axis": "x", "origin": [8, 0.5, 4]},
			"faces": {
				"up": {"uv": [4.5, 0, 8.5, 0.5], "texture": "#0"},
				"down": {"uv": [4.5, 0.5, 8.5, 0], "texture": "#0"}
			}
		},
		{
			"from": [4, 0.5, 4],
			"to": [12, 0.5, 12],
			"rotation": {"angle": 0, "axis": "y", "origin": [8, 0.5, 8]},
			"faces": {
				"up": {"uv": [4.5, 0.5, 8.5, 4.5], "texture": "#0"},
				"down": {"uv": [4.5, 4.5, 8.5, 0.5], "texture": "#0"}
			}
		},
		{
			"from": [4, 0.525, 4],
			"to": [12, 0.525, 12],
			"rotation": {"angle": 0, "axis": "y", "origin": [8, 0.525, 8]},
			"faces": {
				"up": {"uv": [0.375, 1.25, 8.875, 8.625], "texture": "#1"},
				"down": {"uv": [9, 8, 17, 1], "texture": "#0"}
			}
		},
		{
			"from": [4, 0.525, 3],
			"to": [12, 0.525, 4],
			"rotation": {"angle": 22.5, "axis": "x", "origin": [8, 0.525, 4]},
			"faces": {
				"up": {"uv": [0.375, 0.25, 8.875, 1.25], "texture": "#1"},
				"down": {"uv": [9, 1, 17, 0], "texture": "#0"}
			}
		},
		{
			"from": [4, 0.525, 12],
			"to": [12, 0.525, 14],
			"rotation": {"angle": -22.5, "axis": "x", "origin": [8, 0.525, 12]},
			"faces": {
				"up": {"uv": [0.375, 9.125, 8.875, 11.375], "texture": "#1"},
				"down": {"uv": [9, 10, 17, 8], "texture": "#0"}
			}
		}
	],
	"display": {
		"thirdperson_righthand": {
			"rotation": [75, 45, 0],
			"translation": [0, 2.5, 0],
			"scale": [0.5, 0.5, 0.5]
		},
		"thirdperson_lefthand": {
			"rotation": [75, 45, 0],
			"translation": [0, 2.5, 0],
			"scale": [0.5, 0.5, 0.5]
		},
		"firstperson_righthand": {
			"rotation": [0, 45, 0],
			"translation": [0, 3.5, 0],
			"scale": [0.5, 0.5, 0.5]
		},
		"firstperson_lefthand": {
			"rotation": [0, 45, 0],
			"translation": [0, 3.5, 0],
			"scale": [0.5, 0.5, 0.5]
		},
		"ground": {
			"scale": [0.1, 0.1, 0.1]
		},
		"gui": {
			"rotation": [20, 135, 0],
			"translation": [0, 6, 0]
		},
		"fixed": {
			"rotation": [-90, 0, 0],
			"translation": [0, 0, -16],
			"scale": [2, 2, 2]
		}
	},
	"groups": [
		{
			"name": "simple",
			"origin": [8, 0.5, 11],
			"color": 0,
			"children": [0, 1]
		},
		{
			"name": "detail",
			"origin": [8, 0.5, 11],
			"color": 0,
			"children": [2, 3, 4, 5, 6]
		}
	]
}