{
	"credit": "Made by Falanta Fantomo with Blockbench",
	"texture_size": [32, 32],
	"textures": {
		"particle": "shiver:item/props/trash_can",
		"main": "shiver:item/props/trash_can"
	},
	"elements": [
		{
			"from": [3, 2, 3],
			"to": [13, 20, 13],
			"faces": {
				"north": {"uv": [11, 0, 16, 9], "texture": "#main"},
				"east": {"uv": [11, 0, 16, 9], "texture": "#main"},
				"south": {"uv": [11, 0, 16, 9], "texture": "#main"},
				"west": {"uv": [11, 0, 16, 9], "texture": "#main"},
				"down": {"uv": [11, 9, 16, 14], "texture": "#main"}
			}
		},
		{
			"from": [3, 20, 3],
			"to": [13, 8, 13],
			"faces": {
				"north": {"uv": [6, 6, 11, 0], "texture": "#main"},
				"east": {"uv": [6, 6, 11, 0], "texture": "#main"},
				"south": {"uv": [6, 6, 11, 0], "texture": "#main"},
				"west": {"uv": [6, 6, 11, 0], "texture": "#main"},
				"up": {"uv": [0, 6, 5, 11], "texture": "#main"}
			}
		},
		{
			"from": [2, 20, 2],
			"to": [14, 20, 14],
			"faces": {
				"up": {"uv": [0, 0, 6, 6], "texture": "#main"},
				"down": {"uv": [0, 6, 6, 0], "texture": "#main"}
			}
		},
		{
			"from": [4, 0, 4],
			"to": [12, 2, 12],
			"faces": {
				"north": {"uv": [7, 6, 11, 7], "texture": "#main"},
				"east": {"uv": [7, 6, 11, 7], "texture": "#main"},
				"south": {"uv": [7, 6, 11, 7], "texture": "#main"},
				"west": {"uv": [7, 6, 11, 7], "texture": "#main"},
				"down": {"uv": [7, 7, 11, 11], "texture": "#main"}
			}
		}
	],
	"gui_light": "front",
	"display": {
		"thirdperson_righthand": {
			"rotation": [75, 45, 0],
			"translation": [0, 2.5, 0],
			"scale": [0.1, 0.1, 0.1]
		},
		"thirdperson_lefthand": {
			"rotation": [75, 45, 0],
			"translation": [0, 2.5, 0],
			"scale": [0.1, 0.1, 0.1]
		},
		"firstperson_righthand": {
			"rotation": [0, 45, 0],
			"scale": [0.2, 0.2, 0.2]
		},
		"firstperson_lefthand": {
			"rotation": [0, 45, 0],
			"scale": [0.2, 0.2, 0.2]
		},
		"ground": {
			"scale": [0.1, 0.1, 0.1]
		},
		"gui": {
			"rotation": [20, 135, 0],
			"translation": [0, -2, 0],
			"scale": [0.7, 0.7, 0.7]
		},
		"fixed": {
			"rotation": [-90, 0, 0],
			"translation": [0, 0, -16],
			"scale": [2, 2, 2]
		}
	}
}