{
	"format_version": "1.21.6",
	"credit": "Made by Falanta Fantomo with Blockbench",
	"textures": {
		"0": "shiver:item/props/zaz_968a_fixed",
		"1": "shiver:item/props/zaz_968a_tint",
		"particle": "shiver:item/props/zaz_968a_tint"
	},
	"elements": [
		{
			"from": [1, 6, -5],
			"to": [15, 8.5, 1.5],
			"rotation": {"angle": 0, "axis": "y", "origin": [8, 0, 8]},
			"faces": {
				"east": {"uv": [5.625, 14.125, 4, 14.75], "texture": "#0"},
				"west": {"uv": [4, 14.125, 5.625, 14.75], "texture": "#0"},
				"up": {"uv": [0, 12, 3.5, 13.625], "rotation": 180, "texture": "#0"},
				"down": {"uv": [0.125, 15.875, 0.25, 16], "texture": "#0"}
			}
		},
		{
			"from": [4, 2.5, -5],
			"to": [12, 6, 1.5],
			"rotation": {"angle": 0, "axis": "y", "origin": [8, 0, 8]},
			"faces": {
				"east": {"uv": [0.125, 15.875, 0.25, 16], "texture": "#0"},
				"west": {"uv": [0.125, 15.875, 0.25, 16], "texture": "#0"},
				"down": {"uv": [14, 9, 16, 10.625], "texture": "#0"}
			}
		},
		{
			"from": [2.5, 2.25, -2.25],
			"to": [13.5, 3.25, -1.25],
			"rotation": {"angle": 0, "axis": "y", "origin": [8, 0, 8]},
			"faces": {
				"north": {"uv": [15.875, 1.125, 16, 1.25], "texture": "#0"},
				"east": {"uv": [15.875, 1.125, 16, 1.25], "texture": "#0"},
				"south": {"uv": [15.875, 1.125, 16, 1.25], "texture": "#0"},
				"west": {"uv": [15.875, 1.125, 16, 1.25], "texture": "#0"},
				"up": {"uv": [15.875, 1.125, 16, 1.25], "texture": "#0"},
				"down": {"uv": [15.875, 1.125, 16, 1.25], "texture": "#0"}
			}
		},
		{
			"from": [6.5, 2, -3],
			"to": [9.5, 2.5, -0.5],
			"rotation": {"angle": 0, "axis": "y", "origin": [8, 0, 8]},
			"faces": {
				"north": {"uv": [15.875, 1.25, 16, 1.375], "texture": "#0"},
				"east": {"uv": [15.875, 1.25, 16, 1.375], "texture": "#0"},
				"south": {"uv": [15.875, 1.25, 16, 1.375], "texture": "#0"},
				"west": {"uv": [15.875, 1.25, 16, 1.375], "texture": "#0"},
				"down": {"uv": [15.875, 1.25, 16, 1.375], "texture": "#0"}
			}
		},
		{
			"from": [5, 2, 15.5],
			"to": [11, 2.5, 20],
			"rotation": {"angle": 0, "axis": "y", "origin": [8, 0, 8]},
			"faces": {
				"north": {"uv": [15.875, 1.25, 16, 1.375], "texture": "#0"},
				"east": {"uv": [15.875, 1.25, 16, 1.375], "texture": "#0"},
				"south": {"uv": [15.875, 1.25, 16, 1.375], "texture": "#0"},
				"west": {"uv": [15.875, 1.25, 16, 1.375], "texture": "#0"},
				"down": {"uv": [15.875, 1.25, 16, 1.375], "texture": "#0"}
			}
		},
		{
			"from": [9.5, 2.5, 21],
			"to": [11.5, 3.5, 24],
			"rotation": {"angle": 0, "axis": "y", "origin": [8, 0, 8]},
			"faces": {
				"east": {"uv": [7, 0, 6.25, 0.25], "texture": "#0"},
				"south": {"uv": [7, 0, 7.5, 0.25], "texture": "#0"},
				"west": {"uv": [6.25, 0, 7, 0.25], "texture": "#0"},
				"down": {"uv": [6.25, 0.25, 7, 0.75], "rotation": 90, "texture": "#0"}
			}
		},
		{
			"from": [10.75, 2.75, 24],
			"to": [11.25, 3.25, 25],
			"rotation": {"angle": 0, "axis": "y", "origin": [8, 0, 8]},
			"faces": {
				"east": {"uv": [15.875, 1.375, 16, 1.625], "rotation": 90, "texture": "#0"},
				"south": {"uv": [0.125, 15.875, 0.25, 16], "texture": "#0"},
				"west": {"uv": [15.875, 1.625, 16, 1.375], "rotation": 90, "texture": "#0"},
				"up": {"uv": [15.875, 1.375, 16, 1.625], "texture": "#0"},
				"down": {"uv": [15.875, 1.625, 16, 1.375], "texture": "#0"}
			}
		},
		{
			"from": [2.5, 2.25, 17.25],
			"to": [13.5, 3.25, 18.25],
			"rotation": {"angle": 0, "axis": "y", "origin": [8, 0, 8]},
			"faces": {
				"north": {"uv": [15.875, 1.125, 16, 1.25], "texture": "#0"},
				"east": {"uv": [15.875, 1.125, 16, 1.25], "texture": "#0"},
				"south": {"uv": [15.875, 1.125, 16, 1.25], "texture": "#0"},
				"west": {"uv": [15.875, 1.125, 16, 1.25], "texture": "#0"},
				"up": {"uv": [15.875, 1.125, 16, 1.25], "texture": "#0"},
				"down": {"uv": [15.875, 1.125, 16, 1.25], "texture": "#0"}
			}
		},
		{
			"from": [1.5, 3, -5],
			"to": [4, 4, -5],
			"rotation": {"angle": 0, "axis": "y", "origin": [8, 0, 8]},
			"faces": {
				"south": {"uv": [0.125, 15.875, 0.25, 16], "texture": "#0"}
			}
		},
		{
			"from": [12, 3, -5],
			"to": [14.5, 4, -5],
			"rotation": {"angle": 0, "axis": "y", "origin": [8, 0, 8]},
			"faces": {
				"south": {"uv": [0.25, 15.875, 0.125, 16], "texture": "#0"}
			}
		},
		{
			"from": [4, 2.5, 14.5],
			"to": [12, 5, 21],
			"rotation": {"angle": 0, "axis": "y", "origin": [8, 2.5, 21]},
			"faces": {
				"east": {"uv": [0.125, 15.875, 0.25, 16], "texture": "#0"},
				"west": {"uv": [0.125, 15.875, 0.25, 16], "texture": "#0"},
				"down": {"uv": [14, 7.375, 16, 9], "texture": "#0"}
			}
		},
		{
			"from": [4, 2.5, 21],
			"to": [12, 3, 22.5],
			"rotation": {"angle": -22.5, "axis": "x", "origin": [8, 2.5, 21]},
			"faces": {
				"east": {"uv": [0.125, 15.875, 0.25, 16], "texture": "#0"},
				"west": {"uv": [0.125, 15.875, 0.25, 16], "texture": "#0"},
				"down": {"uv": [0.125, 15.875, 0.25, 16], "texture": "#0"}
			}
		},
		{
			"from": [4, 2.5, -6.5],
			"to": [12, 3, -5],
			"rotation": {"angle": 22.5, "axis": "x", "origin": [8, 2.5, -5]},
			"faces": {
				"east": {"uv": [0.125, 15.875, 0.25, 16], "texture": "#0"},
				"west": {"uv": [0.125, 15.875, 0.25, 16], "texture": "#0"},
				"down": {"uv": [0.125, 15.875, 0.25, 16], "texture": "#0"}
			}
		},
		{
			"from": [1.005, 4.5, 1.5],
			"to": [4, 8, 3],
			"rotation": {"angle": -45, "axis": "x", "origin": [8, 4.5, 1.5]},
			"faces": {
				"north": {"uv": [0.125, 15.875, 0.25, 16], "texture": "#0"},
				"west": {"uv": [4.375, 14.75, 4.75, 15.625], "texture": "#0"}
			}
		},
		{
			"from": [1.005, 4.5, -6.5],
			"to": [4, 8, -5],
			"rotation": {"angle": 45, "axis": "x", "origin": [8, 4.5, -5]},
			"faces": {
				"south": {"uv": [0.125, 15.875, 0.25, 16], "texture": "#0"},
				"west": {"uv": [4, 14.75, 4.375, 15.625], "texture": "#0"}
			}
		},
		{
			"from": [12, 4.5, 1.5],
			"to": [14.995, 8, 3],
			"rotation": {"angle": -45, "axis": "x", "origin": [8, 4.5, 1.5]},
			"faces": {
				"north": {"uv": [0.25, 15.875, 0.125, 16], "texture": "#0"},
				"east": {"uv": [4.75, 14.75, 4.375, 15.625], "texture": "#0"}
			}
		},
		{
			"from": [12, 4.5, -6.5],
			"to": [14.995, 8, -5],
			"rotation": {"angle": 45, "axis": "x", "origin": [8, 4.5, -5]},
			"faces": {
				"east": {"uv": [4.375, 14.75, 4, 15.625], "texture": "#0"},
				"south": {"uv": [0.25, 15.875, 0.125, 16], "texture": "#0"}
			}
		},
		{
			"from": [1.005, 4, 13],
			"to": [4, 6, 14.5],
			"rotation": {"angle": 45, "axis": "x", "origin": [8, 4, 14.5]},
			"faces": {
				"south": {"uv": [0.125, 15.875, 0.25, 16], "texture": "#0"},
				"west": {"uv": [8.875, 15, 9.25, 15.5], "texture": "#0"}
			}
		},
		{
			"from": [1.005, 4, 21],
			"to": [4, 6, 22.5],
			"rotation": {"angle": -45, "axis": "x", "origin": [8, 4, 21]},
			"faces": {
				"north": {"uv": [0.125, 15.875, 0.25, 16], "texture": "#0"},
				"west": {"uv": [9.25, 15, 9.625, 15.5], "texture": "#0"}
			}
		},
		{
			"from": [12, 4, 13],
			"to": [14.995, 6, 14.5],
			"rotation": {"angle": 45, "axis": "x", "origin": [8, 4, 14.5]},
			"faces": {
				"east": {"uv": [9.25, 15, 8.875, 15.5], "texture": "#0"},
				"south": {"uv": [0.25, 15.875, 0.125, 16], "texture": "#0"}
			}
		},
		{
			"from": [12, 4, 21],
			"to": [14.995, 6, 22.5],
			"rotation": {"angle": -45, "axis": "x", "origin": [8, 4, 21]},
			"faces": {
				"north": {"uv": [0.25, 15.875, 0.125, 16], "texture": "#0"},
				"east": {"uv": [9.625, 15, 9.25, 15.5], "texture": "#0"}
			}
		},
		{
			"from": [1, 5, 14.5],
			"to": [1.5, 8.5, 18],
			"rotation": {"angle": 0, "axis": "y", "origin": [8, 0, 8]},
			"faces": {
				"west": {"uv": [8.875, 14.125, 9.75, 15], "texture": "#0"},
				"up": {"uv": [8.875, 14.125, 9.75, 14.25], "rotation": 90, "texture": "#0"}
			}
		},
		{
			"from": [14.5, 5, 14.5],
			"to": [15, 8.5, 18],
			"rotation": {"angle": 0, "axis": "y", "origin": [8, 0, 8]},
			"faces": {
				"east": {"uv": [9.75, 14.125, 8.875, 15], "texture": "#0"},
				"up": {"uv": [8.875, 14.25, 9.75, 14.125], "rotation": 90, "texture": "#0"}
			}
		},
		{
			"from": [1, 5, 18.5],
			"to": [15, 8.5, 21],
			"rotation": {"angle": 0, "axis": "y", "origin": [8, 0, 8]},
			"faces": {
				"east": {"uv": [10.5, 14.125, 9.875, 15], "texture": "#0"},
				"west": {"uv": [9.875, 14.125, 10.5, 15], "texture": "#0"},
				"up": {"uv": [0, 11.25, 3.5, 11.875], "rotation": 180, "texture": "#0"}
			}
		},
		{
			"from": [1.5, 8.5, 18.15],
			"to": [14.5, 8.5, 18.5],
			"rotation": {"angle": 0, "axis": "y", "origin": [8, 0, 8]},
			"faces": {
				"up": {"uv": [0.125, 11.875, 3.375, 12], "rotation": 180, "texture": "#0"}
			}
		},
		{
			"from": [1, 5, 18],
			"to": [1.5, 8.5, 18.5],
			"rotation": {"angle": 0, "axis": "y", "origin": [8, 0, 8]},
			"faces": {
				"west": {"uv": [9.75, 14.125, 9.875, 15], "texture": "#0"},
				"up": {"uv": [9.75, 14.125, 9.875, 14.25], "texture": "#0"}
			}
		},
		{
			"from": [14.5, 5, 18],
			"to": [15, 8.5, 18.5],
			"rotation": {"angle": 0, "axis": "y", "origin": [8, 0, 8]},
			"faces": {
				"east": {"uv": [9.875, 14.125, 9.75, 15], "texture": "#0"},
				"up": {"uv": [9.875, 14.125, 9.75, 14.25], "texture": "#0"}
			}
		},
		{
			"from": [1, 5, 15.5],
			"to": [15, 5, 20],
			"rotation": {"angle": 0, "axis": "y", "origin": [8, 0, 8]},
			"faces": {
				"down": {"uv": [0.125, 15.875, 0.25, 16], "texture": "#0"}
			}
		},
		{
			"from": [1, 4, 21],
			"to": [15, 8.5, 25.5],
			"rotation": {"angle": 0, "axis": "y", "origin": [8, 0, 8]},
			"faces": {
				"east": {"uv": [11.625, 14.125, 10.5, 15.25], "texture": "#0"},
				"south": {"uv": [0, 9, 3.5, 10.125], "rotation": 180, "texture": "#0"},
				"west": {"uv": [10.5, 14.125, 11.625, 15.25], "texture": "#0"},
				"up": {"uv": [0, 10.125, 3.5, 11.25], "rotation": 180, "texture": "#0"}
			}
		},
		{
			"from": [1, 3, 23.00001],
			"to": [15, 4, 23.08636],
			"rotation": {"angle": 0, "axis": "y", "origin": [8, 3.5, 23]},
			"faces": {
				"east": {"uv": [10.875, 15.25, 11, 15.5], "texture": "#0"},
				"west": {"uv": [10.875, 15.25, 11, 15.5], "texture": "#0"},
				"down": {"uv": [0.125, 15.875, 0.25, 16], "texture": "#0"}
			}
		},
		{
			"from": [1, 3, 21.00001],
			"to": [15, 4, 23.00001],
			"rotation": {"angle": 0, "axis": "y", "origin": [8, 3.5, 23]},
			"faces": {
				"north": {"uv": [0.125, 15.875, 0.25, 16], "texture": "#0"},
				"east": {"uv": [11, 15.25, 10.5, 15.5], "texture": "#0"},
				"west": {"uv": [10.5, 15.25, 11, 15.5], "texture": "#0"},
				"down": {"uv": [0.125, 15.875, 0.25, 16], "texture": "#0"}
			}
		},
		{
			"from": [1.005, 4, 22.8875],
			"to": [14.995, 5, 25.5],
			"rotation": {"angle": -22.5, "axis": "x", "origin": [8, 4, 25.5]},
			"faces": {
				"east": {"uv": [11.625, 15.25, 11, 15.5], "texture": "#0"},
				"west": {"uv": [11, 15.25, 11.625, 15.5], "texture": "#0"},
				"down": {"uv": [0, 8.375, 3.5, 9], "rotation": 180, "texture": "#0"}
			}
		},
		{
			"from": [1, 4, 1.5],
			"to": [1.5, 8.5, 14.5],
			"rotation": {"angle": 0, "axis": "y", "origin": [8, 0, 8]},
			"faces": {
				"west": {"uv": [5.625, 14.125, 8.875, 15.25], "texture": "#0"},
				"up": {"uv": [5.625, 14.125, 8.875, 14.25], "rotation": 90, "texture": "#0"}
			}
		},
		{
			"from": [14.5, 4, 1.5],
			"to": [15, 8.5, 14.5],
			"rotation": {"angle": 0, "axis": "y", "origin": [8, 0, 8]},
			"faces": {
				"east": {"uv": [8.875, 14.125, 5.625, 15.25], "texture": "#0"},
				"up": {"uv": [5.625, 14.25, 8.875, 14.125], "rotation": 90, "texture": "#0"}
			}
		},
		{
			"from": [1.5, 8.5, 5],
			"to": [14.5, 12.5, 16.5],
			"rotation": {"angle": 0, "axis": "y", "origin": [8, 10.5, 10.5]},
			"faces": {
				"east": {"uv": [3.25, 7, 4.25, 4.125], "rotation": 90, "texture": "#0"},
				"west": {"uv": [3.25, 4.125, 4.25, 7], "rotation": 90, "texture": "#0"},
				"up": {"uv": [0, 4.125, 3.25, 7], "rotation": 180, "texture": "#0"}
			}
		},
		{
			"from": [1.5, 8.5, 1.5],
			"to": [14.5, 12.5, 5],
			"rotation": {"angle": 0, "axis": "y", "origin": [8, 10.5, 10.5]},
			"faces": {
				"east": {"uv": [3.5, 9.25, 4.5, 8.375], "rotation": 90, "texture": "#0"},
				"west": {"uv": [3.5, 8.375, 4.5, 9.25], "rotation": 90, "texture": "#0"}
			}
		},
		{
			"from": [1.505, 8.1625, 13.5],
			"to": [14.495, 12.5, 16.5],
			"rotation": {"angle": -22.5, "axis": "x", "origin": [8, 12.5, 16.5]},
			"faces": {
				"east": {"uv": [4, 3, 3.25, 4.125], "rotation": 180, "texture": "#0"},
				"south": {"uv": [0, 3, 3.25, 4.125], "rotation": 180, "texture": "#0"},
				"west": {"uv": [3.25, 3, 4, 4.125], "rotation": 180, "texture": "#0"}
			}
		},
		{
			"from": [1.505, 6.8375, 5],
			"to": [14.495, 12.5, 8],
			"rotation": {"angle": 45, "axis": "x", "origin": [8, 12.5, 5]},
			"faces": {
				"north": {"uv": [0, 7, 3.25, 8.375], "texture": "#0"},
				"east": {"uv": [4, 7, 3.25, 8.375], "texture": "#0"},
				"west": {"uv": [3.25, 7, 4, 8.375], "texture": "#0"}
			}
		},
		{
			"from": [1.5, 12.5, 1.5],
			"to": [14.5, 8.5, 5],
			"rotation": {"angle": 0, "axis": "y", "origin": [8, 10.5, 10.5]},
			"faces": {
				"east": {"uv": [8.75, 9.25, 7.75, 8.375], "rotation": 90, "texture": "#0"},
				"west": {"uv": [8.75, 8.375, 7.75, 9.25], "rotation": 90, "texture": "#0"}
			}
		},
		{
			"from": [1.495, 6.8375, 8],
			"to": [14.505, 12.5, 5],
			"rotation": {"angle": 45, "axis": "x", "origin": [8, 12.5, 5]},
			"faces": {
				"east": {"uv": [7.5, 7, 8.25, 8.375], "texture": "#0"},
				"south": {"uv": [7.5, 7, 4.25, 8.375], "texture": "#0"},
				"west": {"uv": [8.25, 7, 7.5, 8.375], "texture": "#0"}
			}
		},
		{
			"from": [1.5, 12.5, 5],
			"to": [14.5, 8.5, 16.5],
			"rotation": {"angle": 0, "axis": "y", "origin": [8, 10.5, 10.5]},
			"faces": {
				"east": {"uv": [8.5, 7, 7.5, 4.125], "rotation": 90, "texture": "#0"},
				"west": {"uv": [8.5, 4.125, 7.5, 7], "rotation": 90, "texture": "#0"},
				"down": {"uv": [4.25, 7, 7.5, 4.125], "rotation": 180, "texture": "#0"}
			}
		},
		{
			"from": [1.5, 8.5, 1.5],
			"to": [14.5, 4, 14.5],
			"rotation": {"angle": 0, "axis": "y", "origin": [8, 10.5, 10.5]},
			"faces": {
				"east": {"uv": [8.875, 13.75, 5.625, 12.625], "texture": "#0"},
				"west": {"uv": [5.625, 13.75, 8.875, 12.625], "texture": "#0"}
			}
		},
		{
			"from": [1.9125, 4, 1.5],
			"to": [14.0875, 3, 14.5],
			"rotation": {"angle": 0, "axis": "y", "origin": [8, 10.5, 10.5]},
			"faces": {
				"north": {"uv": [0.125, 15.875, 0.25, 16], "texture": "#0"},
				"south": {"uv": [0.125, 15.875, 0.25, 16], "texture": "#0"},
				"up": {"uv": [0.125, 15.875, 0.25, 16], "texture": "#0"}
			}
		},
		{
			"from": [7, 3, 1.5],
			"to": [9, 4, 11],
			"rotation": {"angle": 0, "axis": "y", "origin": [8, 10.5, 10.5]},
			"faces": {
				"east": {"uv": [0, 1.5, 2.375, 1.75], "texture": "#0"},
				"west": {"uv": [2.375, 1.5, 0, 1.75], "texture": "#0"},
				"up": {"uv": [0, 1.125, 2.375, 1.625], "rotation": 270, "texture": "#0"}
			}
		},
		{
			"from": [3, 7, 2],
			"to": [6, 8.5, 2.5],
			"rotation": {"angle": 0, "axis": "y", "origin": [8, 10.5, 10.5]},
			"faces": {
				"east": {"uv": [3.875, 0, 4, 0.375], "texture": "#0"},
				"south": {"uv": [4, 0, 4.75, 0.375], "texture": "#0"},
				"west": {"uv": [3.25, 0, 3.375, 0.375], "texture": "#0"},
				"up": {"uv": [3.25, 0, 4, 0.125], "texture": "#0"}
			}
		},
		{
			"from": [7.75, 3, 6],
			"to": [7.75, 4, 9],
			"rotation": {"angle": 22.5, "axis": "x", "origin": [7.75, 4, 9]},
			"faces": {
				"east": {"uv": [14.375, 1, 15.125, 1.25], "texture": "#0"},
				"west": {"uv": [15.125, 1, 14.375, 1.25], "texture": "#0"}
			}
		},
		{
			"from": [8, 4, 4],
			"to": [8, 6.5, 5.5],
			"rotation": {"angle": 0, "axis": "y", "origin": [7.75, 4, 9]},
			"faces": {
				"east": {"uv": [15.5, 0.875, 15.875, 1.5], "texture": "#0"},
				"west": {"uv": [15.875, 0.875, 15.5, 1.5], "texture": "#0"}
			}
		},
		{
			"from": [2, 3, 11],
			"to": [14, 5, 14.5],
			"rotation": {"angle": 0, "axis": "y", "origin": [8, 10.5, 9.5]},
			"faces": {
				"north": {"uv": [7.75, 0.875, 10.75, 1.375], "texture": "#0"},
				"east": {"uv": [0.125, 15.875, 0.25, 16], "texture": "#0"},
				"west": {"uv": [0.125, 15.875, 0.25, 16], "texture": "#0"},
				"up": {"uv": [7.75, 0, 10.75, 0.875], "texture": "#0"}
			}
		},
		{
			"from": [2, 3, 5],
			"to": [7, 5, 9.5],
			"rotation": {"angle": 0, "axis": "y", "origin": [8, 10.5, 10.5]},
			"faces": {
				"north": {"uv": [1.125, 1.75, 1.625, 3], "rotation": 90, "texture": "#0"},
				"east": {"uv": [6.125, 2.5, 5, 3], "texture": "#0"},
				"south": {"uv": [3.25, 1.75, 3.75, 3], "rotation": 90, "texture": "#0"},
				"west": {"uv": [5, 2.5, 6.125, 3], "texture": "#0"},
				"up": {"uv": [0, 1.75, 1.125, 3], "rotation": 90, "texture": "#0"}
			}
		},
		{
			"from": [2.75, 5.75, 3.75],
			"to": [6.25, 9.25, 3.75],
			"rotation": {"angle": -22.5, "axis": "x", "origin": [4.5, 7.5, 3.75]},
			"faces": {
				"north": {"uv": [16, 1.5, 15.125, 2.375], "texture": "#0"},
				"south": {"uv": [15.125, 1.5, 16, 2.375], "texture": "#0"}
			}
		},
		{
			"from": [4.25, 7.25, 2.25],
			"to": [4.75, 7.75, 3.75],
			"rotation": {"angle": -22.5, "axis": "x", "origin": [4.5, 7.5, 3.75]},
			"faces": {
				"east": {"uv": [15.875, 0.75, 16, 1.125], "rotation": 90, "texture": "#0"},
				"west": {"uv": [15.875, 1.125, 16, 0.75], "rotation": 90, "texture": "#0"},
				"up": {"uv": [15.875, 0.75, 16, 1.125], "texture": "#0"},
				"down": {"uv": [15.875, 1.125, 16, 0.75], "texture": "#0"}
			}
		},
		{
			"from": [4.75, 7.25, 3.25],
			"to": [6.75, 7.75, 3.25],
			"rotation": {"angle": -22.5, "axis": "x", "origin": [4.5, 7.5, 3.75]},
			"faces": {
				"north": {"uv": [15.875, 2.875, 16, 2.375], "rotation": 90, "texture": "#0"},
				"south": {"uv": [15.875, 2.375, 16, 2.875], "rotation": 90, "texture": "#0"}
			}
		},
		{
			"from": [2.005, 4, 8],
			"to": [6.995, 9, 9.5],
			"rotation": {"angle": 22.5, "axis": "x", "origin": [4.5, 4, 9.5]},
			"faces": {
				"north": {"uv": [1.625, 1.75, 2.875, 3], "rotation": 90, "texture": "#0"},
				"east": {"uv": [5, 2.5, 6.25, 2.125], "rotation": 90, "texture": "#0"},
				"south": {"uv": [3.75, 1.75, 5, 3], "rotation": 90, "texture": "#0"},
				"west": {"uv": [5, 2.125, 6.25, 2.5], "rotation": 90, "texture": "#0"},
				"up": {"uv": [2.875, 1.75, 3.25, 3], "rotation": 90, "texture": "#0"}
			}
		},
		{
			"from": [9, 3, 5],
			"to": [14, 5, 9.5],
			"rotation": {"angle": 0, "axis": "y", "origin": [8, 10.5, 10.5]},
			"faces": {
				"north": {"uv": [1.125, 3, 1.625, 1.75], "rotation": 90, "texture": "#0"},
				"east": {"uv": [6.125, 2.5, 5, 3], "texture": "#0"},
				"south": {"uv": [3.25, 3, 3.75, 1.75], "rotation": 90, "texture": "#0"},
				"west": {"uv": [5, 2.5, 6.125, 3], "texture": "#0"},
				"up": {"uv": [0, 3, 1.125, 1.75], "rotation": 90, "texture": "#0"}
			}
		},
		{
			"from": [9.005, 4, 8],
			"to": [13.995, 9, 9.5],
			"rotation": {"angle": 22.5, "axis": "x", "origin": [11.5, 4, 9.5]},
			"faces": {
				"north": {"uv": [1.625, 3, 2.875, 1.75], "rotation": 90, "texture": "#0"},
				"east": {"uv": [5, 2.5, 6.25, 2.125], "rotation": 90, "texture": "#0"},
				"south": {"uv": [3.75, 3, 5, 1.75], "rotation": 90, "texture": "#0"},
				"west": {"uv": [5, 2.125, 6.25, 2.5], "rotation": 90, "texture": "#0"},
				"up": {"uv": [2.875, 3, 3.25, 1.75], "rotation": 90, "texture": "#0"}
			}
		},
		{
			"from": [2.005, 4, 14],
			"to": [13.995, 9, 14.5],
			"rotation": {"angle": 22.5, "axis": "x", "origin": [4.5, 4, 15.5]},
			"faces": {
				"north": {"uv": [7.75, 1.375, 10.75, 2.625], "texture": "#0"},
				"east": {"uv": [7.75, 1.375, 7.875, 2.625], "texture": "#0"},
				"west": {"uv": [10.625, 1.375, 10.75, 2.625], "texture": "#0"},
				"up": {"uv": [10.75, 1.375, 7.75, 1.5], "texture": "#0"}
			}
		},
		{
			"from": [2, 8, 14.5],
			"to": [14, 9, 15.5],
			"rotation": {"angle": 22.5, "axis": "x", "origin": [4.5, 4, 15.5]},
			"faces": {
				"east": {"uv": [7.75, 0, 7.5, 0.25], "texture": "#0"},
				"south": {"uv": [7.75, 2.75, 10.75, 2.875], "texture": "#0"},
				"west": {"uv": [7.5, 0, 7.75, 0.25], "texture": "#0"},
				"up": {"uv": [7.75, 2.625, 10.75, 2.875], "texture": "#0"}
			}
		},
		{
			"from": [1, 4, 1.5],
			"to": [15, 6.15, 1.5],
			"rotation": {"angle": 0, "axis": "y", "origin": [8, 10.5, 10.5]},
			"faces": {
				"south": {"uv": [0.125, 15.875, 0.25, 16], "texture": "#0"}
			}
		},
		{
			"from": [1.5, 8.5, 1],
			"to": [14.5, 8.5, 2],
			"rotation": {"angle": 0, "axis": "y", "origin": [8, 7.5, 1.5]},
			"faces": {
				"up": {"uv": [0, 0, 3.25, 0.25], "texture": "#0"}
			}
		},
		{
			"from": [1.5, 6.5, 0.625],
			"to": [14.5, 8.5, 2],
			"rotation": {"angle": -22.5, "axis": "x", "origin": [8, 8.5, 2]},
			"faces": {
				"south": {"uv": [0, 0.25, 3.25, 0.75], "texture": "#0"},
				"down": {"uv": [0, 0.75, 3.25, 1.125], "texture": "#0"}
			}
		},
		{
			"from": [1.5, 8.5, 14.5],
			"to": [14.5, 5, 18],
			"rotation": {"angle": 0, "axis": "y", "origin": [8, 10.5, 10.5]},
			"faces": {
				"east": {"uv": [9.75, 13.5, 8.875, 12.625], "texture": "#0"},
				"west": {"uv": [8.875, 13.5, 9.75, 12.625], "texture": "#0"}
			}
		},
		{
			"from": [1.495, 8.1625, 16.5],
			"to": [14.505, 12.5, 13.5],
			"rotation": {"angle": -22.5, "axis": "x", "origin": [8, 12.5, 16.5]},
			"faces": {
				"north": {"uv": [7.5, 3, 4.25, 4.125], "rotation": 180, "texture": "#0"},
				"east": {"uv": [7.5, 3, 8.25, 4.125], "rotation": 180, "texture": "#0"},
				"west": {"uv": [8.25, 3, 7.5, 4.125], "rotation": 180, "texture": "#0"}
			}
		},
		{
			"from": [14.51577, 2.91076, 1.5],
			"to": [13.51577, 3.99686, 14.5],
			"rotation": {"angle": -22.5, "axis": "z", "origin": [14.51577, 4.03806, 8]},
			"faces": {
				"north": {"uv": [0.25, 15.875, 0.125, 16], "texture": "#0"},
				"south": {"uv": [0.25, 15.875, 0.125, 16], "texture": "#0"},
				"west": {"uv": [5.625, 13.75, 8.875, 14], "texture": "#0"}
			}
		},
		{
			"from": [2.48423, 2.91076, 1.5],
			"to": [1.48423, 3.99686, 14.5],
			"rotation": {"angle": 22.5, "axis": "z", "origin": [1.48423, 4.03806, 8]},
			"faces": {
				"north": {"uv": [0.125, 15.875, 0.25, 16], "texture": "#0"},
				"east": {"uv": [8.875, 13.75, 5.625, 14], "texture": "#0"},
				"south": {"uv": [0.125, 15.875, 0.25, 16], "texture": "#0"}
			}
		},
		{
			"from": [1.5, 8.5, 16.15],
			"to": [14.5, 8.5, 18.15],
			"rotation": {"angle": 0, "axis": "y", "origin": [8, 0, 8]},
			"faces": {
				"up": {"uv": [0.125, 15.875, 0.25, 16], "texture": "#0"}
			}
		},
		{
			"from": [1.5, 4.15746, 16.22208],
			"to": [14.5, 8.49496, 16.22208],
			"rotation": {"angle": 22.5, "axis": "x", "origin": [8, 8.65746, 16.22208]},
			"faces": {
				"north": {"uv": [0.125, 15.875, 0.25, 16], "texture": "#0"}
			}
		},
		{
			"from": [1.5, 4, 14.5],
			"to": [14.5, 4.5, 14.5],
			"rotation": {"angle": 0, "axis": "y", "origin": [8, 8.5, 16.5]},
			"faces": {
				"north": {"uv": [0.125, 15.875, 0.25, 16], "texture": "#0"}
			}
		},
		{
			"from": [1.62132, 2.49999, 1.5],
			"to": [14.37872, 3.99999, 14.5],
			"rotation": {"angle": 0, "axis": "y", "origin": [7.79287, -0.00001, 8]},
			"faces": {
				"north": {"uv": [0.125, 15.875, 0.25, 16], "texture": "#0"},
				"south": {"uv": [0.125, 15.875, 0.25, 16], "texture": "#0"},
				"down": {"uv": [12.75, 10.625, 16, 13.875], "texture": "#0"}
			}
		},
		{
			"from": [1.00002, 3.99999, 1.5],
			"to": [15.00002, 4.49999, 1.5],
			"rotation": {"angle": 0, "axis": "y", "origin": [7.79287, -0.00001, 8]},
			"faces": {
				"north": {"uv": [0.125, 15.875, 0.25, 16], "texture": "#0"}
			}
		},
		{
			"from": [0.98423, 2.37326, 1.5],
			"to": [1.98423, 3.99686, 14.5],
			"rotation": {"angle": 22.5, "axis": "z", "origin": [0.98423, 4.03806, 8]},
			"faces": {
				"north": {"uv": [0.125, 15.875, 0.25, 16], "texture": "#0"},
				"south": {"uv": [0.125, 15.875, 0.25, 16], "texture": "#0"},
				"west": {"uv": [5.625, 15.25, 8.875, 15.625], "texture": "#0"}
			}
		},
		{
			"from": [19.01577, 2.37326, 1.5],
			"to": [20.01577, 3.99686, 14.5],
			"rotation": {"angle": -22.5, "axis": "z", "origin": [20.01577, 4.03806, 8]},
			"faces": {
				"north": {"uv": [0.25, 15.875, 0.125, 16], "texture": "#0"},
				"east": {"uv": [8.875, 15.25, 5.625, 15.625], "texture": "#0"},
				"south": {"uv": [0.25, 15.875, 0.125, 16], "texture": "#0"}
			}
		},
		{
			"from": [1, 2.9176, -6.995],
			"to": [1.5, 4, -5],
			"rotation": {"angle": 22.5, "axis": "z", "origin": [1, 4, -6]},
			"faces": {
				"north": {"uv": [3.375, 15.25, 3.5, 15.5], "texture": "#0"},
				"south": {"uv": [0.125, 15.875, 0.25, 16], "texture": "#0"},
				"west": {"uv": [3.5, 15.25, 4, 15.5], "texture": "#0"}
			}
		},
		{
			"from": [1, 4, -7],
			"to": [15, 8.5, -5],
			"rotation": {"angle": 0, "axis": "y", "origin": [8, 0, 8]},
			"faces": {
				"north": {"uv": [0, 14.125, 3.5, 15.25], "texture": "#0"},
				"east": {"uv": [4, 14.125, 3.5, 15.25], "texture": "#0"},
				"south": {"uv": [0.125, 15.875, 0.25, 16], "texture": "#0"},
				"west": {"uv": [3.5, 14.125, 4, 15.25], "texture": "#0"},
				"up": {"uv": [0, 13.625, 3.5, 14.125], "rotation": 180, "texture": "#0"}
			}
		},
		{
			"from": [1, 4, -8],
			"to": [15, 5, -7],
			"rotation": {"angle": 0, "axis": "y", "origin": [8, 0, 8]},
			"faces": {
				"north": {"uv": [0, 15.625, 3.5, 15.875], "texture": "#0"},
				"east": {"uv": [3.75, 15.75, 3.5, 16], "texture": "#0"},
				"west": {"uv": [3.5, 15.75, 3.75, 16], "texture": "#0"},
				"up": {"uv": [0, 15.5, 3.5, 15.75], "rotation": 180, "texture": "#0"},
				"down": {"uv": [0, 15.75, 3.5, 16], "rotation": 180, "texture": "#0"}
			}
		},
		{
			"from": [5.5, 3, -8.0125],
			"to": [10.5, 4.5, -8.0125],
			"rotation": {"angle": 0, "axis": "y", "origin": [8, 0, 8]},
			"faces": {
				"north": {"uv": [10.75, 0, 12, 0.375], "texture": "#0"},
				"south": {"uv": [10.75, 0.375, 12, 0.75], "texture": "#0"}
			}
		},
		{
			"from": [1, 4, 25.5],
			"to": [15, 5, 26],
			"rotation": {"angle": 0, "axis": "y", "origin": [8, 0, 8]},
			"faces": {
				"east": {"uv": [0, 9, 0.125, 9.25], "rotation": 180, "texture": "#0"},
				"south": {"uv": [0, 9, 3.5, 9.25], "rotation": 180, "texture": "#0"},
				"west": {"uv": [3.375, 9, 3.5, 9.25], "rotation": 180, "texture": "#0"},
				"up": {"uv": [0, 9.125, 3.5, 9.25], "rotation": 180, "texture": "#0"},
				"down": {"uv": [0, 9, 3.5, 9.125], "rotation": 180, "texture": "#0"}
			}
		},
		{
			"from": [2, 6, 25.5],
			"to": [3, 7, 26],
			"rotation": {"angle": 0, "axis": "y", "origin": [8, 0, 8]},
			"faces": {
				"east": {"uv": [13.25, 1, 13.375, 1.25], "rotation": 180, "texture": "#0"},
				"south": {"uv": [13.25, 1, 13.5, 1.25], "rotation": 180, "texture": "#0"},
				"west": {"uv": [13.375, 1, 13.5, 1.25], "rotation": 180, "texture": "#0"},
				"up": {"uv": [13.25, 1.125, 13.5, 1.25], "rotation": 180, "texture": "#0"},
				"down": {"uv": [13.25, 1, 13.5, 1.125], "rotation": 180, "texture": "#0"}
			}
		},
		{
			"from": [13, 6, 25.5],
			"to": [14, 7, 26],
			"rotation": {"angle": 0, "axis": "y", "origin": [8, 0, 8]},
			"faces": {
				"east": {"uv": [13.25, 1, 13.375, 1.25], "rotation": 180, "texture": "#0"},
				"south": {"uv": [13.25, 1, 13.5, 1.25], "rotation": 180, "texture": "#0"},
				"west": {"uv": [13.375, 1, 13.5, 1.25], "rotation": 180, "texture": "#0"},
				"up": {"uv": [13.25, 1.125, 13.5, 1.25], "rotation": 180, "texture": "#0"},
				"down": {"uv": [13.25, 1, 13.5, 1.125], "rotation": 180, "texture": "#0"}
			}
		},
		{
			"from": [1.5, 5.5, 25.5],
			"to": [5, 7, 26],
			"rotation": {"angle": 0, "axis": "y", "origin": [8, 0, 8]},
			"faces": {
				"east": {"uv": [15, 0.5, 15.125, 0.875], "rotation": 180, "texture": "#0"},
				"south": {"uv": [13.5, 1, 14.375, 1.375], "rotation": 180, "texture": "#0"},
				"west": {"uv": [15.75, 0.5, 15.875, 0.875], "rotation": 180, "texture": "#0"},
				"up": {"uv": [15, 0.75, 15.875, 0.875], "rotation": 180, "texture": "#0"},
				"down": {"uv": [15, 0.5, 15.875, 0.625], "rotation": 180, "texture": "#0"}
			}
		},
		{
			"from": [11, 5.5, 25.5],
			"to": [14.5, 7, 26],
			"rotation": {"angle": 0, "axis": "y", "origin": [8, 0, 8]},
			"faces": {
				"east": {"uv": [15.875, 0.5, 15.75, 0.875], "rotation": 180, "texture": "#0"},
				"south": {"uv": [14.375, 1, 13.5, 1.375], "rotation": 180, "texture": "#0"},
				"west": {"uv": [15.125, 0.5, 15, 0.875], "rotation": 180, "texture": "#0"},
				"up": {"uv": [15.875, 0.75, 15, 0.875], "rotation": 180, "texture": "#0"},
				"down": {"uv": [15.875, 0.5, 15, 0.625], "rotation": 180, "texture": "#0"}
			}
		},
		{
			"from": [1.5, 5.25, -7.5],
			"to": [3.5, 7.25, -7],
			"rotation": {"angle": 0, "axis": "y", "origin": [8, 0, 8]},
			"faces": {
				"north": {"uv": [15.5, 0, 16, 0.5], "texture": "#0"},
				"east": {"uv": [15, 0, 15.125, 0.5], "texture": "#0"},
				"west": {"uv": [15.375, 0, 15.5, 0.5], "texture": "#0"},
				"up": {"uv": [15, 0, 15.5, 0.125], "rotation": 180, "texture": "#0"},
				"down": {"uv": [15, 0.375, 15.5, 0.5], "rotation": 180, "texture": "#0"}
			}
		},
		{
			"from": [12.5, 5.25, -7.5],
			"to": [14.5, 7.25, -7],
			"rotation": {"angle": 0, "axis": "y", "origin": [8, 0, 8]},
			"faces": {
				"north": {"uv": [15.5, 0, 16, 0.5], "texture": "#0"},
				"east": {"uv": [15.5, 0, 15.375, 0.5], "texture": "#0"},
				"west": {"uv": [15.125, 0, 15, 0.5], "texture": "#0"},
				"up": {"uv": [15.5, 0, 15, 0.125], "rotation": 180, "texture": "#0"},
				"down": {"uv": [15.5, 0.375, 15, 0.5], "rotation": 180, "texture": "#0"}
			}
		},
		{
			"from": [2, 6, -7.5],
			"to": [14, 7, -7.5],
			"rotation": {"angle": 0, "axis": "y", "origin": [8, 0, 8]},
			"faces": {
				"north": {"uv": [12, 0.375, 15, 0.625], "texture": "#0"}
			}
		},
		{
			"from": [2, 7, -7.5],
			"to": [14, 8.5, -7.5],
			"rotation": {"angle": 22.5, "axis": "x", "origin": [8, 7, -7.5]},
			"faces": {
				"north": {"uv": [12, 0, 15, 0.375], "texture": "#0"}
			}
		},
		{
			"from": [2, 4.5, -7.5],
			"to": [14, 6, -7.5],
			"rotation": {"angle": -22.5, "axis": "x", "origin": [8, 6, -7.5]},
			"faces": {
				"north": {"uv": [12, 0.625, 15, 1], "texture": "#0"}
			}
		},
		{
			"from": [1.41422, 2.99999, -7],
			"to": [1.50002, 3.99999, -5],
			"rotation": {"angle": 0, "axis": "y", "origin": [7.50172, -0.00001, 8]},
			"faces": {
				"north": {"uv": [3.25, 15.25, 3.375, 15.5], "texture": "#0"},
				"down": {"uv": [0.125, 15.875, 0.25, 16], "texture": "#0"}
			}
		},
		{
			"from": [14.49998, 2.99999, -7],
			"to": [14.58578, 3.99999, -5],
			"rotation": {"angle": 0, "axis": "y", "origin": [8.49828, -0.00001, 8]},
			"faces": {
				"north": {"uv": [3.375, 15.25, 3.25, 15.5], "texture": "#0"},
				"down": {"uv": [0.25, 15.875, 0.125, 16], "texture": "#0"}
			}
		},
		{
			"from": [14.5, 2.9176, -6.995],
			"to": [15, 4, -5],
			"rotation": {"angle": -22.5, "axis": "z", "origin": [15, 4, -6]},
			"faces": {
				"north": {"uv": [3.5, 15.25, 3.375, 15.5], "texture": "#0"},
				"east": {"uv": [4, 15.25, 3.5, 15.5], "texture": "#0"},
				"south": {"uv": [0.125, 15.875, 0.25, 16], "texture": "#0"}
			}
		},
		{
			"from": [1.50002, 2.99999, -7],
			"to": [14.50002, 3.99999, -5],
			"rotation": {"angle": 0, "axis": "y", "origin": [7.50172, -0.00001, 8]},
			"faces": {
				"north": {"uv": [0.125, 15.25, 3.375, 15.5], "texture": "#0"},
				"down": {"uv": [0.125, 15.875, 0.25, 16], "texture": "#0"}
			}
		},
		{
			"from": [0.5, 8.25, 8],
			"to": [1, 8.25, 10],
			"rotation": {"angle": 0, "axis": "y", "origin": [8, 0, 8]},
			"faces": {
				"up": {"uv": [15, 0.875, 15.5, 1], "rotation": 90, "texture": "#0"},
				"down": {"uv": [15.5, 0.875, 15, 1], "rotation": 90, "texture": "#0"}
			}
		},
		{
			"from": [15, 8.25, 8],
			"to": [15.5, 8.25, 10],
			"rotation": {"angle": 0, "axis": "y", "origin": [8, 0, 8]},
			"faces": {
				"up": {"uv": [15, 1, 15.5, 0.875], "rotation": 90, "texture": "#0"},
				"down": {"uv": [15.5, 1, 15, 0.875], "rotation": 90, "texture": "#0"}
			}
		},
		{
			"from": [-0.5, 9, 2.5],
			"to": [1, 10, 3],
			"rotation": {"angle": 22.5, "axis": "y", "origin": [1, 9, 2.5]},
			"faces": {
				"north": {"uv": [15.125, 1, 15.5, 1.25], "texture": "#0"},
				"east": {"uv": [15.125, 1, 15.25, 1.25], "texture": "#0"},
				"south": {"uv": [15.125, 1.25, 15.5, 1.5], "texture": "#0"},
				"west": {"uv": [15.375, 1, 15.5, 1.25], "texture": "#0"},
				"up": {"uv": [15.5, 1, 15.125, 1.125], "texture": "#0"},
				"down": {"uv": [15.5, 1.125, 15.125, 1.25], "texture": "#0"}
			}
		},
		{
			"from": [-0.5, 9, 2.5],
			"to": [1, 10, 3],
			"rotation": {"angle": 22.5, "axis": "y", "origin": [1, 9, 2.5]},
			"faces": {
				"north": {"uv": [15.125, 1, 15.5, 1.25], "texture": "#0"},
				"east": {"uv": [15.125, 1, 15.25, 1.25], "texture": "#0"},
				"south": {"uv": [15.125, 1.25, 15.5, 1.5], "texture": "#0"},
				"west": {"uv": [15.375, 1, 15.5, 1.25], "texture": "#0"},
				"up": {"uv": [15.5, 1, 15.125, 1.125], "texture": "#0"},
				"down": {"uv": [15.5, 1.125, 15.125, 1.25], "texture": "#0"}
			}
		},
		{
			"from": [0.5, 8.5, 2.5],
			"to": [1, 9, 2.5],
			"rotation": {"angle": 22.5, "axis": "y", "origin": [1, 9, 2.5]},
			"faces": {
				"north": {"uv": [15.875, 0.5, 16, 0.625], "texture": "#0"},
				"south": {"uv": [15.875, 0.5, 16, 0.625], "texture": "#0"}
			}
		},
		{
			"from": [1, 8.5, 2.5],
			"to": [1.5, 9, 2.5],
			"rotation": {"angle": 0, "axis": "y", "origin": [1, 9, 2.5]},
			"faces": {
				"north": {"uv": [15.875, 0.625, 16, 0.75], "texture": "#0"},
				"south": {"uv": [15.875, 0.625, 16, 0.75], "texture": "#0"}
			}
		},
		{
			"from": [14.5, 8.5, 2.5],
			"to": [15, 9, 2.5],
			"rotation": {"angle": 0, "axis": "y", "origin": [15, 9, 2.5]},
			"faces": {
				"north": {"uv": [16, 0.625, 15.875, 0.75], "texture": "#0"},
				"south": {"uv": [16, 0.625, 15.875, 0.75], "texture": "#0"}
			}
		},
		{
			"from": [15, 8.5, 2.5],
			"to": [15.5, 9, 2.5],
			"rotation": {"angle": -22.5, "axis": "y", "origin": [15, 9, 2.5]},
			"faces": {
				"north": {"uv": [16, 0.5, 15.875, 0.625], "texture": "#0"},
				"south": {"uv": [16, 0.5, 15.875, 0.625], "texture": "#0"}
			}
		},
		{
			"from": [15, 9, 2.5],
			"to": [16.5, 10, 3],
			"rotation": {"angle": -22.5, "axis": "y", "origin": [15, 9, 2.5]},
			"faces": {
				"north": {"uv": [15.5, 1, 15.125, 1.25], "texture": "#0"},
				"east": {"uv": [15.5, 1, 15.375, 1.25], "texture": "#0"},
				"south": {"uv": [15.5, 1.25, 15.125, 1.5], "texture": "#0"},
				"west": {"uv": [15.25, 1, 15.125, 1.25], "texture": "#0"},
				"up": {"uv": [15.125, 1, 15.5, 1.125], "texture": "#0"},
				"down": {"uv": [15.125, 1.125, 15.5, 1.25], "texture": "#0"}
			}
		},
		{
			"from": [1, 6, -5],
			"to": [15, 8.5, 1.5],
			"rotation": {"angle": 0, "axis": "y", "origin": [8, 0, 8]},
			"faces": {
				"east": {"uv": [5.625, 14.125, 4, 14.75], "texture": "#1", "tintindex": 0},
				"west": {"uv": [4, 14.125, 5.625, 14.75], "texture": "#1", "tintindex": 0},
				"up": {"uv": [0, 12, 3.5, 13.625], "rotation": 180, "texture": "#1", "tintindex": 0},
				"down": {"uv": [0.125, 15.875, 0.25, 16], "texture": "#1", "tintindex": 0}
			}
		},
		{
			"from": [4, 2.5, -5],
			"to": [12, 6, 1.5],
			"rotation": {"angle": 0, "axis": "y", "origin": [8, 0, 8]},
			"faces": {
				"east": {"uv": [0.125, 15.875, 0.25, 16], "texture": "#1", "tintindex": 0},
				"west": {"uv": [0.125, 15.875, 0.25, 16], "texture": "#1", "tintindex": 0},
				"down": {"uv": [14, 9, 16, 10.625], "texture": "#1", "tintindex": 0}
			}
		},
		{
			"from": [2.5, 2.25, -2.25],
			"to": [13.5, 3.25, -1.25],
			"rotation": {"angle": 0, "axis": "y", "origin": [8, 0, 8]},
			"faces": {
				"north": {"uv": [15.875, 1.125, 16, 1.25], "texture": "#1", "tintindex": 0},
				"east": {"uv": [15.875, 1.125, 16, 1.25], "texture": "#1", "tintindex": 0},
				"south": {"uv": [15.875, 1.125, 16, 1.25], "texture": "#1", "tintindex": 0},
				"west": {"uv": [15.875, 1.125, 16, 1.25], "texture": "#1", "tintindex": 0},
				"up": {"uv": [15.875, 1.125, 16, 1.25], "texture": "#1", "tintindex": 0},
				"down": {"uv": [15.875, 1.125, 16, 1.25], "texture": "#1", "tintindex": 0}
			}
		},
		{
			"from": [6.5, 2, -3],
			"to": [9.5, 2.5, -0.5],
			"rotation": {"angle": 0, "axis": "y", "origin": [8, 0, 8]},
			"faces": {
				"north": {"uv": [15.875, 1.25, 16, 1.375], "texture": "#1", "tintindex": 0},
				"east": {"uv": [15.875, 1.25, 16, 1.375], "texture": "#1", "tintindex": 0},
				"south": {"uv": [15.875, 1.25, 16, 1.375], "texture": "#1", "tintindex": 0},
				"west": {"uv": [15.875, 1.25, 16, 1.375], "texture": "#1", "tintindex": 0},
				"down": {"uv": [15.875, 1.25, 16, 1.375], "texture": "#1", "tintindex": 0}
			}
		},
		{
			"from": [5, 2, 15.5],
			"to": [11, 2.5, 20],
			"rotation": {"angle": 0, "axis": "y", "origin": [8, 0, 8]},
			"faces": {
				"north": {"uv": [15.875, 1.25, 16, 1.375], "texture": "#1", "tintindex": 0},
				"east": {"uv": [15.875, 1.25, 16, 1.375], "texture": "#1", "tintindex": 0},
				"south": {"uv": [15.875, 1.25, 16, 1.375], "texture": "#1", "tintindex": 0},
				"west": {"uv": [15.875, 1.25, 16, 1.375], "texture": "#1", "tintindex": 0},
				"down": {"uv": [15.875, 1.25, 16, 1.375], "texture": "#1", "tintindex": 0}
			}
		},
		{
			"from": [9.5, 2.5, 21],
			"to": [11.5, 3.5, 24],
			"rotation": {"angle": 0, "axis": "y", "origin": [8, 0, 8]},
			"faces": {
				"east": {"uv": [7, 0, 6.25, 0.25], "texture": "#1", "tintindex": 0},
				"south": {"uv": [7, 0, 7.5, 0.25], "texture": "#1", "tintindex": 0},
				"west": {"uv": [6.25, 0, 7, 0.25], "texture": "#1", "tintindex": 0},
				"down": {"uv": [6.25, 0.25, 7, 0.75], "rotation": 90, "texture": "#1", "tintindex": 0}
			}
		},
		{
			"from": [10.75, 2.75, 24],
			"to": [11.25, 3.25, 25],
			"rotation": {"angle": 0, "axis": "y", "origin": [8, 0, 8]},
			"faces": {
				"east": {"uv": [15.875, 1.375, 16, 1.625], "rotation": 90, "texture": "#1", "tintindex": 0},
				"south": {"uv": [0.125, 15.875, 0.25, 16], "texture": "#1", "tintindex": 0},
				"west": {"uv": [15.875, 1.625, 16, 1.375], "rotation": 90, "texture": "#1", "tintindex": 0},
				"up": {"uv": [15.875, 1.375, 16, 1.625], "texture": "#1", "tintindex": 0},
				"down": {"uv": [15.875, 1.625, 16, 1.375], "texture": "#1", "tintindex": 0}
			}
		},
		{
			"from": [2.5, 2.25, 17.25],
			"to": [13.5, 3.25, 18.25],
			"rotation": {"angle": 0, "axis": "y", "origin": [8, 0, 8]},
			"faces": {
				"north": {"uv": [15.875, 1.125, 16, 1.25], "texture": "#1", "tintindex": 0},
				"east": {"uv": [15.875, 1.125, 16, 1.25], "texture": "#1", "tintindex": 0},
				"south": {"uv": [15.875, 1.125, 16, 1.25], "texture": "#1", "tintindex": 0},
				"west": {"uv": [15.875, 1.125, 16, 1.25], "texture": "#1", "tintindex": 0},
				"up": {"uv": [15.875, 1.125, 16, 1.25], "texture": "#1", "tintindex": 0},
				"down": {"uv": [15.875, 1.125, 16, 1.25], "texture": "#1", "tintindex": 0}
			}
		},
		{
			"from": [1.5, 3, -5],
			"to": [4, 4, -5],
			"rotation": {"angle": 0, "axis": "y", "origin": [8, 0, 8]},
			"faces": {
				"south": {"uv": [0.125, 15.875, 0.25, 16], "texture": "#1", "tintindex": 0}
			}
		},
		{
			"from": [12, 3, -5],
			"to": [14.5, 4, -5],
			"rotation": {"angle": 0, "axis": "y", "origin": [8, 0, 8]},
			"faces": {
				"south": {"uv": [0.25, 15.875, 0.125, 16], "texture": "#1", "tintindex": 0}
			}
		},
		{
			"from": [4, 2.5, 14.5],
			"to": [12, 5, 21],
			"rotation": {"angle": 0, "axis": "y", "origin": [8, 2.5, 21]},
			"faces": {
				"east": {"uv": [0.125, 15.875, 0.25, 16], "texture": "#1", "tintindex": 0},
				"west": {"uv": [0.125, 15.875, 0.25, 16], "texture": "#1", "tintindex": 0},
				"down": {"uv": [14, 7.375, 16, 9], "texture": "#1", "tintindex": 0}
			}
		},
		{
			"from": [4, 2.5, 21],
			"to": [12, 3, 22.5],
			"rotation": {"angle": -22.5, "axis": "x", "origin": [8, 2.5, 21]},
			"faces": {
				"east": {"uv": [0.125, 15.875, 0.25, 16], "texture": "#1", "tintindex": 0},
				"west": {"uv": [0.125, 15.875, 0.25, 16], "texture": "#1", "tintindex": 0},
				"down": {"uv": [0.125, 15.875, 0.25, 16], "texture": "#1", "tintindex": 0}
			}
		},
		{
			"from": [4, 2.5, -6.5],
			"to": [12, 3, -5],
			"rotation": {"angle": 22.5, "axis": "x", "origin": [8, 2.5, -5]},
			"faces": {
				"east": {"uv": [0.125, 15.875, 0.25, 16], "texture": "#1", "tintindex": 0},
				"west": {"uv": [0.125, 15.875, 0.25, 16], "texture": "#1", "tintindex": 0},
				"down": {"uv": [0.125, 15.875, 0.25, 16], "texture": "#1", "tintindex": 0}
			}
		},
		{
			"from": [1.005, 4.5, 1.5],
			"to": [4, 8, 3],
			"rotation": {"angle": -45, "axis": "x", "origin": [8, 4.5, 1.5]},
			"faces": {
				"north": {"uv": [0.125, 15.875, 0.25, 16], "texture": "#1", "tintindex": 0},
				"west": {"uv": [4.375, 14.75, 4.75, 15.625], "texture": "#1", "tintindex": 0}
			}
		},
		{
			"from": [1.005, 4.5, -6.5],
			"to": [4, 8, -5],
			"rotation": {"angle": 45, "axis": "x", "origin": [8, 4.5, -5]},
			"faces": {
				"south": {"uv": [0.125, 15.875, 0.25, 16], "texture": "#1", "tintindex": 0},
				"west": {"uv": [4, 14.75, 4.375, 15.625], "texture": "#1", "tintindex": 0}
			}
		},
		{
			"from": [12, 4.5, 1.5],
			"to": [14.995, 8, 3],
			"rotation": {"angle": -45, "axis": "x", "origin": [8, 4.5, 1.5]},
			"faces": {
				"north": {"uv": [0.25, 15.875, 0.125, 16], "texture": "#1", "tintindex": 0},
				"east": {"uv": [4.75, 14.75, 4.375, 15.625], "texture": "#1", "tintindex": 0}
			}
		},
		{
			"from": [12, 4.5, -6.5],
			"to": [14.995, 8, -5],
			"rotation": {"angle": 45, "axis": "x", "origin": [8, 4.5, -5]},
			"faces": {
				"east": {"uv": [4.375, 14.75, 4, 15.625], "texture": "#1", "tintindex": 0},
				"south": {"uv": [0.25, 15.875, 0.125, 16], "texture": "#1", "tintindex": 0}
			}
		},
		{
			"from": [1.005, 4, 13],
			"to": [4, 6, 14.5],
			"rotation": {"angle": 45, "axis": "x", "origin": [8, 4, 14.5]},
			"faces": {
				"south": {"uv": [0.125, 15.875, 0.25, 16], "texture": "#1", "tintindex": 0},
				"west": {"uv": [8.875, 15, 9.25, 15.5], "texture": "#1", "tintindex": 0}
			}
		},
		{
			"from": [1.005, 4, 21],
			"to": [4, 6, 22.5],
			"rotation": {"angle": -45, "axis": "x", "origin": [8, 4, 21]},
			"faces": {
				"north": {"uv": [0.125, 15.875, 0.25, 16], "texture": "#1", "tintindex": 0},
				"west": {"uv": [9.25, 15, 9.625, 15.5], "texture": "#1", "tintindex": 0}
			}
		},
		{
			"from": [12, 4, 13],
			"to": [14.995, 6, 14.5],
			"rotation": {"angle": 45, "axis": "x", "origin": [8, 4, 14.5]},
			"faces": {
				"east": {"uv": [9.25, 15, 8.875, 15.5], "texture": "#1", "tintindex": 0},
				"south": {"uv": [0.25, 15.875, 0.125, 16], "texture": "#1", "tintindex": 0}
			}
		},
		{
			"from": [12, 4, 21],
			"to": [14.995, 6, 22.5],
			"rotation": {"angle": -45, "axis": "x", "origin": [8, 4, 21]},
			"faces": {
				"north": {"uv": [0.25, 15.875, 0.125, 16], "texture": "#1", "tintindex": 0},
				"east": {"uv": [9.625, 15, 9.25, 15.5], "texture": "#1", "tintindex": 0}
			}
		},
		{
			"from": [1, 5, 14.5],
			"to": [1.5, 8.5, 18],
			"rotation": {"angle": 0, "axis": "y", "origin": [8, 0, 8]},
			"faces": {
				"west": {"uv": [8.875, 14.125, 9.75, 15], "texture": "#1", "tintindex": 0},
				"up": {"uv": [8.875, 14.125, 9.75, 14.25], "rotation": 90, "texture": "#1", "tintindex": 0}
			}
		},
		{
			"from": [14.5, 5, 14.5],
			"to": [15, 8.5, 18],
			"rotation": {"angle": 0, "axis": "y", "origin": [8, 0, 8]},
			"faces": {
				"east": {"uv": [9.75, 14.125, 8.875, 15], "texture": "#1", "tintindex": 0},
				"up": {"uv": [8.875, 14.25, 9.75, 14.125], "rotation": 90, "texture": "#1", "tintindex": 0}
			}
		},
		{
			"from": [1, 5, 18.5],
			"to": [15, 8.5, 21],
			"rotation": {"angle": 0, "axis": "y", "origin": [8, 0, 8]},
			"faces": {
				"east": {"uv": [10.5, 14.125, 9.875, 15], "texture": "#1", "tintindex": 0},
				"west": {"uv": [9.875, 14.125, 10.5, 15], "texture": "#1", "tintindex": 0},
				"up": {"uv": [0, 11.25, 3.5, 11.875], "rotation": 180, "texture": "#1", "tintindex": 0}
			}
		},
		{
			"from": [1.5, 8.5, 18.15],
			"to": [14.5, 8.5, 18.5],
			"rotation": {"angle": 0, "axis": "y", "origin": [8, 0, 8]},
			"faces": {
				"up": {"uv": [0.125, 11.875, 3.375, 12], "rotation": 180, "texture": "#1", "tintindex": 0}
			}
		},
		{
			"from": [1, 5, 18],
			"to": [1.5, 8.5, 18.5],
			"rotation": {"angle": 0, "axis": "y", "origin": [8, 0, 8]},
			"faces": {
				"west": {"uv": [9.75, 14.125, 9.875, 15], "texture": "#1", "tintindex": 0},
				"up": {"uv": [9.75, 14.125, 9.875, 14.25], "texture": "#1", "tintindex": 0}
			}
		},
		{
			"from": [14.5, 5, 18],
			"to": [15, 8.5, 18.5],
			"rotation": {"angle": 0, "axis": "y", "origin": [8, 0, 8]},
			"faces": {
				"east": {"uv": [9.875, 14.125, 9.75, 15], "texture": "#1", "tintindex": 0},
				"up": {"uv": [9.875, 14.125, 9.75, 14.25], "texture": "#1", "tintindex": 0}
			}
		},
		{
			"from": [1, 5, 15.5],
			"to": [15, 5, 20],
			"rotation": {"angle": 0, "axis": "y", "origin": [8, 0, 8]},
			"faces": {
				"down": {"uv": [0.125, 15.875, 0.25, 16], "texture": "#1", "tintindex": 0}
			}
		},
		{
			"from": [1, 4, 21],
			"to": [15, 8.5, 25.5],
			"rotation": {"angle": 0, "axis": "y", "origin": [8, 0, 8]},
			"faces": {
				"east": {"uv": [11.625, 14.125, 10.5, 15.25], "texture": "#1", "tintindex": 0},
				"south": {"uv": [0, 9, 3.5, 10.125], "rotation": 180, "texture": "#1", "tintindex": 0},
				"west": {"uv": [10.5, 14.125, 11.625, 15.25], "texture": "#1", "tintindex": 0},
				"up": {"uv": [0, 10.125, 3.5, 11.25], "rotation": 180, "texture": "#1", "tintindex": 0}
			}
		},
		{
			"from": [1, 3, 23.00001],
			"to": [15, 4, 23.08636],
			"rotation": {"angle": 0, "axis": "y", "origin": [8, 3.5, 23]},
			"faces": {
				"east": {"uv": [10.875, 15.25, 11, 15.5], "texture": "#1", "tintindex": 0},
				"west": {"uv": [10.875, 15.25, 11, 15.5], "texture": "#1", "tintindex": 0},
				"down": {"uv": [0.125, 15.875, 0.25, 16], "texture": "#1", "tintindex": 0}
			}
		},
		{
			"from": [1, 3, 21.00001],
			"to": [15, 4, 23.00001],
			"rotation": {"angle": 0, "axis": "y", "origin": [8, 3.5, 23]},
			"faces": {
				"north": {"uv": [0.125, 15.875, 0.25, 16], "texture": "#1", "tintindex": 0},
				"east": {"uv": [11, 15.25, 10.5, 15.5], "texture": "#1", "tintindex": 0},
				"west": {"uv": [10.5, 15.25, 11, 15.5], "texture": "#1", "tintindex": 0},
				"down": {"uv": [0.125, 15.875, 0.25, 16], "texture": "#1", "tintindex": 0}
			}
		},
		{
			"from": [1.005, 4, 22.8875],
			"to": [14.995, 5, 25.5],
			"rotation": {"angle": -22.5, "axis": "x", "origin": [8, 4, 25.5]},
			"faces": {
				"east": {"uv": [11.625, 15.25, 11, 15.5], "texture": "#1", "tintindex": 0},
				"west": {"uv": [11, 15.25, 11.625, 15.5], "texture": "#1", "tintindex": 0},
				"down": {"uv": [0, 8.375, 3.5, 9], "rotation": 180, "texture": "#1", "tintindex": 0}
			}
		},
		{
			"from": [1, 4, 1.5],
			"to": [1.5, 8.5, 14.5],
			"rotation": {"angle": 0, "axis": "y", "origin": [8, 0, 8]},
			"faces": {
				"west": {"uv": [5.625, 14.125, 8.875, 15.25], "texture": "#1", "tintindex": 0},
				"up": {"uv": [5.625, 14.125, 8.875, 14.25], "rotation": 90, "texture": "#1", "tintindex": 0}
			}
		},
		{
			"from": [14.5, 4, 1.5],
			"to": [15, 8.5, 14.5],
			"rotation": {"angle": 0, "axis": "y", "origin": [8, 0, 8]},
			"faces": {
				"east": {"uv": [8.875, 14.125, 5.625, 15.25], "texture": "#1", "tintindex": 0},
				"up": {"uv": [5.625, 14.25, 8.875, 14.125], "rotation": 90, "texture": "#1", "tintindex": 0}
			}
		},
		{
			"from": [1.5, 8.5, 5],
			"to": [14.5, 12.5, 16.5],
			"rotation": {"angle": 0, "axis": "y", "origin": [8, 10.5, 10.5]},
			"faces": {
				"east": {"uv": [3.25, 7, 4.25, 4.125], "rotation": 90, "texture": "#1", "tintindex": 0},
				"west": {"uv": [3.25, 4.125, 4.25, 7], "rotation": 90, "texture": "#1", "tintindex": 0},
				"up": {"uv": [0, 4.125, 3.25, 7], "rotation": 180, "texture": "#1", "tintindex": 0}
			}
		},
		{
			"from": [1.5, 8.5, 1.5],
			"to": [14.5, 12.5, 5],
			"rotation": {"angle": 0, "axis": "y", "origin": [8, 10.5, 10.5]},
			"faces": {
				"east": {"uv": [3.5, 9.25, 4.5, 8.375], "rotation": 90, "texture": "#1", "tintindex": 0},
				"west": {"uv": [3.5, 8.375, 4.5, 9.25], "rotation": 90, "texture": "#1", "tintindex": 0}
			}
		},
		{
			"from": [1.505, 8.1625, 13.5],
			"to": [14.495, 12.5, 16.5],
			"rotation": {"angle": -22.5, "axis": "x", "origin": [8, 12.5, 16.5]},
			"faces": {
				"east": {"uv": [4, 3, 3.25, 4.125], "rotation": 180, "texture": "#1", "tintindex": 0},
				"south": {"uv": [0, 3, 3.25, 4.125], "rotation": 180, "texture": "#1", "tintindex": 0},
				"west": {"uv": [3.25, 3, 4, 4.125], "rotation": 180, "texture": "#1", "tintindex": 0}
			}
		},
		{
			"from": [1.505, 6.8375, 5],
			"to": [14.495, 12.5, 8],
			"rotation": {"angle": 45, "axis": "x", "origin": [8, 12.5, 5]},
			"faces": {
				"north": {"uv": [0, 7, 3.25, 8.375], "texture": "#1", "tintindex": 0},
				"east": {"uv": [4, 7, 3.25, 8.375], "texture": "#1", "tintindex": 0},
				"west": {"uv": [3.25, 7, 4, 8.375], "texture": "#1", "tintindex": 0}
			}
		},
		{
			"from": [1.5, 12.5, 1.5],
			"to": [14.5, 8.5, 5],
			"rotation": {"angle": 0, "axis": "y", "origin": [8, 10.5, 10.5]},
			"faces": {
				"east": {"uv": [8.75, 9.25, 7.75, 8.375], "rotation": 90, "texture": "#1", "tintindex": 0},
				"west": {"uv": [8.75, 8.375, 7.75, 9.25], "rotation": 90, "texture": "#1", "tintindex": 0}
			}
		},
		{
			"from": [1.495, 6.8375, 8],
			"to": [14.505, 12.5, 5],
			"rotation": {"angle": 45, "axis": "x", "origin": [8, 12.5, 5]},
			"faces": {
				"east": {"uv": [7.5, 7, 8.25, 8.375], "texture": "#1", "tintindex": 0},
				"south": {"uv": [7.5, 7, 4.25, 8.375], "texture": "#1", "tintindex": 0},
				"west": {"uv": [8.25, 7, 7.5, 8.375], "texture": "#1", "tintindex": 0}
			}
		},
		{
			"from": [1.5, 12.5, 5],
			"to": [14.5, 8.5, 16.5],
			"rotation": {"angle": 0, "axis": "y", "origin": [8, 10.5, 10.5]},
			"faces": {
				"east": {"uv": [8.5, 7, 7.5, 4.125], "rotation": 90, "texture": "#1", "tintindex": 0},
				"west": {"uv": [8.5, 4.125, 7.5, 7], "rotation": 90, "texture": "#1", "tintindex": 0},
				"down": {"uv": [4.25, 7, 7.5, 4.125], "rotation": 180, "texture": "#1", "tintindex": 0}
			}
		},
		{
			"from": [1.5, 8.5, 1.5],
			"to": [14.5, 4, 14.5],
			"rotation": {"angle": 0, "axis": "y", "origin": [8, 10.5, 10.5]},
			"faces": {
				"east": {"uv": [8.875, 13.75, 5.625, 12.625], "texture": "#1", "tintindex": 0},
				"west": {"uv": [5.625, 13.75, 8.875, 12.625], "texture": "#1", "tintindex": 0}
			}
		},
		{
			"from": [1.9125, 4, 1.5],
			"to": [14.0875, 3, 14.5],
			"rotation": {"angle": 0, "axis": "y", "origin": [8, 10.5, 10.5]},
			"faces": {
				"north": {"uv": [0.125, 15.875, 0.25, 16], "texture": "#1", "tintindex": 0},
				"south": {"uv": [0.125, 15.875, 0.25, 16], "texture": "#1", "tintindex": 0},
				"up": {"uv": [0.125, 15.875, 0.25, 16], "texture": "#1", "tintindex": 0}
			}
		},
		{
			"from": [7, 3, 1.5],
			"to": [9, 4, 11],
			"rotation": {"angle": 0, "axis": "y", "origin": [8, 10.5, 10.5]},
			"faces": {
				"east": {"uv": [0, 1.5, 2.375, 1.75], "texture": "#1", "tintindex": 0},
				"west": {"uv": [2.375, 1.5, 0, 1.75], "texture": "#1", "tintindex": 0},
				"up": {"uv": [0, 1.125, 2.375, 1.625], "rotation": 270, "texture": "#1", "tintindex": 0}
			}
		},
		{
			"from": [3, 7, 2],
			"to": [6, 8.5, 2.5],
			"rotation": {"angle": 0, "axis": "y", "origin": [8, 10.5, 10.5]},
			"faces": {
				"east": {"uv": [3.875, 0, 4, 0.375], "texture": "#1", "tintindex": 0},
				"south": {"uv": [4, 0, 4.75, 0.375], "texture": "#1", "tintindex": 0},
				"west": {"uv": [3.25, 0, 3.375, 0.375], "texture": "#1", "tintindex": 0},
				"up": {"uv": [3.25, 0, 4, 0.125], "texture": "#1", "tintindex": 0}
			}
		},
		{
			"from": [7.75, 3, 6],
			"to": [7.75, 4, 9],
			"rotation": {"angle": 22.5, "axis": "x", "origin": [7.75, 4, 9]},
			"faces": {
				"east": {"uv": [14.375, 1, 15.125, 1.25], "texture": "#1", "tintindex": 0},
				"west": {"uv": [15.125, 1, 14.375, 1.25], "texture": "#1", "tintindex": 0}
			}
		},
		{
			"from": [8, 4, 4],
			"to": [8, 6.5, 5.5],
			"rotation": {"angle": 0, "axis": "y", "origin": [7.75, 4, 9]},
			"faces": {
				"east": {"uv": [15.5, 0.875, 15.875, 1.5], "texture": "#1", "tintindex": 0},
				"west": {"uv": [15.875, 0.875, 15.5, 1.5], "texture": "#1", "tintindex": 0}
			}
		},
		{
			"from": [2, 3, 11],
			"to": [14, 5, 14.5],
			"rotation": {"angle": 0, "axis": "y", "origin": [8, 10.5, 9.5]},
			"faces": {
				"north": {"uv": [7.75, 0.875, 10.75, 1.375], "texture": "#1", "tintindex": 0},
				"east": {"uv": [0.125, 15.875, 0.25, 16], "texture": "#1", "tintindex": 0},
				"west": {"uv": [0.125, 15.875, 0.25, 16], "texture": "#1", "tintindex": 0},
				"up": {"uv": [7.75, 0, 10.75, 0.875], "texture": "#1", "tintindex": 0}
			}
		},
		{
			"from": [2, 3, 5],
			"to": [7, 5, 9.5],
			"rotation": {"angle": 0, "axis": "y", "origin": [8, 10.5, 10.5]},
			"faces": {
				"north": {"uv": [1.125, 1.75, 1.625, 3], "rotation": 90, "texture": "#1", "tintindex": 0},
				"east": {"uv": [6.125, 2.5, 5, 3], "texture": "#1", "tintindex": 0},
				"south": {"uv": [3.25, 1.75, 3.75, 3], "rotation": 90, "texture": "#1", "tintindex": 0},
				"west": {"uv": [5, 2.5, 6.125, 3], "texture": "#1", "tintindex": 0},
				"up": {"uv": [0, 1.75, 1.125, 3], "rotation": 90, "texture": "#1", "tintindex": 0}
			}
		},
		{
			"from": [2.75, 5.75, 3.75],
			"to": [6.25, 9.25, 3.75],
			"rotation": {"angle": -22.5, "axis": "x", "origin": [4.5, 7.5, 3.75]},
			"faces": {
				"north": {"uv": [16, 1.5, 15.125, 2.375], "texture": "#1", "tintindex": 0},
				"south": {"uv": [15.125, 1.5, 16, 2.375], "texture": "#1", "tintindex": 0}
			}
		},
		{
			"from": [4.25, 7.25, 2.25],
			"to": [4.75, 7.75, 3.75],
			"rotation": {"angle": -22.5, "axis": "x", "origin": [4.5, 7.5, 3.75]},
			"faces": {
				"east": {"uv": [15.875, 0.75, 16, 1.125], "rotation": 90, "texture": "#1", "tintindex": 0},
				"west": {"uv": [15.875, 1.125, 16, 0.75], "rotation": 90, "texture": "#1", "tintindex": 0},
				"up": {"uv": [15.875, 0.75, 16, 1.125], "texture": "#1", "tintindex": 0},
				"down": {"uv": [15.875, 1.125, 16, 0.75], "texture": "#1", "tintindex": 0}
			}
		},
		{
			"from": [4.75, 7.25, 3.25],
			"to": [6.75, 7.75, 3.25],
			"rotation": {"angle": -22.5, "axis": "x", "origin": [4.5, 7.5, 3.75]},
			"faces": {
				"north": {"uv": [15.875, 2.875, 16, 2.375], "rotation": 90, "texture": "#1", "tintindex": 0},
				"south": {"uv": [15.875, 2.375, 16, 2.875], "rotation": 90, "texture": "#1", "tintindex": 0}
			}
		},
		{
			"from": [2.005, 4, 8],
			"to": [6.995, 9, 9.5],
			"rotation": {"angle": 22.5, "axis": "x", "origin": [4.5, 4, 9.5]},
			"faces": {
				"north": {"uv": [1.625, 1.75, 2.875, 3], "rotation": 90, "texture": "#1", "tintindex": 0},
				"east": {"uv": [5, 2.5, 6.25, 2.125], "rotation": 90, "texture": "#1", "tintindex": 0},
				"south": {"uv": [3.75, 1.75, 5, 3], "rotation": 90, "texture": "#1", "tintindex": 0},
				"west": {"uv": [5, 2.125, 6.25, 2.5], "rotation": 90, "texture": "#1", "tintindex": 0},
				"up": {"uv": [2.875, 1.75, 3.25, 3], "rotation": 90, "texture": "#1", "tintindex": 0}
			}
		},
		{
			"from": [9, 3, 5],
			"to": [14, 5, 9.5],
			"rotation": {"angle": 0, "axis": "y", "origin": [8, 10.5, 10.5]},
			"faces": {
				"north": {"uv": [1.125, 3, 1.625, 1.75], "rotation": 90, "texture": "#1", "tintindex": 0},
				"east": {"uv": [6.125, 2.5, 5, 3], "texture": "#1", "tintindex": 0},
				"south": {"uv": [3.25, 3, 3.75, 1.75], "rotation": 90, "texture": "#1", "tintindex": 0},
				"west": {"uv": [5, 2.5, 6.125, 3], "texture": "#1", "tintindex": 0},
				"up": {"uv": [0, 3, 1.125, 1.75], "rotation": 90, "texture": "#1", "tintindex": 0}
			}
		},
		{
			"from": [9.005, 4, 8],
			"to": [13.995, 9, 9.5],
			"rotation": {"angle": 22.5, "axis": "x", "origin": [11.5, 4, 9.5]},
			"faces": {
				"north": {"uv": [1.625, 3, 2.875, 1.75], "rotation": 90, "texture": "#1", "tintindex": 0},
				"east": {"uv": [5, 2.5, 6.25, 2.125], "rotation": 90, "texture": "#1", "tintindex": 0},
				"south": {"uv": [3.75, 3, 5, 1.75], "rotation": 90, "texture": "#1", "tintindex": 0},
				"west": {"uv": [5, 2.125, 6.25, 2.5], "rotation": 90, "texture": "#1", "tintindex": 0},
				"up": {"uv": [2.875, 3, 3.25, 1.75], "rotation": 90, "texture": "#1", "tintindex": 0}
			}
		},
		{
			"from": [2.005, 4, 14],
			"to": [13.995, 9, 14.5],
			"rotation": {"angle": 22.5, "axis": "x", "origin": [4.5, 4, 15.5]},
			"faces": {
				"north": {"uv": [7.75, 1.375, 10.75, 2.625], "texture": "#1", "tintindex": 0},
				"east": {"uv": [7.75, 1.375, 7.875, 2.625], "texture": "#1", "tintindex": 0},
				"west": {"uv": [10.625, 1.375, 10.75, 2.625], "texture": "#1", "tintindex": 0},
				"up": {"uv": [10.75, 1.375, 7.75, 1.5], "texture": "#1", "tintindex": 0}
			}
		},
		{
			"from": [2, 8, 14.5],
			"to": [14, 9, 15.5],
			"rotation": {"angle": 22.5, "axis": "x", "origin": [4.5, 4, 15.5]},
			"faces": {
				"east": {"uv": [7.75, 0, 7.5, 0.25], "texture": "#1", "tintindex": 0},
				"south": {"uv": [7.75, 2.75, 10.75, 2.875], "texture": "#1", "tintindex": 0},
				"west": {"uv": [7.5, 0, 7.75, 0.25], "texture": "#1", "tintindex": 0},
				"up": {"uv": [7.75, 2.625, 10.75, 2.875], "texture": "#1", "tintindex": 0}
			}
		},
		{
			"from": [1, 4, 1.5],
			"to": [15, 6.15, 1.5],
			"rotation": {"angle": 0, "axis": "y", "origin": [8, 10.5, 10.5]},
			"faces": {
				"south": {"uv": [0.125, 15.875, 0.25, 16], "texture": "#1", "tintindex": 0}
			}
		},
		{
			"from": [1.5, 8.5, 1],
			"to": [14.5, 8.5, 2],
			"rotation": {"angle": 0, "axis": "y", "origin": [8, 7.5, 1.5]},
			"faces": {
				"up": {"uv": [0, 0, 3.25, 0.25], "texture": "#1", "tintindex": 0}
			}
		},
		{
			"from": [1.5, 6.5, 0.625],
			"to": [14.5, 8.5, 2],
			"rotation": {"angle": -22.5, "axis": "x", "origin": [8, 8.5, 2]},
			"faces": {
				"south": {"uv": [0, 0.25, 3.25, 0.75], "texture": "#1", "tintindex": 0},
				"down": {"uv": [0, 0.75, 3.25, 1.125], "texture": "#1", "tintindex": 0}
			}
		},
		{
			"from": [1.5, 8.5, 14.5],
			"to": [14.5, 5, 18],
			"rotation": {"angle": 0, "axis": "y", "origin": [8, 10.5, 10.5]},
			"faces": {
				"east": {"uv": [9.75, 13.5, 8.875, 12.625], "texture": "#1", "tintindex": 0},
				"west": {"uv": [8.875, 13.5, 9.75, 12.625], "texture": "#1", "tintindex": 0}
			}
		},
		{
			"from": [1.495, 8.1625, 16.5],
			"to": [14.505, 12.5, 13.5],
			"rotation": {"angle": -22.5, "axis": "x", "origin": [8, 12.5, 16.5]},
			"faces": {
				"north": {"uv": [7.5, 3, 4.25, 4.125], "rotation": 180, "texture": "#1", "tintindex": 0},
				"east": {"uv": [7.5, 3, 8.25, 4.125], "rotation": 180, "texture": "#1", "tintindex": 0},
				"west": {"uv": [8.25, 3, 7.5, 4.125], "rotation": 180, "texture": "#1", "tintindex": 0}
			}
		},
		{
			"from": [14.51577, 2.91076, 1.5],
			"to": [13.51577, 3.99686, 14.5],
			"rotation": {"angle": -22.5, "axis": "z", "origin": [14.51577, 4.03806, 8]},
			"faces": {
				"north": {"uv": [0.25, 15.875, 0.125, 16], "texture": "#1", "tintindex": 0},
				"south": {"uv": [0.25, 15.875, 0.125, 16], "texture": "#1", "tintindex": 0},
				"west": {"uv": [5.625, 13.75, 8.875, 14], "texture": "#1", "tintindex": 0}
			}
		},
		{
			"from": [2.48423, 2.91076, 1.5],
			"to": [1.48423, 3.99686, 14.5],
			"rotation": {"angle": 22.5, "axis": "z", "origin": [1.48423, 4.03806, 8]},
			"faces": {
				"north": {"uv": [0.125, 15.875, 0.25, 16], "texture": "#1", "tintindex": 0},
				"east": {"uv": [8.875, 13.75, 5.625, 14], "texture": "#1", "tintindex": 0},
				"south": {"uv": [0.125, 15.875, 0.25, 16], "texture": "#1", "tintindex": 0}
			}
		},
		{
			"from": [1.5, 8.5, 16.15],
			"to": [14.5, 8.5, 18.15],
			"rotation": {"angle": 0, "axis": "y", "origin": [8, 0, 8]},
			"faces": {
				"up": {"uv": [0.125, 15.875, 0.25, 16], "texture": "#1", "tintindex": 0}
			}
		},
		{
			"from": [1.5, 4.15746, 16.22208],
			"to": [14.5, 8.49496, 16.22208],
			"rotation": {"angle": 22.5, "axis": "x", "origin": [8, 8.65746, 16.22208]},
			"faces": {
				"north": {"uv": [0.125, 15.875, 0.25, 16], "texture": "#1", "tintindex": 0}
			}
		},
		{
			"from": [1.5, 4, 14.5],
			"to": [14.5, 4.5, 14.5],
			"rotation": {"angle": 0, "axis": "y", "origin": [8, 8.5, 16.5]},
			"faces": {
				"north": {"uv": [0.125, 15.875, 0.25, 16], "texture": "#1", "tintindex": 0}
			}
		},
		{
			"from": [1.62132, 2.49999, 1.5],
			"to": [14.37872, 3.99999, 14.5],
			"rotation": {"angle": 0, "axis": "y", "origin": [7.79287, -0.00001, 8]},
			"faces": {
				"north": {"uv": [0.125, 15.875, 0.25, 16], "texture": "#1", "tintindex": 0},
				"south": {"uv": [0.125, 15.875, 0.25, 16], "texture": "#1", "tintindex": 0},
				"down": {"uv": [12.75, 10.625, 16, 13.875], "texture": "#1", "tintindex": 0}
			}
		},
		{
			"from": [1.00002, 3.99999, 1.5],
			"to": [15.00002, 4.49999, 1.5],
			"rotation": {"angle": 0, "axis": "y", "origin": [7.79287, -0.00001, 8]},
			"faces": {
				"north": {"uv": [0.125, 15.875, 0.25, 16], "texture": "#1", "tintindex": 0}
			}
		},
		{
			"from": [0.98423, 2.37326, 1.5],
			"to": [1.98423, 3.99686, 14.5],
			"rotation": {"angle": 22.5, "axis": "z", "origin": [0.98423, 4.03806, 8]},
			"faces": {
				"north": {"uv": [0.125, 15.875, 0.25, 16], "texture": "#1", "tintindex": 0},
				"south": {"uv": [0.125, 15.875, 0.25, 16], "texture": "#1", "tintindex": 0},
				"west": {"uv": [5.625, 15.25, 8.875, 15.625], "texture": "#1", "tintindex": 0}
			}
		},
		{
			"from": [14.01577, 2.37326, 1.5],
			"to": [15.01577, 3.99686, 14.5],
			"rotation": {"angle": -22.5, "axis": "z", "origin": [15.01577, 4.03806, 8]},
			"faces": {
				"north": {"uv": [0.25, 15.875, 0.125, 16], "texture": "#1", "tintindex": 0},
				"east": {"uv": [8.875, 15.25, 5.625, 15.625], "texture": "#1", "tintindex": 0},
				"south": {"uv": [0.25, 15.875, 0.125, 16], "texture": "#1", "tintindex": 0}
			}
		},
		{
			"from": [1, 2.9176, -6.995],
			"to": [1.5, 4, -5],
			"rotation": {"angle": 22.5, "axis": "z", "origin": [1, 4, -6]},
			"faces": {
				"north": {"uv": [3.375, 15.25, 3.5, 15.5], "texture": "#1", "tintindex": 0},
				"south": {"uv": [0.125, 15.875, 0.25, 16], "texture": "#1", "tintindex": 0},
				"west": {"uv": [3.5, 15.25, 4, 15.5], "texture": "#1", "tintindex": 0}
			}
		},
		{
			"from": [1, 4, -7],
			"to": [15, 8.5, -5],
			"rotation": {"angle": 0, "axis": "y", "origin": [8, 0, 8]},
			"faces": {
				"north": {"uv": [0, 14.125, 3.5, 15.25], "texture": "#1", "tintindex": 0},
				"east": {"uv": [4, 14.125, 3.5, 15.25], "texture": "#1", "tintindex": 0},
				"south": {"uv": [0.125, 15.875, 0.25, 16], "texture": "#1", "tintindex": 0},
				"west": {"uv": [3.5, 14.125, 4, 15.25], "texture": "#1", "tintindex": 0},
				"up": {"uv": [0, 13.625, 3.5, 14.125], "rotation": 180, "texture": "#1", "tintindex": 0}
			}
		},
		{
			"from": [1, 4, -8],
			"to": [15, 5, -7],
			"rotation": {"angle": 0, "axis": "y", "origin": [8, 0, 8]},
			"faces": {
				"north": {"uv": [0, 15.625, 3.5, 15.875], "texture": "#1", "tintindex": 0},
				"east": {"uv": [3.75, 15.75, 3.5, 16], "texture": "#1", "tintindex": 0},
				"west": {"uv": [3.5, 15.75, 3.75, 16], "texture": "#1", "tintindex": 0},
				"up": {"uv": [0, 15.5, 3.5, 15.75], "rotation": 180, "texture": "#1", "tintindex": 0},
				"down": {"uv": [0, 15.75, 3.5, 16], "rotation": 180, "texture": "#1", "tintindex": 0}
			}
		},
		{
			"from": [5.5, 3, -8.0125],
			"to": [10.5, 4.5, -8.0125],
			"rotation": {"angle": 0, "axis": "y", "origin": [8, 0, 8]},
			"faces": {
				"north": {"uv": [10.75, 0, 12, 0.375], "texture": "#1", "tintindex": 0},
				"south": {"uv": [10.75, 0.375, 12, 0.75], "texture": "#1", "tintindex": 0}
			}
		},
		{
			"from": [1, 4, 25.5],
			"to": [15, 5, 26],
			"rotation": {"angle": 0, "axis": "y", "origin": [8, 0, 8]},
			"faces": {
				"east": {"uv": [0, 9, 0.125, 9.25], "rotation": 180, "texture": "#1", "tintindex": 0},
				"south": {"uv": [0, 9, 3.5, 9.25], "rotation": 180, "texture": "#1", "tintindex": 0},
				"west": {"uv": [3.375, 9, 3.5, 9.25], "rotation": 180, "texture": "#1", "tintindex": 0},
				"up": {"uv": [0, 9.125, 3.5, 9.25], "rotation": 180, "texture": "#1", "tintindex": 0},
				"down": {"uv": [0, 9, 3.5, 9.125], "rotation": 180, "texture": "#1", "tintindex": 0}
			}
		},
		{
			"from": [2, 6, 25.5],
			"to": [3, 7, 26],
			"rotation": {"angle": 0, "axis": "y", "origin": [8, 0, 8]},
			"faces": {
				"east": {"uv": [13.25, 1, 13.375, 1.25], "rotation": 180, "texture": "#1", "tintindex": 0},
				"south": {"uv": [13.25, 1, 13.5, 1.25], "rotation": 180, "texture": "#1", "tintindex": 0},
				"west": {"uv": [13.375, 1, 13.5, 1.25], "rotation": 180, "texture": "#1", "tintindex": 0},
				"up": {"uv": [13.25, 1.125, 13.5, 1.25], "rotation": 180, "texture": "#1", "tintindex": 0},
				"down": {"uv": [13.25, 1, 13.5, 1.125], "rotation": 180, "texture": "#1", "tintindex": 0}
			}
		},
		{
			"from": [13, 6, 25.5],
			"to": [14, 7, 26],
			"rotation": {"angle": 0, "axis": "y", "origin": [8, 0, 8]},
			"faces": {
				"east": {"uv": [13.25, 1, 13.375, 1.25], "rotation": 180, "texture": "#1", "tintindex": 0},
				"south": {"uv": [13.25, 1, 13.5, 1.25], "rotation": 180, "texture": "#1", "tintindex": 0},
				"west": {"uv": [13.375, 1, 13.5, 1.25], "rotation": 180, "texture": "#1", "tintindex": 0},
				"up": {"uv": [13.25, 1.125, 13.5, 1.25], "rotation": 180, "texture": "#1", "tintindex": 0},
				"down": {"uv": [13.25, 1, 13.5, 1.125], "rotation": 180, "texture": "#1", "tintindex": 0}
			}
		},
		{
			"from": [1.5, 5.5, 25.5],
			"to": [5, 7, 26],
			"rotation": {"angle": 0, "axis": "y", "origin": [8, 0, 8]},
			"faces": {
				"east": {"uv": [15, 0.5, 15.125, 0.875], "rotation": 180, "texture": "#1", "tintindex": 0},
				"south": {"uv": [13.5, 1, 14.375, 1.375], "rotation": 180, "texture": "#1", "tintindex": 0},
				"west": {"uv": [15.75, 0.5, 15.875, 0.875], "rotation": 180, "texture": "#1", "tintindex": 0},
				"up": {"uv": [15, 0.75, 15.875, 0.875], "rotation": 180, "texture": "#1", "tintindex": 0},
				"down": {"uv": [15, 0.5, 15.875, 0.625], "rotation": 180, "texture": "#1", "tintindex": 0}
			}
		},
		{
			"from": [11, 5.5, 25.5],
			"to": [14.5, 7, 26],
			"rotation": {"angle": 0, "axis": "y", "origin": [8, 0, 8]},
			"faces": {
				"east": {"uv": [15.875, 0.5, 15.75, 0.875], "rotation": 180, "texture": "#1", "tintindex": 0},
				"south": {"uv": [14.375, 1, 13.5, 1.375], "rotation": 180, "texture": "#1", "tintindex": 0},
				"west": {"uv": [15.125, 0.5, 15, 0.875], "rotation": 180, "texture": "#1", "tintindex": 0},
				"up": {"uv": [15.875, 0.75, 15, 0.875], "rotation": 180, "texture": "#1", "tintindex": 0},
				"down": {"uv": [15.875, 0.5, 15, 0.625], "rotation": 180, "texture": "#1", "tintindex": 0}
			}
		},
		{
			"from": [1.5, 5.25, -7.5],
			"to": [3.5, 7.25, -7],
			"rotation": {"angle": 0, "axis": "y", "origin": [8, 0, 8]},
			"faces": {
				"north": {"uv": [15.5, 0, 16, 0.5], "texture": "#1", "tintindex": 0},
				"east": {"uv": [15, 0, 15.125, 0.5], "texture": "#1", "tintindex": 0},
				"west": {"uv": [15.375, 0, 15.5, 0.5], "texture": "#1", "tintindex": 0},
				"up": {"uv": [15, 0, 15.5, 0.125], "rotation": 180, "texture": "#1", "tintindex": 0},
				"down": {"uv": [15, 0.375, 15.5, 0.5], "rotation": 180, "texture": "#1", "tintindex": 0}
			}
		},
		{
			"from": [12.5, 5.25, -7.5],
			"to": [14.5, 7.25, -7],
			"rotation": {"angle": 0, "axis": "y", "origin": [8, 0, 8]},
			"faces": {
				"north": {"uv": [15.5, 0, 16, 0.5], "texture": "#1", "tintindex": 0},
				"east": {"uv": [15.5, 0, 15.375, 0.5], "texture": "#1", "tintindex": 0},
				"west": {"uv": [15.125, 0, 15, 0.5], "texture": "#1", "tintindex": 0},
				"up": {"uv": [15.5, 0, 15, 0.125], "rotation": 180, "texture": "#1", "tintindex": 0},
				"down": {"uv": [15.5, 0.375, 15, 0.5], "rotation": 180, "texture": "#1", "tintindex": 0}
			}
		},
		{
			"from": [2, 6, -7.5],
			"to": [14, 7, -7.5],
			"rotation": {"angle": 0, "axis": "y", "origin": [8, 0, 8]},
			"faces": {
				"north": {"uv": [12, 0.375, 15, 0.625], "texture": "#1", "tintindex": 0}
			}
		},
		{
			"from": [2, 7, -7.5],
			"to": [14, 8.5, -7.5],
			"rotation": {"angle": 22.5, "axis": "x", "origin": [8, 7, -7.5]},
			"faces": {
				"north": {"uv": [12, 0, 15, 0.375], "texture": "#1", "tintindex": 0}
			}
		},
		{
			"from": [2, 4.5, -7.5],
			"to": [14, 6, -7.5],
			"rotation": {"angle": -22.5, "axis": "x", "origin": [8, 6, -7.5]},
			"faces": {
				"north": {"uv": [12, 0.625, 15, 1], "texture": "#1", "tintindex": 0}
			}
		},
		{
			"from": [1.41422, 2.99999, -7],
			"to": [1.50002, 3.99999, -5],
			"rotation": {"angle": 0, "axis": "y", "origin": [7.50172, -0.00001, 8]},
			"faces": {
				"north": {"uv": [3.25, 15.25, 3.375, 15.5], "texture": "#1", "tintindex": 0},
				"down": {"uv": [0.125, 15.875, 0.25, 16], "texture": "#1", "tintindex": 0}
			}
		},
		{
			"from": [14.49998, 2.99999, -7],
			"to": [14.58578, 3.99999, -5],
			"rotation": {"angle": 0, "axis": "y", "origin": [8.49828, -0.00001, 8]},
			"faces": {
				"north": {"uv": [3.375, 15.25, 3.25, 15.5], "texture": "#1", "tintindex": 0},
				"down": {"uv": [0.25, 15.875, 0.125, 16], "texture": "#1", "tintindex": 0}
			}
		},
		{
			"from": [14.5, 2.9176, -6.995],
			"to": [15, 4, -5],
			"rotation": {"angle": -22.5, "axis": "z", "origin": [15, 4, -6]},
			"faces": {
				"north": {"uv": [3.5, 15.25, 3.375, 15.5], "texture": "#1", "tintindex": 0},
				"east": {"uv": [4, 15.25, 3.5, 15.5], "texture": "#1", "tintindex": 0},
				"south": {"uv": [0.125, 15.875, 0.25, 16], "texture": "#1", "tintindex": 0}
			}
		},
		{
			"from": [1.50002, 2.99999, -7],
			"to": [14.50002, 3.99999, -5],
			"rotation": {"angle": 0, "axis": "y", "origin": [7.50172, -0.00001, 8]},
			"faces": {
				"north": {"uv": [0.125, 15.25, 3.375, 15.5], "texture": "#1", "tintindex": 0},
				"down": {"uv": [0.125, 15.875, 0.25, 16], "texture": "#1", "tintindex": 0}
			}
		},
		{
			"from": [0.5, 8.25, 8],
			"to": [1, 8.25, 10],
			"rotation": {"angle": 0, "axis": "y", "origin": [8, 0, 8]},
			"faces": {
				"up": {"uv": [15, 0.875, 15.5, 1], "rotation": 90, "texture": "#1", "tintindex": 0},
				"down": {"uv": [15.5, 0.875, 15, 1], "rotation": 90, "texture": "#1", "tintindex": 0}
			}
		},
		{
			"from": [15, 8.25, 8],
			"to": [15.5, 8.25, 10],
			"rotation": {"angle": 0, "axis": "y", "origin": [8, 0, 8]},
			"faces": {
				"up": {"uv": [15, 1, 15.5, 0.875], "rotation": 90, "texture": "#1", "tintindex": 0},
				"down": {"uv": [15.5, 1, 15, 0.875], "rotation": 90, "texture": "#1", "tintindex": 0}
			}
		},
		{
			"from": [-0.5, 9, 2.5],
			"to": [1, 10, 3],
			"rotation": {"angle": 22.5, "axis": "y", "origin": [1, 9, 2.5]},
			"faces": {
				"north": {"uv": [15.125, 1, 15.5, 1.25], "texture": "#1", "tintindex": 0},
				"east": {"uv": [15.125, 1, 15.25, 1.25], "texture": "#1", "tintindex": 0},
				"south": {"uv": [15.125, 1.25, 15.5, 1.5], "texture": "#1", "tintindex": 0},
				"west": {"uv": [15.375, 1, 15.5, 1.25], "texture": "#1", "tintindex": 0},
				"up": {"uv": [15.5, 1, 15.125, 1.125], "texture": "#1", "tintindex": 0},
				"down": {"uv": [15.5, 1.125, 15.125, 1.25], "texture": "#1", "tintindex": 0}
			}
		},
		{
			"from": [-0.5, 9, 2.5],
			"to": [1, 10, 3],
			"rotation": {"angle": 22.5, "axis": "y", "origin": [1, 9, 2.5]},
			"faces": {
				"north": {"uv": [15.125, 1, 15.5, 1.25], "texture": "#1", "tintindex": 0},
				"east": {"uv": [15.125, 1, 15.25, 1.25], "texture": "#1", "tintindex": 0},
				"south": {"uv": [15.125, 1.25, 15.5, 1.5], "texture": "#1", "tintindex": 0},
				"west": {"uv": [15.375, 1, 15.5, 1.25], "texture": "#1", "tintindex": 0},
				"up": {"uv": [15.5, 1, 15.125, 1.125], "texture": "#1", "tintindex": 0},
				"down": {"uv": [15.5, 1.125, 15.125, 1.25], "texture": "#1", "tintindex": 0}
			}
		},
		{
			"from": [0.5, 8.5, 2.5],
			"to": [1, 9, 2.5],
			"rotation": {"angle": 22.5, "axis": "y", "origin": [1, 9, 2.5]},
			"faces": {
				"north": {"uv": [15.875, 0.5, 16, 0.625], "texture": "#1", "tintindex": 0},
				"south": {"uv": [15.875, 0.5, 16, 0.625], "texture": "#1", "tintindex": 0}
			}
		},
		{
			"from": [1, 8.5, 2.5],
			"to": [1.5, 9, 2.5],
			"rotation": {"angle": 0, "axis": "y", "origin": [1, 9, 2.5]},
			"faces": {
				"north": {"uv": [15.875, 0.625, 16, 0.75], "texture": "#1", "tintindex": 0},
				"south": {"uv": [15.875, 0.625, 16, 0.75], "texture": "#1", "tintindex": 0}
			}
		},
		{
			"from": [14.5, 8.5, 2.5],
			"to": [15, 9, 2.5],
			"rotation": {"angle": 0, "axis": "y", "origin": [15, 9, 2.5]},
			"faces": {
				"north": {"uv": [16, 0.625, 15.875, 0.75], "texture": "#1", "tintindex": 0},
				"south": {"uv": [16, 0.625, 15.875, 0.75], "texture": "#1", "tintindex": 0}
			}
		},
		{
			"from": [15, 8.5, 2.5],
			"to": [15.5, 9, 2.5],
			"rotation": {"angle": -22.5, "axis": "y", "origin": [15, 9, 2.5]},
			"faces": {
				"north": {"uv": [16, 0.5, 15.875, 0.625], "texture": "#1", "tintindex": 0},
				"south": {"uv": [16, 0.5, 15.875, 0.625], "texture": "#1", "tintindex": 0}
			}
		},
		{
			"from": [15, 9, 2.5],
			"to": [16.5, 10, 3],
			"rotation": {"angle": -22.5, "axis": "y", "origin": [15, 9, 2.5]},
			"faces": {
				"north": {"uv": [15.5, 1, 15.125, 1.25], "texture": "#1", "tintindex": 0},
				"east": {"uv": [15.5, 1, 15.375, 1.25], "texture": "#1", "tintindex": 0},
				"south": {"uv": [15.5, 1.25, 15.125, 1.5], "texture": "#1", "tintindex": 0},
				"west": {"uv": [15.25, 1, 15.125, 1.25], "texture": "#1", "tintindex": 0},
				"up": {"uv": [15.125, 1, 15.5, 1.125], "texture": "#1", "tintindex": 0},
				"down": {"uv": [15.125, 1.125, 15.5, 1.25], "texture": "#1", "tintindex": 0}
			}
		},
		{
			"from": [1.5, 0, -2.8875],
			"to": [3, 5.5, -0.6125],
			"rotation": {"angle": 0, "axis": "y", "origin": [2.25, 2.75, -1.75]},
			"faces": {
				"east": {"uv": [15.96875, 14.625, 15.40625, 16], "texture": "#0"},
				"west": {"uv": [15.40625, 14.625, 15.96875, 16], "texture": "#0"},
				"up": {"uv": [15.40625, 14.25, 15.96875, 14.625], "rotation": 90, "texture": "#0"},
				"down": {"uv": [15.40625, 13.875, 15.96875, 14.25], "rotation": 90, "texture": "#0"}
			}
		},
		{
			"from": [1.51, 0, -4.5],
			"to": [2.99, 5.5, 1],
			"rotation": {"angle": 0, "axis": "y", "origin": [2.25, 2.75, -1.75]},
			"faces": {
				"east": {"uv": [13.5, 14.625, 12.125, 16], "texture": "#0"},
				"west": {"uv": [12.125, 14.625, 13.5, 16], "texture": "#0"}
			}
		},
		{
			"from": [1.5, 1.6125, -4.5],
			"to": [3, 3.8875, 1],
			"rotation": {"angle": 0, "axis": "y", "origin": [2.25, 2.75, -1.75]},
			"faces": {
				"north": {"uv": [13.53125, 13.875, 14.09375, 14.25], "rotation": 270, "texture": "#0"},
				"east": {"uv": [14.09375, 14.625, 13.53125, 16], "rotation": 270, "texture": "#0"},
				"south": {"uv": [13.53125, 14.25, 14.09375, 14.625], "rotation": 90, "texture": "#0"},
				"west": {"uv": [13.53125, 14.625, 14.09375, 16], "rotation": 90, "texture": "#0"}
			}
		},
		{
			"from": [1.505, 0, -2.8875],
			"to": [2.995, 5.5, -0.6125],
			"rotation": {"angle": -45, "axis": "x", "origin": [2.25, 2.75, -1.75]},
			"faces": {
				"east": {"uv": [15.34375, 14.625, 14.78125, 16], "texture": "#0"},
				"west": {"uv": [14.78125, 14.625, 15.34375, 16], "texture": "#0"},
				"up": {"uv": [14.78125, 14.25, 15.34375, 14.625], "rotation": 90, "texture": "#0"},
				"down": {"uv": [14.78125, 13.875, 15.34375, 14.25], "rotation": 90, "texture": "#0"}
			}
		},
		{
			"from": [1.505, 0, -2.8875],
			"to": [2.995, 5.5, -0.6125],
			"rotation": {"angle": 45, "axis": "x", "origin": [2.25, 2.75, -1.75]},
			"faces": {
				"east": {"uv": [14.71875, 14.625, 14.15625, 16], "texture": "#0"},
				"west": {"uv": [14.15625, 14.625, 14.71875, 16], "texture": "#0"},
				"up": {"uv": [14.15625, 14.25, 14.71875, 14.625], "rotation": 90, "texture": "#0"},
				"down": {"uv": [14.15625, 13.875, 14.71875, 14.25], "rotation": 90, "texture": "#0"}
			}
		},
		{
			"from": [1.5, 0, 16.6125],
			"to": [3, 5.5, 18.8875],
			"rotation": {"angle": 0, "axis": "y", "origin": [2.25, 2.75, 17.75]},
			"faces": {
				"east": {"uv": [15.96875, 14.625, 15.40625, 16], "texture": "#0"},
				"west": {"uv": [15.40625, 14.625, 15.96875, 16], "texture": "#0"},
				"up": {"uv": [15.40625, 14.25, 15.96875, 14.625], "rotation": 90, "texture": "#0"},
				"down": {"uv": [15.40625, 13.875, 15.96875, 14.25], "rotation": 90, "texture": "#0"}
			}
		},
		{
			"from": [1.51, 0, 15],
			"to": [2.99, 5.5, 20.5],
			"rotation": {"angle": 0, "axis": "y", "origin": [2.25, 2.75, 17.75]},
			"faces": {
				"east": {"uv": [13.5, 14.625, 12.125, 16], "texture": "#0"},
				"west": {"uv": [12.125, 14.625, 13.5, 16], "texture": "#0"}
			}
		},
		{
			"from": [1.5, 1.6125, 15],
			"to": [3, 3.8875, 20.5],
			"rotation": {"angle": 0, "axis": "y", "origin": [2.25, 2.75, 17.75]},
			"faces": {
				"north": {"uv": [13.53125, 13.875, 14.09375, 14.25], "rotation": 270, "texture": "#0"},
				"east": {"uv": [14.09375, 14.625, 13.53125, 16], "rotation": 270, "texture": "#0"},
				"south": {"uv": [13.53125, 14.25, 14.09375, 14.625], "rotation": 90, "texture": "#0"},
				"west": {"uv": [13.53125, 14.625, 14.09375, 16], "rotation": 90, "texture": "#0"}
			}
		},
		{
			"from": [1.505, 0, 16.6125],
			"to": [2.995, 5.5, 18.8875],
			"rotation": {"angle": -45, "axis": "x", "origin": [2.25, 2.75, 17.75]},
			"faces": {
				"east": {"uv": [15.34375, 14.625, 14.78125, 16], "texture": "#0"},
				"west": {"uv": [14.78125, 14.625, 15.34375, 16], "texture": "#0"},
				"up": {"uv": [14.78125, 14.25, 15.34375, 14.625], "rotation": 90, "texture": "#0"},
				"down": {"uv": [14.78125, 13.875, 15.34375, 14.25], "rotation": 90, "texture": "#0"}
			}
		},
		{
			"from": [1.505, 0, 16.6125],
			"to": [2.995, 5.5, 18.8875],
			"rotation": {"angle": 45, "axis": "x", "origin": [2.25, 2.75, 17.75]},
			"faces": {
				"east": {"uv": [14.71875, 14.625, 14.15625, 16], "texture": "#0"},
				"west": {"uv": [14.15625, 14.625, 14.71875, 16], "texture": "#0"},
				"up": {"uv": [14.15625, 14.25, 14.71875, 14.625], "rotation": 90, "texture": "#0"},
				"down": {"uv": [14.15625, 13.875, 14.71875, 14.25], "rotation": 90, "texture": "#0"}
			}
		},
		{
			"from": [13, 0, -2.8875],
			"to": [14.5, 5.5, -0.6125],
			"rotation": {"angle": 0, "axis": "y", "origin": [13.75, 2.75, -1.75]},
			"faces": {
				"east": {"uv": [15.96875, 14.625, 15.40625, 16], "texture": "#0"},
				"west": {"uv": [15.40625, 14.625, 15.96875, 16], "texture": "#0"},
				"up": {"uv": [15.40625, 14.625, 15.96875, 14.25], "rotation": 90, "texture": "#0"},
				"down": {"uv": [15.40625, 14.25, 15.96875, 13.875], "rotation": 90, "texture": "#0"}
			}
		},
		{
			"from": [13.01, 0, -4.5],
			"to": [14.49, 5.5, 1],
			"rotation": {"angle": 0, "axis": "y", "origin": [13.75, 2.75, -1.75]},
			"faces": {
				"east": {"uv": [13.5, 14.625, 12.125, 16], "texture": "#0"},
				"west": {"uv": [12.125, 14.625, 13.5, 16], "texture": "#0"}
			}
		},
		{
			"from": [13, 1.6125, -4.5],
			"to": [14.5, 3.8875, 1],
			"rotation": {"angle": 0, "axis": "y", "origin": [13.75, 2.75, -1.75]},
			"faces": {
				"north": {"uv": [13.53125, 14.25, 14.09375, 13.875], "rotation": 270, "texture": "#0"},
				"east": {"uv": [13.53125, 16, 14.09375, 14.625], "rotation": 90, "texture": "#0"},
				"south": {"uv": [13.53125, 14.625, 14.09375, 14.25], "rotation": 90, "texture": "#0"},
				"west": {"uv": [14.09375, 16, 13.53125, 14.625], "rotation": 270, "texture": "#0"}
			}
		},
		{
			"from": [13.005, 0, -2.8875],
			"to": [14.495, 5.5, -0.6125],
			"rotation": {"angle": -45, "axis": "x", "origin": [13.75, 2.75, -1.75]},
			"faces": {
				"east": {"uv": [15.34375, 14.625, 14.78125, 16], "texture": "#0"},
				"west": {"uv": [14.78125, 14.625, 15.34375, 16], "texture": "#0"},
				"up": {"uv": [14.78125, 14.625, 15.34375, 14.25], "rotation": 90, "texture": "#0"},
				"down": {"uv": [14.78125, 14.25, 15.34375, 13.875], "rotation": 90, "texture": "#0"}
			}
		},
		{
			"from": [13.005, 0, -2.8875],
			"to": [14.495, 5.5, -0.6125],
			"rotation": {"angle": 45, "axis": "x", "origin": [13.75, 2.75, -1.75]},
			"faces": {
				"east": {"uv": [14.71875, 14.625, 14.15625, 16], "texture": "#0"},
				"west": {"uv": [14.15625, 14.625, 14.71875, 16], "texture": "#0"},
				"up": {"uv": [14.15625, 14.625, 14.71875, 14.25], "rotation": 90, "texture": "#0"},
				"down": {"uv": [14.15625, 14.25, 14.71875, 13.875], "rotation": 90, "texture": "#0"}
			}
		},
		{
			"from": [13, 0, 16.6125],
			"to": [14.5, 5.5, 18.8875],
			"rotation": {"angle": 0, "axis": "y", "origin": [13.75, 2.75, 17.75]},
			"faces": {
				"east": {"uv": [15.96875, 14.625, 15.40625, 16], "texture": "#0"},
				"west": {"uv": [15.40625, 14.625, 15.96875, 16], "texture": "#0"},
				"up": {"uv": [15.40625, 14.625, 15.96875, 14.25], "rotation": 90, "texture": "#0"},
				"down": {"uv": [15.40625, 14.25, 15.96875, 13.875], "rotation": 90, "texture": "#0"}
			}
		},
		{
			"from": [13.01, 0, 15],
			"to": [14.49, 5.5, 20.5],
			"rotation": {"angle": 0, "axis": "y", "origin": [13.75, 2.75, 17.75]},
			"faces": {
				"east": {"uv": [13.5, 14.625, 12.125, 16], "texture": "#0"},
				"west": {"uv": [12.125, 14.625, 13.5, 16], "texture": "#0"}
			}
		},
		{
			"from": [13, 1.6125, 15],
			"to": [14.5, 3.8875, 20.5],
			"rotation": {"angle": 0, "axis": "y", "origin": [13.75, 2.75, 17.75]},
			"faces": {
				"north": {"uv": [13.53125, 14.25, 14.09375, 13.875], "rotation": 270, "texture": "#0"},
				"east": {"uv": [13.53125, 16, 14.09375, 14.625], "rotation": 90, "texture": "#0"},
				"south": {"uv": [13.53125, 14.625, 14.09375, 14.25], "rotation": 90, "texture": "#0"},
				"west": {"uv": [14.09375, 16, 13.53125, 14.625], "rotation": 270, "texture": "#0"}
			}
		},
		{
			"from": [13.005, 0, 16.6125],
			"to": [14.495, 5.5, 18.8875],
			"rotation": {"angle": -45, "axis": "x", "origin": [13.75, 2.75, 17.75]},
			"faces": {
				"east": {"uv": [15.34375, 14.625, 14.78125, 16], "texture": "#0"},
				"west": {"uv": [14.78125, 14.625, 15.34375, 16], "texture": "#0"},
				"up": {"uv": [14.78125, 14.625, 15.34375, 14.25], "rotation": 90, "texture": "#0"},
				"down": {"uv": [14.78125, 14.25, 15.34375, 13.875], "rotation": 90, "texture": "#0"}
			}
		},
		{
			"from": [13.005, 0, 16.6125],
			"to": [14.495, 5.5, 18.8875],
			"rotation": {"angle": 45, "axis": "x", "origin": [13.75, 2.75, 17.75]},
			"faces": {
				"east": {"uv": [14.71875, 14.625, 14.15625, 16], "texture": "#0"},
				"west": {"uv": [14.15625, 14.625, 14.71875, 16], "texture": "#0"},
				"up": {"uv": [14.15625, 14.625, 14.71875, 14.25], "rotation": 90, "texture": "#0"},
				"down": {"uv": [14.15625, 14.25, 14.71875, 13.875], "rotation": 90, "texture": "#0"}
			}
		}
	],
	"display": {
		"thirdperson_righthand": {
			"rotation": [75, 45, 0],
			"translation": [0, 2.5, 0],
			"scale": [0.1, 0.1, 0.1]
		},
		"thirdperson_lefthand": {
			"rotation": [75, 45, 0],
			"translation": [0, 2.5, 0],
			"scale": [0.1, 0.1, 0.1]
		},
		"firstperson_righthand": {
			"rotation": [0, 45, 0],
			"scale": [0.2, 0.2, 0.2]
		},
		"firstperson_lefthand": {
			"rotation": [0, 45, 0],
			"scale": [0.2, 0.2, 0.2]
		},
		"ground": {
			"scale": [0.1, 0.1, 0.1]
		},
		"gui": {
			"rotation": [20, 135, 0],
			"translation": [-0.25, 0, 0],
			"scale": [0.45, 0.45, 0.45]
		},
		"fixed": {
			"rotation": [-90, 0, 0],
			"translation": [0, 0, -32],
			"scale": [4, 4, 4]
		}
	},
	"groups": [
		{
			"name": "zaz",
			"origin": [0, 0, 0],
			"color": 0,
			"children": [
				{
					"name": "body",
					"origin": [0, 0, 0],
					"color": 0,
					"children": [
						0,
						1,
						2,
						3,
						4,
						5,
						6,
						7,
						8,
						9,
						10,
						11,
						12,
						13,
						14,
						15,
						16,
						17,
						18,
						19,
						20,
						21,
						22,
						23,
						24,
						25,
						26,
						27,
						28,
						29,
						30,
						31,
						32,
						33,
						34,
						35,
						36,
						37,
						{
							"name": "inside",
							"origin": [0, 25, 17],
							"color": 0,
							"children": [38, 39, 40, 41, 42, 43, 44, 45, 46, 47, 48, 49, 50, 51, 52, 53, 54, 55, 56, 57, 58, 59, 60, 61, 62, 63, 64, 65, 66]
						},
						67,
						68,
						69,
						70,
						71,
						72,
						73,
						74,
						75,
						76,
						77,
						78,
						79,
						80,
						81,
						82,
						83,
						84,
						85,
						86,
						87,
						88,
						89,
						90,
						91,
						92,
						93,
						94,
						95,
						96,
						97
					]
				},
				{
					"name": "tint",
					"origin": [0, 0, 0],
					"color": 0,
					"children": [
						98,
						99,
						100,
						101,
						102,
						103,
						104,
						105,
						106,
						107,
						108,
						109,
						110,
						111,
						112,
						113,
						114,
						115,
						116,
						117,
						118,
						119,
						120,
						121,
						122,
						123,
						124,
						125,
						126,
						127,
						128,
						129,
						130,
						131,
						132,
						133,
						134,
						135,
						{
							"name": "inside",
							"origin": [0, 25, 17],
							"color": 0,
							"children": [136, 137, 138, 139, 140, 141, 142, 143, 144, 145, 146, 147, 148, 149, 150, 151, 152, 153, 154, 155, 156, 157, 158, 159, 160, 161, 162, 163, 164]
						},
						165,
						166,
						167,
						168,
						169,
						170,
						171,
						172,
						173,
						174,
						175,
						176,
						177,
						178,
						179,
						180,
						181,
						182,
						183,
						184,
						185,
						186,
						187,
						188,
						189,
						190,
						191,
						192,
						193,
						194,
						195
					]
				},
				{
					"name": "wheel",
					"origin": [-11.5, 5.5, -19.5],
					"color": 0,
					"children": [196, 197, 198, 199, 200]
				},
				{
					"name": "wheel2",
					"origin": [-11.5, 5.5, 19.5],
					"color": 0,
					"children": [201, 202, 203, 204, 205]
				},
				{
					"name": "wheel3",
					"origin": [11.5, 5.5, -19.5],
					"color": 0,
					"children": [206, 207, 208, 209, 210]
				},
				{
					"name": "wheel4",
					"origin": [11.5, 5.5, 19.5],
					"color": 0,
					"children": [211, 212, 213, 214, 215]
				}
			]
		}
	]
}