{
	"credit": "Made by Falanta Fantomo with Blockbench",
	"texture_size": [64, 64],
	"textures": {
		"0": "shiver:item/props/props_c17/hl2_awning_02",
		"particle": "shiver:item/props/props_c17/hl2_awning_02"
	},
	"elements": [
		{
			"from": [-4, -1, 0],
			"to": [-4, 0, 16],
			"rotation": {"angle": 0, "axis": "y", "origin": [8, 0, 0]},
			"faces": {
				"east": {"uv": [16, 0, 12, 0.25], "texture": "#0"},
				"west": {"uv": [12, 0, 16, 0.25], "texture": "#0"}
			}
		},
		{
			"from": [20, -1, 0],
			"to": [20, 0, 16],
			"rotation": {"angle": 0, "axis": "y", "origin": [8, 0, 0]},
			"faces": {
				"east": {"uv": [16, 0, 12, 0.25], "texture": "#0"},
				"west": {"uv": [12, 0, 16, 0.25], "texture": "#0"}
			}
		},
		{
			"from": [-4, 0, 0],
			"to": [20, 0, 12.25],
			"rotation": {"angle": -22.5, "axis": "x", "origin": [8, 0, 0]},
			"faces": {
				"up": {"uv": [3, 3, 9, 6], "rotation": 180, "texture": "#0"},
				"down": {"uv": [3, 6, 9, 3], "rotation": 180, "texture": "#0"}
			}
		},
		{
			"from": [-4, 3.75, 16],
			"to": [20, 16, 16],
			"rotation": {"angle": 22.5, "axis": "x", "origin": [8, 16, 16]},
			"faces": {
				"north": {"uv": [3, 0, 9, 3], "texture": "#0"},
				"south": {"uv": [9, 0, 3, 3], "texture": "#0"}
			}
		},
		{
			"from": [-4, 14, 16],
			"to": [20, 16, 17],
			"rotation": {"angle": 22.5, "axis": "x", "origin": [8, 16, 16]},
			"faces": {
				"east": {"uv": [12, 7, 11.75, 7.5], "texture": "#0"},
				"south": {"uv": [9, 7, 3, 7.5], "texture": "#0"},
				"west": {"uv": [0.25, 7, 0, 7.5], "texture": "#0"},
				"up": {"uv": [9, 0, 3, 0.25], "texture": "#0"},
				"down": {"uv": [9, 7.25, 3, 7.5], "texture": "#0"}
			}
		},
		{
			"from": [-4, -4, 0],
			"to": [20, 0, 0],
			"faces": {
				"north": {"uv": [3, 6, 9, 7], "texture": "#0"},
				"south": {"uv": [9, 6, 3, 7], "texture": "#0"}
			}
		}
	],
	"display": {
		"thirdperson_righthand": {
			"rotation": [75, 45, 0],
			"translation": [0, 2.5, 0],
			"scale": [0.1, 0.1, 0.1]
		},
		"thirdperson_lefthand": {
			"rotation": [75, 45, 0],
			"translation": [0, 2.5, 0],
			"scale": [0.1, 0.1, 0.1]
		},
		"firstperson_righthand": {
			"rotation": [0, 45, 0],
			"scale": [0.2, 0.2, 0.2]
		},
		"firstperson_lefthand": {
			"rotation": [0, 45, 0],
			"scale": [0.2, 0.2, 0.2]
		},
		"ground": {
			"scale": [0.1, 0.1, 0.1]
		},
		"gui": {
			"rotation": [20, 135, 0],
			"translation": [0, 1, 0],
			"scale": [0.5, 0.5, 0.5]
		},
		"fixed": {
			"rotation": [-90, 0, 0],
			"translation": [0, 0, -16],
			"scale": [2, 2, 2]
		}
	}
}