{
	"credit": "Made by Falanta Fantomo with Blockbench",
	"textures": {
		"0": "shiver:item/props/props_c17/hl2_briefcase",
		"particle": "shiver:item/props/props_c17/hl2_briefcase"
	},
	"elements": [
		{
			"from": [3.5, 4.575, 7],
			"to": [12.5, 7, 9],
			"faces": {
				"east": {"uv": [12, 0, 10, 2.5], "texture": "#0"},
				"west": {"uv": [10, 0, 12, 2.5], "texture": "#0"},
				"up": {"uv": [0, 7, 9, 9], "texture": "#0"}
			}
		},
		{
			"from": [3.5, 0, 6],
			"to": [12.5, 4.575, 10],
			"rotation": {"angle": 0, "axis": "y", "origin": [8, 1.5, 8]},
			"faces": {
				"north": {"uv": [0, 4.5, 9, 0], "texture": "#0"},
				"east": {"uv": [16, 4.5, 12, 0], "texture": "#0"},
				"south": {"uv": [9, 4.5, 0, 0], "texture": "#0"},
				"west": {"uv": [12, 4.5, 16, 0], "texture": "#0"},
				"down": {"uv": [0, 9, 9, 13], "texture": "#0"}
			}
		},
		{
			"from": [3.51, 4.575, 6],
			"to": [12.49, 7.2, 7],
			"rotation": {"angle": 22.5, "axis": "x", "origin": [8, 4.575, 6]},
			"faces": {
				"north": {"uv": [0, 7, 9, 4.5], "texture": "#0"},
				"east": {"uv": [9, 0, 10, 2.5], "texture": "#0"},
				"west": {"uv": [9, 0, 10, 2.5], "texture": "#0"}
			}
		},
		{
			"from": [3.51, 4.575, 9],
			"to": [12.49, 7.2, 10],
			"rotation": {"angle": -22.5, "axis": "x", "origin": [8, 4.575, 10]},
			"faces": {
				"east": {"uv": [10, 0, 9, 2.5], "texture": "#0"},
				"south": {"uv": [9, 7, 0, 4.5], "texture": "#0"},
				"west": {"uv": [10, 0, 9, 2.5], "texture": "#0"}
			}
		},
		{
			"from": [6, 6.25, 6.75],
			"to": [10, 7.25, 6.75],
			"rotation": {"angle": 0, "axis": "y", "origin": [8, 6.75, 6.75]},
			"faces": {
				"north": {"uv": [13, 12, 14, 16], "rotation": 90, "texture": "#0"},
				"south": {"uv": [13, 16, 14, 12], "rotation": 90, "texture": "#0"}
			}
		},
		{
			"from": [6, 7.25, 6.75],
			"to": [10, 9.25, 6.75],
			"rotation": {"angle": 22.5, "axis": "x", "origin": [8, 7.25, 6.75]},
			"faces": {
				"north": {"uv": [14, 12, 16, 16], "rotation": 90, "texture": "#0"},
				"south": {"uv": [14, 16, 16, 12], "rotation": 90, "texture": "#0"}
			}
		},
		{
			"from": [6, 6.25, 9.25],
			"to": [10, 7.25, 9.25],
			"rotation": {"angle": 0, "axis": "y", "origin": [8, 6.75, 9.25]},
			"faces": {
				"north": {"uv": [13, 12, 14, 16], "rotation": 90, "texture": "#0"},
				"south": {"uv": [13, 16, 14, 12], "rotation": 90, "texture": "#0"}
			}
		},
		{
			"from": [6, 7.25, 9.25],
			"to": [10, 9.25, 9.25],
			"rotation": {"angle": -22.5, "axis": "x", "origin": [8, 7.25, 9.25]},
			"faces": {
				"north": {"uv": [14, 12, 16, 16], "rotation": 90, "texture": "#0"},
				"south": {"uv": [14, 16, 16, 12], "rotation": 90, "texture": "#0"}
			}
		}
	],
	"display": {
		"thirdperson_righthand": {
			"rotation": [90, 90, 0],
			"translation": [0, -2, 0]
		},
		"thirdperson_lefthand": {
			"rotation": [90, 90, 0],
			"translation": [0, -2, 0]
		},
		"firstperson_righthand": {
			"rotation": [0, 90, 0]
		},
		"firstperson_lefthand": {
			"rotation": [0, 90, 0]
		},
		"ground": {
			"translation": [0, 3, 0],
			"scale": [0.5, 0.5, 0.5]
		},
		"gui": {
			"rotation": [20, 135, 0],
			"translation": [0, 4.5, 0],
			"scale": [1.3, 1.3, 1.3]
		},
		"fixed": {
			"rotation": [-90, 0, 0],
			"translation": [0, 0, -16],
			"scale": [2, 2, 2]
		}
	},
	"groups": [
		0,
		1,
		2,
		3,
		{
			"name": "handle",
			"origin": [8, 7.25, 6.75],
			"color": 0,
			"children": [4, 5]
		},
		{
			"name": "handle",
			"origin": [8, 7.25, 6.75],
			"color": 0,
			"children": [6, 7]
		}
	]
}