{
	"credit": "Made by Falanta Fantomo with Blockbench",
	"texture_size": [32, 32],
	"textures": {
		"0": "shiver:item/props/props_c17/hl2_computer",
		"particle": "shiver:item/props/props_c17/hl2_computer"
	},
	"elements": [
		{
			"from": [2, 6, 6],
			"to": [14, 7, 10],
			"rotation": {"angle": -22.5, "axis": "x", "origin": [8, 6, 6]},
			"faces": {
				"north": {"uv": [0, 0.5, 6, 0], "texture": "#0"},
				"east": {"uv": [0.5, 0, 0, 2], "rotation": 90, "texture": "#0"},
				"south": {"uv": [0, 2, 6, 1.5], "texture": "#0"},
				"west": {"uv": [6, 2, 5.5, 0], "rotation": 90, "texture": "#0"},
				"up": {"uv": [0, 2, 6, 4], "texture": "#0"},
				"down": {"uv": [0, 2, 6, 0], "texture": "#0"}
			}
		},
		{
			"from": [11, 4.75, 9],
			"to": [13, 6, 9],
			"rotation": {"angle": -22.5, "axis": "x", "origin": [8, 6, 6]},
			"faces": {
				"north": {"uv": [1.5, 1.5, 0.5, 1], "texture": "#0"},
				"south": {"uv": [0.5, 1.5, 1.5, 1], "texture": "#0"}
			}
		},
		{
			"from": [3, 4.75, 9],
			"to": [5, 6, 9],
			"rotation": {"angle": -22.5, "axis": "x", "origin": [8, 6, 6]},
			"faces": {
				"north": {"uv": [1.5, 1.5, 0.5, 1], "texture": "#0"},
				"south": {"uv": [0.5, 1.5, 1.5, 1], "texture": "#0"}
			}
		}
	],
	"display": {
		"thirdperson_righthand": {
			"rotation": [75, 45, 0],
			"translation": [0, 2.5, 0],
			"scale": [0.375, 0.375, 0.375]
		},
		"thirdperson_lefthand": {
			"rotation": [75, 45, 0],
			"translation": [0, 2.5, 0],
			"scale": [0.375, 0.375, 0.375]
		},
		"firstperson_righthand": {
			"rotation": [0, 45, 0],
			"scale": [0.4, 0.4, 0.4]
		},
		"firstperson_lefthand": {
			"rotation": [0, 45, 0],
			"scale": [0.4, 0.4, 0.4]
		},
		"ground": {
			"scale": [0.25, 0.25, 0.25]
		},
		"gui": {
			"rotation": [30, 154, 0]
		},
		"fixed": {
			"rotation": [-90, 0, 0],
			"translation": [0, 0, -4],
			"scale": [2, 2, 2]
		}
	}
}