{
	"credit": "Made by Falanta Fantomo with Blockbench",
	"texture_size": [128, 128],
	"textures": {
		"particle": "shiver:item/props/props_c17/hl2_display_cooler"
	},
	"elements": [
		{
			"from": [30, 6, 6],
			"to": [32, 24, 16],
			"rotation": {"angle": 0, "axis": "y", "origin": [31, 15, 11]},
			"faces": {
				"east": {"uv": [0, 0, 1.25, 2.25], "texture": "#particle"},
				"south": {"uv": [2, 1, 4.25, 1.25], "rotation": 90, "texture": "#particle"},
				"west": {"uv": [2, 1.25, 4.25, 2.5], "rotation": 90, "texture": "#particle"},
				"up": {"uv": [0, 2.25, 1.25, 2.5], "rotation": 90, "texture": "#particle"}
			}
		},
		{
			"from": [30, 6, 0],
			"to": [32, 9.525, 6],
			"rotation": {"angle": 0, "axis": "y", "origin": [31, 15, 11]},
			"faces": {
				"north": {"uv": [4, 0.5625, 4.25, 1], "texture": "#particle"},
				"east": {"uv": [1.25, 2.0625, 2, 2.5], "texture": "#particle"},
				"west": {"uv": [4.25, 2.0625, 5, 2.5], "texture": "#particle"}
			}
		},
		{
			"from": [30.01, 8.325, 6],
			"to": [31.99, 24, 12],
			"rotation": {"angle": 22.5, "axis": "x", "origin": [31, 24, 6]},
			"faces": {
				"north": {"uv": [2, 0.75, 4, 1], "rotation": 90, "texture": "#particle"},
				"east": {"uv": [1.25, 0, 2, 2], "texture": "#particle"},
				"west": {"uv": [4.25, 0, 5, 2], "texture": "#particle"}
			}
		},
		{
			"from": [-16, 6, 0],
			"to": [-14, 9.525, 6],
			"rotation": {"angle": 0, "axis": "y", "origin": [-15, 15, 11]},
			"faces": {
				"north": {"uv": [4.25, 0.5625, 4, 1], "texture": "#particle"},
				"east": {"uv": [5, 2.0625, 4.25, 2.5], "texture": "#particle"},
				"west": {"uv": [2, 2.0625, 1.25, 2.5], "texture": "#particle"}
			}
		},
		{
			"from": [-15.99, 8.325, 6],
			"to": [-14.01, 24, 12],
			"rotation": {"angle": 22.5, "axis": "x", "origin": [-15, 24, 6]},
			"faces": {
				"north": {"uv": [2, 1, 4, 0.75], "rotation": 90, "texture": "#particle"},
				"east": {"uv": [5, 0, 4.25, 2], "texture": "#particle"},
				"west": {"uv": [2, 0, 1.25, 2], "texture": "#particle"}
			}
		},
		{
			"from": [-16, 6, 6],
			"to": [-14, 24, 16],
			"rotation": {"angle": 0, "axis": "y", "origin": [-15, 15, 11]},
			"faces": {
				"east": {"uv": [2, 2.5, 4.25, 1.25], "rotation": 90, "texture": "#particle"},
				"south": {"uv": [2, 1.25, 4.25, 1], "rotation": 90, "texture": "#particle"},
				"west": {"uv": [1.25, 0, 0, 2.25], "texture": "#particle"},
				"up": {"uv": [0, 2.5, 1.25, 2.25], "rotation": 90, "texture": "#particle"}
			}
		},
		{
			"from": [-16, 0, 0],
			"to": [32, 6, 16],
			"faces": {
				"north": {"uv": [0, 5.25, 6, 6], "texture": "#particle"},
				"east": {"uv": [2, 0, 4, 0.75], "texture": "#particle"},
				"south": {"uv": [0, 2.5, 6, 3.25], "texture": "#particle"},
				"west": {"uv": [4, 0, 2, 0.75], "texture": "#particle"},
				"up": {"uv": [0, 3.25, 6, 5.25], "texture": "#particle"},
				"down": {"uv": [0, 6, 6, 8], "texture": "#particle"}
			}
		},
		{
			"from": [-14, 22, 8],
			"to": [30, 24, 16],
			"faces": {
				"north": {"uv": [5, 1.625, 10.5, 1.875], "texture": "#particle"},
				"south": {"uv": [5, 1.875, 10.5, 2.125], "texture": "#particle"},
				"up": {"uv": [10.5, 1.375, 16, 2.375], "texture": "#particle"},
				"down": {"uv": [10.5, 2.375, 16, 3.375], "texture": "#particle"}
			}
		},
		{
			"from": [-14, 17, 5],
			"to": [30, 17, 16],
			"faces": {
				"up": {"uv": [10.5, 0, 16, 1.375], "texture": "#particle"},
				"down": {"uv": [10.5, 1.375, 16, 0], "texture": "#particle"}
			}
		},
		{
			"from": [-14, 12, 3],
			"to": [30, 12, 16],
			"faces": {
				"up": {"uv": [5, 0, 10.5, 1.625], "texture": "#particle"},
				"down": {"uv": [5, 1.625, 10.5, 0], "texture": "#particle"}
			}
		},
		{
			"from": [-14, 6, 0],
			"to": [30, 9, 0],
			"faces": {
				"north": {"uv": [6, 2.5, 6.375, 8], "rotation": 90, "texture": "#particle"},
				"south": {"uv": [6, 8, 6.375, 2.5], "rotation": 90, "texture": "#particle"}
			}
		},
		{
			"from": [-14, 6, 16],
			"to": [30, 9, 16],
			"faces": {
				"north": {"uv": [6.375, 2.5, 6.75, 8], "rotation": 90, "texture": "#particle"},
				"south": {"uv": [6.375, 8, 6.75, 2.5], "rotation": 90, "texture": "#particle"}
			}
		},
		{
			"from": [7, 9, 16],
			"to": [9, 22, 16],
			"faces": {
				"north": {"uv": [5, 2.375, 6.625, 2.125], "rotation": 90, "texture": "#particle"},
				"south": {"uv": [5, 2.125, 6.625, 2.375], "rotation": 90, "texture": "#particle"}
			}
		}
	],
	"display": {
		"thirdperson_righthand": {
			"rotation": [75, 45, 0],
			"translation": [0, 2.5, 0],
			"scale": [0.1, 0.1, 0.1]
		},
		"thirdperson_lefthand": {
			"rotation": [75, 45, 0],
			"translation": [0, 2.5, 0],
			"scale": [0.1, 0.1, 0.1]
		},
		"firstperson_righthand": {
			"rotation": [0, 45, 0],
			"scale": [0.2, 0.2, 0.2]
		},
		"firstperson_lefthand": {
			"rotation": [0, 45, 0],
			"scale": [0.2, 0.2, 0.2]
		},
		"ground": {
			"scale": [0.1, 0.1, 0.1]
		},
		"gui": {
			"rotation": [20, 135, 0],
			"translation": [0, -1, 0],
			"scale": [0.3, 0.3, 0.3]
		},
		"fixed": {
			"rotation": [-90, 0, 0],
			"translation": [0, 0, -16],
			"scale": [2, 2, 2]
		}
	}
}