{
	"credit": "Made by Falanta Fantomo with Blockbench",
	"texture_size": [64, 64],
	"textures": {
		"0": "shiver:item/props/props_c17/door01_001",
		"particle": "shiver:item/props/props_c17/door01_001"
	},
	"elements": [
		{
			"from": [-4, -16, 7],
			"to": [20, 32, 9],
			"faces": {
				"north": {"uv": [0, 0, 6, 12], "texture": "#0"},
				"east": {"uv": [6.5, 0, 7, 12], "texture": "#0"},
				"south": {"uv": [6, 0, 0, 12], "texture": "#0"},
				"west": {"uv": [6, 0, 6.5, 12], "texture": "#0"},
				"up": {"uv": [0, 12, 6, 12.5], "texture": "#0"},
				"down": {"uv": [0, 12.5, 6, 13], "texture": "#0"}
			}
		},
		{
			"from": [-3, 5, 5],
			"to": [2, 5, 7],
			"rotation": {"angle": 0, "axis": "z", "origin": [-2, 5, 7]},
			"faces": {
				"up": {"uv": [14.75, 0, 16, 0.5], "texture": "#0"},
				"down": {"uv": [14.75, 0.5, 16, 0], "texture": "#0"}
			}
		},
		{
			"from": [-3, 5, 9],
			"to": [2, 5, 11],
			"rotation": {"angle": 0, "axis": "z", "origin": [-2, 5, 9]},
			"faces": {
				"up": {"uv": [14.75, 0.5, 16, 0], "texture": "#0"},
				"down": {"uv": [14.75, 0, 16, 0.5], "texture": "#0"}
			}
		}
	],
	"display": {
		"thirdperson_righthand": {
			"rotation": [75, 45, 0],
			"translation": [0, 2.5, 0],
			"scale": [0.1, 0.1, 0.1]
		},
		"thirdperson_lefthand": {
			"rotation": [75, 45, 0],
			"translation": [0, 2.5, 0],
			"scale": [0.1, 0.1, 0.1]
		},
		"firstperson_righthand": {
			"rotation": [0, 135, 0],
			"translation": [2.5, 0, 0],
			"scale": [0.2, 0.2, 0.2]
		},
		"firstperson_lefthand": {
			"rotation": [0, 135, 0],
			"translation": [2.5, 0, 0],
			"scale": [0.2, 0.2, 0.2]
		},
		"ground": {
			"scale": [0.1, 0.1, 0.1]
		},
		"gui": {
			"rotation": [20, 135, 0],
			"scale": [0.3, 0.3, 0.3]
		},
		"fixed": {
			"rotation": [-90, 0, 0],
			"translation": [0, 0, -48],
			"scale": [2, 2, 2]
		}
	}
}