{
	"credit": "Made by Falanta Fantomo with Blockbench",
	"texture_size": [32, 32],
	"textures": {
		"0": "shiver:item/props/props_c17/lamp",
		"particle": "shiver:item/props/props_c17/lamp"
	},
	"elements": [
		{
			"from": [6.5, 3, 6.5],
			"to": [9.5, 12, 9.5],
			"faces": {
				"north": {"uv": [14.5, 0, 16, 4.5], "texture": "#0"},
				"east": {"uv": [14.5, 4.5, 16, 9], "texture": "#0"},
				"south": {"uv": [14.5, 0, 16, 4.5], "texture": "#0"},
				"west": {"uv": [14.5, 4.5, 16, 9], "texture": "#0"},
				"up": {"uv": [14.5, 10.5, 16, 12], "texture": "#0"},
				"down": {"uv": [14.5, 9, 16, 10.5], "texture": "#0"}
			}
		},
		{
			"from": [7, 12, 7],
			"to": [9, 13, 9],
			"faces": {
				"north": {"uv": [16, 12, 15, 12.5], "texture": "#0"},
				"east": {"uv": [15.5, 12, 16, 13], "rotation": 90, "texture": "#0"},
				"south": {"uv": [15, 12.5, 16, 13], "texture": "#0"},
				"west": {"uv": [15, 13, 15.5, 12], "rotation": 90, "texture": "#0"},
				"up": {"uv": [15, 12, 16, 13], "texture": "#0"}
			}
		}
	],
	"display": {
		"thirdperson_righthand": {
			"rotation": [75, 45, 0],
			"translation": [0, 2.5, 0],
			"scale": [0.1, 0.1, 0.1]
		},
		"thirdperson_lefthand": {
			"rotation": [75, 45, 0],
			"translation": [0, 2.5, 0],
			"scale": [0.1, 0.1, 0.1]
		},
		"firstperson_righthand": {
			"rotation": [0, 45, 0],
			"scale": [0.2, 0.2, 0.2]
		},
		"firstperson_lefthand": {
			"rotation": [0, 45, 0],
			"scale": [0.2, 0.2, 0.2]
		},
		"ground": {
			"scale": [0.1, 0.1, 0.1]
		},
		"gui": {
			"rotation": [20, 135, 0]
		},
		"fixed": {
			"rotation": [-90, 0, 0],
			"translation": [0, 0, -16],
			"scale": [2, 2, 2]
		}
	}
}