{
	"credit": "Made by Falanta Fantomo with Blockbench",
	"texture_size": [32, 32],
	"textures": {
		"0": "shiver:item/props/props_c17/hl2_tv_monitor_01",
		"particle": "shiver:item/props/props_c17/hl2_tv_monitor_01"
	},
	"elements": [
		{
			"from": [2, 4, 5],
			"to": [14, 12, 8],
			"rotation": {"angle": 0, "axis": "y", "origin": [8, 8, 6.5]},
			"faces": {
				"north": {"uv": [0, 0, 6, 4], "texture": "#0"},
				"east": {"uv": [7.5, 0, 6, 4], "texture": "#0"},
				"south": {"uv": [7.5, 0, 13.5, 4], "texture": "#0"},
				"west": {"uv": [6, 0, 7.5, 4], "texture": "#0"},
				"up": {"uv": [0, 4, 6, 5.5], "texture": "#0"},
				"down": {"uv": [0, 5.5, 6, 7], "texture": "#0"}
			}
		},
		{
			"from": [3, 4, 8],
			"to": [13, 9.75, 12],
			"rotation": {"angle": 0, "axis": "y", "origin": [8, 7, 9.5]},
			"faces": {
				"east": {"uv": [8, 4.125, 6, 7], "texture": "#0"},
				"south": {"uv": [8, 4.125, 13, 7], "texture": "#0"},
				"west": {"uv": [6, 4.125, 8, 7], "texture": "#0"},
				"down": {"uv": [0, 7, 5, 9], "texture": "#0"}
			}
		},
		{
			"from": [3.01, 7.75, 7],
			"to": [12.99, 9.75, 12],
			"rotation": {"angle": 22.5, "axis": "x", "origin": [8, 9.75, 12]},
			"faces": {
				"east": {"uv": [16, 5, 13.5, 6], "texture": "#0"},
				"west": {"uv": [13.5, 5, 16, 6], "texture": "#0"},
				"up": {"uv": [13.5, 0, 16, 5], "rotation": 90, "texture": "#0"}
			}
		},
		{
			"from": [6, 6, 5],
			"to": [13, 6, 8],
			"rotation": {"angle": -22.5, "axis": "x", "origin": [6, 6, 5]},
			"faces": {
				"up": {"uv": [9.5, 14.5, 13, 16], "texture": "#0"}
			}
		},
		{
			"from": [6.5, 6.5, 7],
			"to": [12.5, 10.5, 7],
			"rotation": {"angle": 0, "axis": "x", "origin": [6, 6, 5]},
			"faces": {
				"north": {"uv": [13, 14, 16, 16], "rotation": 180, "texture": "#0"}
			}
		},
		{
			"from": [6, 11, 5],
			"to": [13, 11, 8],
			"rotation": {"angle": 22.5, "axis": "x", "origin": [6, 11, 5]},
			"faces": {
				"down": {"uv": [9.5, 13, 13, 14.5], "texture": "#0"}
			}
		},
		{
			"from": [6, 6, 5],
			"to": [6, 11, 8],
			"rotation": {"angle": 22.5, "axis": "y", "origin": [6, 11, 5]},
			"faces": {
				"east": {"uv": [7, 14.5, 9.5, 16], "rotation": 90, "texture": "#0"}
			}
		},
		{
			"from": [13, 6, 5],
			"to": [13, 11, 8],
			"rotation": {"angle": -22.5, "axis": "y", "origin": [13, 11, 5]},
			"faces": {
				"west": {"uv": [7, 16, 9.5, 14.5], "rotation": 90, "texture": "#0"}
			}
		}
	],
	"display": {
		"thirdperson_righthand": {
			"rotation": [75, 45, 0],
			"translation": [0, 2.5, 0],
			"scale": [0.375, 0.375, 0.375]
		},
		"thirdperson_lefthand": {
			"rotation": [75, 45, 0],
			"translation": [0, 2.5, 0],
			"scale": [0.375, 0.375, 0.375]
		},
		"firstperson_righthand": {
			"rotation": [0, 45, 0],
			"scale": [0.4, 0.4, 0.4]
		},
		"firstperson_lefthand": {
			"rotation": [0, 45, 0],
			"scale": [0.4, 0.4, 0.4]
		},
		"ground": {
			"scale": [0.25, 0.25, 0.25]
		},
		"gui": {
			"rotation": [20, 135, 0]
		},
		"fixed": {
			"rotation": [-90, 0, 0],
			"translation": [0, 0, -8],
			"scale": [2, 2, 2]
		}
	}
}