{
	"credit": "by 2M3V",
	"textures": {
		"0": "shiver:item/gui/profile2",
		"particle": "shiver:item/gui/profile2"
	},
	"elements": [
		{
			"from": [4, 8, 8],
			"to": [12, 16, 8],
			"rotation": {"angle": 0, "axis": "y", "origin": [4, 0, 0]},
			"faces": {
				"east": {"uv": [0, 0, 0, 8], "texture": "#missing"},
				"south": {"uv": [0, 1, 8, 9], "texture": "#0"},
				"west": {"uv": [0, 0, 0, 8], "texture": "#missing"},
				"up": {"uv": [0, 0, 8, 0], "texture": "#missing"},
				"down": {"uv": [0, 0, 8, 0], "texture": "#missing"}
			}
		}
	],
	"gui_light": "front",
	"display": {
		"gui": {
			"translation": [4, -8, 0],
			"scale": [2, 2, 2]
		}
	}
}