{
  "classic_death": {

    "sounds": [
      {"name": "shiver:classic_death"}
    ]
  },
  "tick": {

    "sounds": [
      {"name": "shiver:tick"}
    ]
  },
  "tack": {

    "sounds": [
      {"name": "shiver:tack"}
    ]
  },
  "ui.1": {

    "sounds": [
      {"name": "shiver:ui/misc1"}
    ]
  },
  "ui.2": {

    "sounds": [
      {"name": "shiver:ui/misc1"}
    ]
  },
  "ui.cassh": {

    "sounds": [
      {"name": "shiver:ui/cash"}
    ]
  },
  "item.heal_gun": {

    "sounds": [
      {"name": "shiver:item/heal_gun"}
    ]
  },
  "item.heal_gun.reload": {

    "sounds": [
      {"name": "shiver:item/medgun_reload"}
    ]
  },
  "item.pills": {

    "sounds": [
      {"name": "shiver:item/pills1"}, {"name": "shiver:item/pills2"}, {"name": "shiver:item/pills3"}
    ]
  },
  "item.med": {

    "sounds": [
      {"name": "shiver:item/med_use"}
    ]
  },
  "item.flashlight": {

    "sounds": [
      {"name": "shiver:item/flashlight"}
    ]
  },
  "zombie.z3": {

    "sounds": [
      {"name": "shiver:zombie/z3"}, {"name": "shiver:zombie/z3_2"}, {"name": "shiver:zombie/z3_3"}
    ]
  },
  "zombie.z3_a": {

    "sounds": [
      {"name": "shiver:zombie/z3_a"}
    ]
  },
  "zombie.z1": {

    "sounds": [
      {"name": "shiver:zombie/z1_1"}, {"name": "shiver:zombie/z1_2"}, {"name": "shiver:zombie/z1_3"},
      {"name": "shiver:zombie/z1_4"}, {"name": "shiver:zombie/z1_5"}
    ]
  },
  "zombie.z1d": {

    "sounds": [
      {"name": "shiver:zombie/z1d_1"}, {"name": "shiver:zombie/z1d_2"}
    ]
  },
  "zombie.z2p": {

    "sounds": [
      {"name": "shiver:zombie/z2p1"}, {"name": "shiver:zombie/z2p2"}, {"name": "shiver:zombie/z2p3"}
    ]
  },
  "zombie.z1die": {

    "sounds": [
      {"name": "shiver:zombie/z1die_1"}, {"name": "shiver:zombie/z1die_2"}, {"name": "shiver:zombie/z1die_3"}
    ]
  },
  "zombie.drooler": {

    "sounds": [
      {"name": "shiver:zombie/drooler1"}, {"name": "shiver:zombie/drooler2"}, {"name": "shiver:zombie/drooler3"}
    ]
  },
  "zombie.drooler.drool": {

    "sounds": [
      {"name": "shiver:zombie/drooler"}
    ]
  },
  "zombie.drooler.hurt": {

    "sounds": [
      {"name": "shiver:zombie/drooler_hurt3"}, {"name": "shiver:zombie/drooler_hurt2"}, {"name": "shiver:zombie/drooler_hurt1"}
    ]
  },
  "zombie.tank.alert": {

    "sounds": [
      {"name": "shiver:zombie/tank_alert1"}, {"name": "shiver:zombie/tank_alert2"}, {"name": "shiver:zombie/tank_alert3"}, {"name": "shiver:zombie/tank_alert4"}, {"name": "shiver:zombie/tank_alert5"}
    ]
  },
  "zombie.tank.angry": {

    "sounds": [
      {"name": "shiver:zombie/tank_angry1"}, {"name": "shiver:zombie/tank_angry2"}, {"name": "shiver:zombie/tank_angry3"}
    ]
  },
  "zombie.tank.death": {

    "sounds": [
      {"name": "shiver:zombie/tank_death1"}, {"name": "shiver:zombie/tank_death2"}, {"name": "shiver:zombie/tank_death3"}
    ]
  },
  "zombie.tank.hurt": {

    "sounds": [
      {"name": "shiver:zombie/tank_hurt1"}, {"name": "shiver:zombie/tank_hurt2"}, {"name": "shiver:zombie/tank_hurt3"}
    ]
  },
  "zombie.tank.walk": {

    "sounds": [
      {"name": "shiver:zombie/tank_walk1"}, {"name": "shiver:zombie/tank_walk2"}, {"name": "shiver:zombie/tank_walk3"}
    ]
  },
  "zombie.tank.jump": {

    "sounds": [
      {"name": "shiver:zombie/tank_jump1"}, {"name": "shiver:zombie/tank_jump2"}, {"name": "shiver:zombie/tank_jump3"}
    ]
  },
  "zombie.tank.fall": {

    "sounds": [
      {"name": "shiver:zombie/tank_fall"}
    ]
  },
  "zombie.nest.spawn": {

    "sounds": [
      {"name": "shiver:zombie/nest/nest_spawn1"},
      {"name": "shiver:zombie/nest/nest_spawn2"},
      {"name": "shiver:zombie/nest/nest_spawn3"}
    ]
  },
  "zombie.nest.ambient": {

    "sounds": [
      {"name": "shiver:zombie/nest/nest1"},
      {"name": "shiver:zombie/nest/nest2"},
      {"name": "shiver:zombie/nest/nest3"},
      {"name": "shiver:zombie/nest/nest4"},
      {"name": "shiver:zombie/nest/nest5"},
      {"name": "shiver:zombie/nest/nest6"}
    ]
  },
  "zombie.bogged": {

    "sounds": [
      {"name": "shiver:zombie/bogged1"}, {"name": "shiver:zombie/bogged2"}, {"name": "shiver:zombie/bogged3"}
    ]
  },
  "zombie.jumper.hurt1": {

    "sounds": [
      {"name": "shiver:zombie/jumper1"}, {"name": "shiver:zombie/jumper4"}, {"name": "shiver:zombie/jumper5"}
    ]
  },
  "zombie.jumper.hurt2": {

    "sounds": [
      {"name": "shiver:zombie/jumper2"}
    ]
  },
  "zombie.jumper.attack": {

    "sounds": [
      {"name": "shiver:zombie/jumper3"}
    ]
  },

  "music.theme1": {"sounds": [ {"name": "shiver:music/m1"} ]},
  "music.theme2": {"sounds": [ {"name": "shiver:music/m2"} ]},
  "music.theme3": {"sounds": [ {"name": "shiver:music/m3"} ]},
  "music.theme4": {"sounds": [ {"name": "shiver:music/m4"} ]},
  "music.theme5": {"sounds": [ {"name": "shiver:music/m5"} ]},
  "music.theme6": {"sounds": [ {"name": "shiver:music/m6"} ]},
  "music.theme7": {"sounds": [ {"name": "shiver:music/m7"} ]},
  "music.theme8": {"sounds": [ {"name": "shiver:music/m8"} ]},
  "music.prepare": {"sounds": [ {"name": "shiver:music/prepare"} ]},
  "music.win1": {"sounds": [ {"name": "shiver:music/win1"} ]},
  "music.vertigo1": {"sounds": [ {"name": "shiver:music/mvertigo", "stream": true} ]},
  "music.vertigo2": {"sounds": [ {"name": "shiver:music/mvertigo_end"} ]},

  "ambience.memory": {"sounds": [ {"name": "shiver:ambience/memory"} ]},
  "ambience.wave1": {"sounds": [ {"name": "shiver:ambience/wave1"} ]},
  "ambience.wave2": {

    "sounds": [
      {"name": "shiver:ambience/wave2"}
    ]
  },
  "ambience.wave3": {

    "sounds": [
      {"name": "shiver:ambience/wave3"}
    ]
  },
  "ambience.wave4": {

    "sounds": [
      {"name": "shiver:ambience/wave4"}
    ]
  },
  "ambience.wind": {

    "sounds": [
      {"name": "shiver:ambience/wind"}
    ]
  },
  "ambience.wind2": {

    "sounds": [
      {"name": "shiver:ambience/wind2"}
    ]
  },
  "ambience.obval": {

    "sounds": [
      {"name": "shiver:ambience/obval"}
    ]
  },
  "ambience.windchime1": {

    "sounds": [
      {"name": "shiver:ambience/windchime4"}
    ]
  },
  "ambience.windchime2": {

    "sounds": [
      {"name": "shiver:ambience/windchime5"}
    ]
  },
  "ambience.map1heli": {

    "sounds": [
      {"name": "shiver:ambience/map1heli"}
    ]
  },
  "ambience.mic": {

    "sounds": [
      {"name": "shiver:ambience/mic"}
    ]
  },
  "ambience.door": {

    "sounds": [
      {"name": "shiver:ambience/door"}
    ]
  },
  "ambience.button10": {

    "sounds": [
      {"name": "shiver:ambience/button10"}
    ]
  },
  "ambience.button15": {

    "sounds": [
      {"name": "shiver:ambience/button15"}
    ]
  },
  "ambience.default_locked": {

    "sounds": [
      {"name": "shiver:ambience/default_locked"}
    ]
  },
  "ambience.radio1": {

    "sounds": [
      {"name": "shiver:ambience/radio1"}
    ]
  },
  "ambience.radio2": {

    "sounds": [
      {"name": "shiver:ambience/radio2"}
    ]
  },
  "ambience.heavy_metal_move1": {

    "sounds": [
      {"name": "shiver:ambience/heavy_metal_move1"}
    ]
  },
  "ambience.bridge_crack1": {

    "sounds": [
      {"name": "shiver:ambience/bridge_crack1"}
    ]
  },
  "ambience.bridge_crack2": {

    "sounds": [
      {"name": "shiver:ambience/bridge_crack2"}
    ]
  },
  "ambience.bridge_crush": {

    "sounds": [
      {"name": "shiver:ambience/bridge_crush"}
    ]
  },
  "ambience.generator2": {

    "sounds": [
      {"name": "shiver:ambience/generator2"}
    ]
  },
  "ambience.tv2": {

    "sounds": [
      {"name": "shiver:ambience/tv2"}
    ]
  },
  "ambience.doormove1": {

    "sounds": [
      {"name": "shiver:ambience/doormove1"}
    ]
  },
  "ambience.vent_open3": {

    "sounds": [
      {"name": "shiver:ambience/vent_open3"}
    ]
  },
  "ambience.elevator1": {

    "sounds": [
      {"name": "shiver:ambience/elevator1"}
    ]
  },
  "ambience.elevator2": {

    "sounds": [
      {"name": "shiver:ambience/elevator2"}
    ]
  },
  "ambience.steam2": {

    "sounds": [
      {"name": "shiver:ambience/steam2"}
    ]
  },
  "ambience.lever1": {

    "sounds": [
      {"name": "shiver:ambience/lever1"}
    ]
  },
  "ambience.gate_move1": {

    "sounds": [
      {"name": "shiver:ambience/gate_move1"}
    ]
  },
  "ambience.saw": {

    "sounds": [
      {"name": "shiver:ambience/saw"}
    ]
  },
  "ambience.lever7": {

    "sounds": [
      {"name": "shiver:ambience/lever7"}
    ]
  },
  "ambience.zap": {

    "sounds": [
      "shiver:ambience/superphys_small_zap1",
      "shiver:ambience/superphys_small_zap2",
      "shiver:ambience/superphys_small_zap3",
      "shiver:ambience/superphys_small_zap4"
    ]
  },
  "ambience.grind": {

    "sounds": [
      "shiver:ambience/grind2",
      "shiver:ambience/grind3",
      "shiver:ambience/grind4",
      "shiver:ambience/grind5"
    ]
  },
  "radio.accept": {"sounds": [ {"name": "shiver:radio/accept"} ]},
  "radio.ok": {"sounds": [ {"name": "shiver:radio/ok"} ]},
  "radio.fly1": {"sounds": [ {"name": "shiver:radio/fly1"} ]},
  "radio.fly2": {"sounds": [ {"name": "shiver:radio/fly2"} ]},
  "radio.go1": {"sounds": [ {"name": "shiver:radio/go1"} ]},
  "radio.go2": {"sounds": [ {"name": "shiver:radio/go2"} ]},
  "radio.go3": {"sounds": [ {"name": "shiver:radio/go3"} ]},
  "radio.light_house_lore": {"sounds": [ {"name": "shiver:radio/light_house_lore"} ]},
  "box.arsenal": {

    "sounds": [
      {"name": "shiver:box/arsenal"}
    ]
  },
  "box.crafting_table": {

    "sounds": [
      {"name": "shiver:box/work"}
    ]
  },
  "box.break": {

    "sounds": [
      {"name": "shiver:box/boxbreak1"}, {"name": "shiver:box/boxbreak2"}
    ]
  },
  "box.place": {

    "sounds": [
      {"name": "shiver:box/place_box"}
    ]
  },
  "box.place_ct": {

    "sounds": [
      {"name": "shiver:box/crafting_table_place"}
    ]
  },
  "box.fix": {

    "sounds": [
      {"name": "shiver:box/fix1"}, {"name": "shiver:box/fix2"}
    ]
  },
  "wood1": {

    "sounds": [
      {"name": "shiver:wood1"}
    ]
  },
  "wood2": {

    "sounds": [
      {"name": "shiver:wood2"}
    ]
  },
  "wood": {

    "sounds": [
      {"name": "shiver:wood1"}, {"name": "shiver:wood2"}
    ]
  },
  "metal": {

    "sounds": [
      {"name": "shiver:metal"}
    ]
  },
  "glass": {

    "sounds": [
      {"name": "shiver:glass1"}, {"name": "shiver:glass2"},
      {"name": "shiver:glass3"}, {"name": "shiver:glass4"}
    ]
  },
  "metal_impact": {

    "sounds": [
      {"name": "shiver:metal_impact1"}, {"name": "shiver:metal_impact2"}, {"name": "shiver:metal_impact3"}
    ]
  },
  "barrel_impact": {

    "sounds": [
      {"name": "shiver:barrel_impact1"}, {"name": "shiver:barrel_impact2"}, {"name": "shiver:barrel_impact3"}
    ]
  },
  "barrelimpact": {

    "sounds": [
      {"name": "shiver:barrel_impact1"}, {"name": "shiver:barrel_impact2"}, {"name": "shiver:barrel_impact3"}
    ]
  },
  "woosh": {

    "sounds": [
      {"name": "shiver:woosh"}
    ]
  },
  "death": {

    "sounds": [
      {"name": "shiver:death"}
    ]
  },
  "tap": {

    "sounds": [
      {"name": "shiver:tap"}
    ]
  },
  "weapon.c4": {

    "sounds": [
      {"name": "shiver:weapon/c4"}
    ]
  },
  "weapon.c4.place": {

    "sounds": [
      {"name": "shiver:weapon/c41"}
    ]
  },
  "weapon.c4.explode": {

    "sounds": [
      {"name": "shiver:weapon/explode4"}
    ]
  },
  "weapon.melee.sign": {

    "sounds": [
      {"name": "shiver:weapon/sign1"}, {"name": "shiver:weapon/sign2"}, {"name": "shiver:weapon/sign3"}
    ]
  },
  "weapon.melee.real-knife": {

    "sounds": [
      {"name": "shiver:weapon/melee_hit/knife_1"},
      {"name": "shiver:weapon/melee_hit/knife_2"},
      {"name": "shiver:weapon/melee_hit/knife_3"}
    ]
  },
  "weapon.melee.knife": {

    "sounds": [
      {"name": "shiver:weapon/melee_hit/knife2"},
      {"name": "shiver:weapon/melee_hit/knife1"}
    ]
  },
  "weapon.melee.stunstick": {

    "sounds": [
      {"name": "shiver:weapon/melee_hit/stunstick1"},
      {"name": "shiver:weapon/melee_hit/stunstick2"}
    ]
  },
  "weapon.melee.stunblock": {

    "sounds": [
      {"name": "shiver:weapon/melee_hit/stunstick_block"}
    ]
  },
  "weapon.melee.hit": {

    "sounds": [
      {"name": "shiver:weapon/melee_hit/1"},
      {"name": "shiver:weapon/melee_hit/2"},
      {"name": "shiver:weapon/melee_hit/3"},
      {"name": "shiver:weapon/melee_hit/4"},
      {"name": "shiver:weapon/melee_hit/5"},
      {"name": "shiver:weapon/melee_hit/6"},
      {"name": "shiver:weapon/melee_hit/7"}
    ]
  },
  "weapon.melee.hit1": {

    "sounds": [
      {"name": "shiver:weapon/melee_hit/1"}
    ]
  },
  "weapon.melee.hit2": {

    "sounds": [
      {"name": "shiver:weapon/melee_hit/2"}
    ]
  },
  "weapon.melee.hit3": {

    "sounds": [
      {"name": "shiver:weapon/melee_hit/3"}
    ]
  },
  "weapon.melee.hit4": {

    "sounds": [
      {"name": "shiver:weapon/melee_hit/4"}
    ]
  },
  "weapon.melee.hit5": {

    "sounds": [
      {"name": "shiver:weapon/melee_hit/5"}
    ]
  },
  "weapon.melee.hit6": {

    "sounds": [
      {"name": "shiver:weapon/melee_hit/6"}
    ]
  },
  "weapon.melee.hit7": {

    "sounds": [
      {"name": "shiver:weapon/melee_hit/7"}
    ]
  },
  "weapon.melee.head_less": {

    "sounds": [
      {"name": "shiver:weapon/melee_hit/headless1"},
      {"name": "shiver:weapon/melee_hit/headless2"},
      {"name": "shiver:weapon/melee_hit/headless3"}
    ]
  },
  "weapon.melee.armature": {

    "sounds": [
      {"name": "shiver:weapon/melee_hit/armature1"},
      {"name": "shiver:weapon/melee_hit/armature2"},
      {"name": "shiver:weapon/melee_hit/armature3"},
      {"name": "shiver:weapon/melee_hit/armature4"}
    ]
  },
  "weapon.melee.shovel": {

    "sounds": [
      {"name": "shiver:weapon/melee_hit/shovel-hit1"},
      {"name": "shiver:weapon/melee_hit/shovel-hit2"},
      {"name": "shiver:weapon/melee_hit/shovel-hit3"},
      {"name": "shiver:weapon/melee_hit/shovel-hit4"}
    ]
  },
  "weapon.melee.hammer": {

    "sounds": [
      {"name": "shiver:weapon/melee_hit/hammer1"},
      {"name": "shiver:weapon/melee_hit/hammer2"},
      {"name": "shiver:weapon/melee_hit/hammer3"},
      {"name": "shiver:weapon/melee_hit/hammer4"}
    ]
  },
  "weapon.tnt": {

    "sounds": [
      {"name": "shiver:weapon/tnt"}
    ]
  },
  "weapon.clip_empty": {

    "sounds": [
      {"name": "shiver:weapon/clipempty"}
    ]
  },
  "weapon.gilz": {

    "sounds": [
      {"name": "shiver:weapon/gilz1"}
    ]
  },
  "weapon.turret": {

    "sounds": [
      {"name": "shiver:weapon/turret"}
    ]
  },
  "weapon.turret.clip": {

    "sounds": [
      {"name": "shiver:weapon/turret_clip"}
    ]
  },
  "weapon.turret.on": {

    "sounds": [
      {"name": "shiver:weapon/turret_o"}
    ]
  },
  "weapon.turret.off": {

    "sounds": [
      {"name": "shiver:weapon/turret_f"}
    ]
  },
  "weapon.turret.move": {

    "sounds": [
      {"name": "shiver:weapon/turret_move"}
    ]
  },
  "weapon.turret.damage": {

    "sounds": [
      {"name": "shiver:weapon/turret_damage1"}, {"name": "shiver:weapon/turret_damage2"}, {"name": "shiver:weapon/turret_damage3"}
    ]
  },
  "weapon.turret.beep": {

    "sounds": [
      {"name": "shiver:weapon/turret_beep"}
    ]
  },
  "weapon.turret.in": {

    "sounds": [
      {"name": "shiver:weapon/turret_in"}
    ]
  },
  "weapon.bolter": {

    "sounds": [
      {"name": "shiver:weapon/bolter"}
    ]
  },
  "weapon.ak47": {

    "sounds": [
      {"name": "shiver:weapon/ak47"}
    ]
  },
  "weapon.ak47.reload": {

    "sounds": [
      {"name": "shiver:weapon/ak47_reload"}
    ]
  },
  "weapon.spas12": {

    "sounds": [
      {"name": "shiver:weapon/spas12"}
    ]
  },
  "weapon.spas12.cock": {

    "sounds": [
      {"name": "shiver:weapon/cock"}
    ]
  },
  "weapon.spas12.gilz_reload": {

    "sounds": [
      {"name": "shiver:weapon/gilz_reload"}
    ]
  },
  "weapon.spas12.away": {

    "sounds": [
      {"name": "shiver:weapon/spas12_away"}
    ]
  },
  "weapon.pistol": {

    "sounds": [
      {"name": "shiver:weapon/pistol"}
    ]
  },
  "weapon.pistol.reload": {

    "sounds": [
      {"name": "shiver:weapon/pistol_reload"}
    ]
  },
  "weapon.pistol.away": {

    "sounds": [
      {"name": "shiver:weapon/pistol_away"}
    ]
  },
  "weapon.smg": {

    "sounds": [
      {"name": "shiver:weapon/smg"}
    ]
  },
  "weapon.smg.reload": {

    "sounds": [
      {"name": "shiver:weapon/smg_reload"}
    ]
  },
  "weapon.grenadelauncher": {

    "sounds": [
      {"name": "shiver:weapon/grenade_launcher"}
    ]
  },
  "weapon.grenadelauncher2": {

    "sounds": [
      {"name": "shiver:weapon/grenade_launcher2"}
    ]
  },
  "weapon.grenadelauncher.reload": {

    "sounds": [
      {"name": "shiver:weapon/grenade_launcher_reload"}
    ]
  },
  "weapon.magnum": {

    "sounds": [
      {"name": "shiver:weapon/magnum"}
    ]
  },
  "weapon.sniperrifle": {"sounds": [ {"name": "shiver:weapon/sniper_rifle"} ]},
  "weapon.sniper.reload": {"sounds": [ {"name": "shiver:weapon/sniper_reload"} ]},
  "weapon.sniper.zoom": {"sounds": [ {"name": "shiver:weapon/sniper_zoom"} ] },
  "weapon.explode": {"sounds": [ {"name": "shiver:weapon/explode1"}, {"name": "shiver:weapon/explode2"},{"name": "shiver:weapon/explode3"} ] },
  "weapon.magnum.reload": {

    "sounds": [
      {"name": "shiver:weapon/magnum_reload"}
    ]
  },
  "weapon.ric": {

    "sounds": [
      {"name": "shiver:weapon/ric/ric1"},
      {"name": "shiver:weapon/ric/ric2"},
      {"name": "shiver:weapon/ric/ric3"},
      {"name": "shiver:weapon/ric/ric4"},
      {"name": "shiver:weapon/ric/ric5"}
    ]
  },
  "weapon.bullet.flesh": {

    "sounds": [
      {"name": "shiver:weapon/bullet/fb1"},
      {"name": "shiver:weapon/bullet/fb2"},
      {"name": "shiver:weapon/bullet/fb3"},
      {"name": "shiver:weapon/bullet/fb4"},
      {"name": "shiver:weapon/bullet/fb5"}
    ]
  },
  "weapon.swing": {

    "sounds": [
      {"name": "shiver:weapon/swing"}
    ]
  },
  "weapon.blade": {

    "sounds": [
      {"name": "shiver:weapon/blade1"}, {"name": "shiver:weapon/blade2"}, {"name": "shiver:weapon/blade3"}
    ]
  },
  "beats.scary.1": {

    "sounds": [
      {"name": "shiver:mood/scary/1"}
    ]
  },
  "beats.scary.2": {

    "sounds": [
      {"name": "shiver:mood/scary/2"}
    ]
  },
  "beats.scary.3": {

    "sounds": [
      {"name": "shiver:mood/scary/3"}
    ]
  },
  "beats.scary.4": {

    "sounds": [
      {"name": "shiver:mood/scary/4"}
    ]
  },
  "beats.scary.5": {

    "sounds": [
      {"name": "shiver:mood/scary/5"}
    ]
  },
  "beats.scary.6": {

    "sounds": [
      {"name": "shiver:mood/scary/6"}
    ]
  },
  "beats.scary.7": {

    "sounds": [
      {"name": "shiver:mood/scary/7"}
    ]
  },
  "beats.scary.8": {

    "sounds": [
      {"name": "shiver:mood/scary/8"}
    ]
  },
  "beats.scary.9": {

    "sounds": [
      {"name": "shiver:mood/scary/9"}
    ]
  },
  "beats.scary.10": {

    "sounds": [
      {"name": "shiver:mood/scary/9"}
    ]
  },
  "beats.drive.1": {

    "sounds": [
      {"name": "shiver:mood/beats/1"}
    ]
  },
  "beats.drive.2": {

    "sounds": [
      {"name": "shiver:mood/beats/2"}
    ]
  },
  "beats.drive.3": {

    "sounds": [
      {"name": "shiver:mood/beats/3"}
    ]
  },
  "beats.drive.4": {

    "sounds": [
      {"name": "shiver:mood/beats/4"}
    ]
  },
  "beats.drive.5": {

    "sounds": [
      {"name": "shiver:mood/beats/5"}
    ]
  },
  "beats.drive.6": {

    "sounds": [
      {"name": "shiver:mood/beats/6"}
    ]
  },
  "beats.drive.7": {

    "sounds": [
      {"name": "shiver:mood/beats/7"}
    ]
  },
  "beats.drive.8": {

    "sounds": [
      {"name": "shiver:mood/beats/8"}
    ]
  },
  "beats.drive.9": {

    "sounds": [
      {"name": "shiver:mood/beats/9"}
    ]
  },
  "beats.drive.10": {

    "sounds": [
      {"name": "shiver:mood/beats/10"}
    ]
  },
  "hit.flesh": {

    "sounds": [
      {"name": "shiver:pain/flesh_hit1"},
      {"name": "shiver:pain/flesh_hit2"},
      {"name": "shiver:pain/flesh_hit3"}
    ]
  },
  "hit.head_less": {

    "sounds": [
      {"name": "shiver:pain/blood"}
    ]
  },
  "hit.flesh_impact": {

    "sounds": [
      {"name": "shiver:pain/flesh/body_medium_impact_hard1"},
      {"name": "shiver:pain/flesh/body_medium_impact_hard2"},
      {"name": "shiver:pain/flesh/body_medium_impact_hard3"},
      {"name": "shiver:pain/flesh/body_medium_impact_hard4"},
      {"name": "shiver:pain/flesh/body_medium_impact_hard5"},
      {"name": "shiver:pain/flesh/body_medium_impact_hard6"}
    ]
  },
  "person.colton.hurt1": {

    "sounds": [
      {"name": "shiver:person/colton/pain1"}
    ]
  },
  "person.colton.hurt2": {

    "sounds": [
      {"name": "shiver:person/colton/pain2"}
    ]
  },
  "person.colton.hurt3": {

    "sounds": [
      {"name": "shiver:person/colton/pain3"}
    ]
  },
  "person.colton.hurt4": {

    "sounds": [
      {"name": "shiver:person/colton/pain4"}
    ]
  },
  "person.colton.hurt5": {

    "sounds": [
      {"name": "shiver:person/colton/pain5"}
    ]
  },
  "person.colton.hurt6": {

    "sounds": [
      {"name": "shiver:person/colton/pain6"}
    ]
  },
  "person.colton.thanks1": {
    "sounds": []
  },
  "person.colton.thanks2": {
    "sounds": []
  },
  "person.colton.thanks3": {
    "sounds": []
  },
  "person.colton.thanks4": {
    "sounds": []
  },
  "person.colton.thanks5": {
    "sounds": []
  },
  "person.colton.death1": {

    "sounds": [
      {"name": "shiver:person/colton/death1"}
    ]
  },
  "person.colton.death2": {

    "sounds": [
      {"name": "shiver:person/colton/death2"}
    ]
  },
  "person.colton.cough1": {

    "sounds": [
      {"name": "shiver:person/colton/cough1"}
    ]
  },
  "person.colton.cough2": {

    "sounds": [
      {"name": "shiver:person/colton/cough2"}
    ]
  },
  "person.colton.cough3": {

    "sounds": [
      {"name": "shiver:person/colton/cough3"}
    ]
  },
  "person.bill.hurt1": {

    "sounds": [
      {"name": "shiver:person/bill/hurt1"}
    ]
  },
  "person.bill.hurt2": {

    "sounds": [
      {"name": "shiver:person/bill/hurt2"}
    ]
  },
  "person.bill.hurt3": {

    "sounds": [
      {"name": "shiver:person/bill/hurt3"}
    ]
  },
  "person.bill.hurt4": {

    "sounds": [
      {"name": "shiver:person/bill/hurt3"}
    ]
  },
  "person.bill.hurt5": {

    "sounds": [
      {"name": "shiver:person/bill/hurt4"}
    ]
  },
  "person.bill.hurt6": {

    "sounds": [
      {"name": "shiver:person/bill/hurt5"}
    ]
  },
  "person.bill.thanks1": {

    "sounds": [
      {"name": "shiver:person/bill/thanks1"}
    ]
  },
  "person.bill.thanks2": {

    "sounds": [
      {"name": "shiver:person/bill/thanks2"}
    ]
  },
  "person.bill.thanks3": {

    "sounds": [
      {"name": "shiver:person/bill/thanks3"}
    ]
  },
  "person.bill.thanks4": {

    "sounds": [
      {"name": "shiver:person/bill/thanks4"}
    ]
  },
  "person.bill.thanks5": {

    "sounds": [
      {"name": "shiver:person/bill/thanks5"}
    ]
  },
  "person.bill.death1": {

    "sounds": [
      {"name": "shiver:person/bill/death"}
    ]
  },
  "person.bill.death2": {

    "sounds": [
      {"name": "shiver:person/bill/death"}
    ]
  },
  "person.bill.cough1": {

    "sounds": [
      {"name": "shiver:person/bill/cough1"}
    ]
  },
  "person.bill.cough2": {

    "sounds": [
      {"name": "shiver:person/bill/cough2"}
    ]
  },
  "person.bill.cough3": {

    "sounds": [
      {"name": "shiver:person/bill/cough3"}
    ]
  },
  "person.bill.disease1": {

    "sounds": [
      {"name": "shiver:person/bill/disease1"}
    ]
  },
  "person.bill.disease2": {

    "sounds": [
      {"name": "shiver:person/bill/disease2"}
    ]
  },
  "person.bill.disease3": {

    "sounds": [
      {"name": "shiver:person/bill/disease3"}
    ]
  },
  "person.bill.disease4": {

    "sounds": [
      {"name": "shiver:person/bill/disease4"}
    ]
  },
  "person.bill.disease5": {

    "sounds": [
      {"name": "shiver:person/bill/disease5"}
    ]
  },
  "person.bill.help1": {

    "sounds": [
      {"name": "shiver:person/bill/help1"}
    ]
  },
  "person.bill.help2": {

    "sounds": [
      {"name": "shiver:person/bill/help2"}
    ]
  },
  "person.bill.help3": {

    "sounds": [
      {"name": "shiver:person/bill/help3"}
    ]
  },
  "person.bill.give1": {"sounds": [ {"name": "shiver:person/bill/give1"} ]},
  "person.bill.give2": {"sounds": [ {"name": "shiver:person/bill/give2"} ]},
  "person.bill.give3": {"sounds": [ {"name": "shiver:person/bill/give3"} ]},
  "person.bill.give4": {"sounds": [ {"name": "shiver:person/bill/give4"} ]},

  "person.coach.hurt1": {"sounds": [ {"name": "shiver:person/coach/pain1"} ]},
  "person.coach.hurt2": {"sounds": [ {"name": "shiver:person/coach/pain2"} ]},
  "person.coach.hurt3": {"sounds": [ {"name": "shiver:person/coach/pain3"} ]},
  "person.coach.hurt4": { "sounds": [ {"name": "shiver:person/coach/pain4"} ]},
  "person.coach.hurt5": {"sounds": [ {"name": "shiver:person/coach/pain5"}] },
  "person.coach.hurt6": {"sounds": [ {"name": "shiver:person/coach/pain6"} ]},
  "person.coach.thanks1": {"sounds": [ {"name": "shiver:person/coach/thanks1"} ]},
  "person.coach.thanks2": {"sounds": [ {"name": "shiver:person/coach/thanks2"} ]},
  "person.coach.thanks3": {"sounds": [ {"name": "shiver:person/coach/thanks3"} ]},
  "person.coach.thanks4": {"sounds": []},
  "person.coach.thanks5": {"sounds": []},
  "person.coach.death1": {"sounds": [ {"name": "shiver:person/coach/death1"} ]},
  "person.coach.death2": {"sounds": [ {"name": "shiver:person/coach/death2"} ]},
  "person.coach.cough1": {"sounds": [ {"name": "shiver:person/coach/cough1"} ]},
  "person.coach.cough2": {"sounds": [ {"name": "shiver:person/coach/cough2"} ]},
  "person.coach.cough3": {"sounds": [ {"name": "shiver:person/coach/cough3"} ]},
  "person.coach.disease1": {"sounds": [ {"name": "shiver:person/coach/disease1"} ]},
  "person.coach.disease2": {"sounds": [ {"name": "shiver:person/coach/disease2"} ]},
  "person.coach.disease3": {"sounds": [ {"name": "shiver:person/coach/disease3"} ]},
  "person.coach.disease4": {"sounds": [ {"name": "shiver:person/coach/disease4"} ]},
  "person.coach.disease5": {"sounds": [ {"name": "shiver:person/coach/disease5"} ]},
  "person.coach.help1": {"sounds": [ {"name": "shiver:person/coach/help1"} ]},
  "person.coach.help2": {"sounds": [ {"name": "shiver:person/coach/help2"} ]},
  "person.coach.help3": {"sounds": [ {"name": "shiver:person/coach/help3"} ]},
  "person.coach.give1": {"sounds": [ {"name": "shiver:person/coach/give1"} ]},
  "person.coach.give2": {"sounds": [ {"name": "shiver:person/coach/give2"} ]},
  "person.coach.give3": {"sounds": [ {"name": "shiver:person/coach/give3"} ]},
  "person.coach.give4": {"sounds": [ {"name": "shiver:person/coach/give4"} ]},

  "scream1": {
    "sounds": [
      {"name": "shiver:screamer/scream1"}
    ]
  },
  "scream2": {

    "sounds": [
      {"name": "shiver:screamer/scream2"}
    ]
  },
  "scream3": {

    "sounds": [
      {"name": "shiver:screamer/scream3"}
    ]
  }
}