{
    "parent": "minecraft:item/handheld",
    "textures": {
        "layer0": "minecraft:item/leather_horse_armor"
    },
    "overrides": [
        {"predicate": {"custom_model_data": 1},"model": "shiver:weapons/trace"},
        {"predicate": {"custom_model_data": 10},"model": "shiver:weapons/ammo1"},
        {"predicate": {"custom_model_data": 11},"model": "shiver:weapons/ammo2"},
        {"predicate": {"custom_model_data": 12},"model": "shiver:weapons/ammo3"},
        {"predicate": {"custom_model_data": 13},"model": "shiver:weapons/ammo4"},
        {"predicate": {"custom_model_data": 14},"model": "shiver:weapons/ammo5"},
        {"predicate": {"custom_model_data": 15},"model": "shiver:weapons/ammo6"},
        {"predicate": {"custom_model_data": 30},"model": "shiver:weapons/9mm_gilz"},
        {"predicate": {"custom_model_data": 31},"model": "shiver:weapons/buckshot_gilz"},
        {"predicate": {"custom_model_data": 32},"model": "shiver:weapons/7x36mm_gilz"},
        {"predicate": {"custom_model_data": 33},"model": "shiver:weapons/core"},
        {"predicate": {"custom_model_data": 50},"model": "shiver:rock"},
        {"predicate": {"custom_model_data": 51},"model": "shiver:detal"},
        {"predicate": {"custom_model_data": 52},"model": "shiver:toolbox"},
        {"predicate": {"custom_model_data": 53},"model": "shiver:boxes/plank"},
        {"predicate": {"custom_model_data": 54},"model": "shiver:iron"},
        {"predicate": {"custom_model_data": 55},"model": "shiver:pills"},
        {"predicate": {"custom_model_data": 56},"model": "shiver:weapons/c4"},
        {"predicate": {"custom_model_data": 57},"model": "shiver:weapons/c4p"},
        {"predicate": {"custom_model_data": 58},"model": "shiver:weapons/turret/head"},
        {"predicate": {"custom_model_data": 59},"model": "shiver:weapons/turret/body"},
        {"predicate": {"custom_model_data": 60},"model": "shiver:weapons/turret/sentry"},
        {"predicate": {"custom_model_data": 61},"model": "shiver:weapons/turret/laser"},
        {"predicate": {"custom_model_data": 62},"model": "shiver:weapons/turret/fire1"},
        {"predicate": {"custom_model_data": 63},"model": "shiver:weapons/turret/fire2"},
        {"predicate": {"custom_model_data": 64},"model": "shiver:weapons/turret/head_b"},
        {"predicate": {"custom_model_data": 65},"model": "shiver:weapons/c4a"},
        {"predicate": {"custom_model_data": 66},"model": "shiver:weapons/turret/body_1"},
        {"predicate": {"custom_model_data": 67},"model": "shiver:weapons/turret/body_2"},
        {"predicate": {"custom_model_data": 68},"model": "shiver:weapons/turret/body_3"},
        {"predicate": {"custom_model_data": 69},"model": "shiver:weapons/turret/body_4"},
        {"predicate": {"custom_model_data": 70},"model": "shiver:weapons/turret/body_5"},
        {"predicate": {"custom_model_data": 71},"model": "shiver:weapons/turret/body_6"},
        {"predicate": {"custom_model_data": 72},"model": "shiver:weapons/turret/limb1"},
        {"predicate": {"custom_model_data": 73},"model": "shiver:weapons/turret/limb2"},
        {"predicate": {"custom_model_data": 74},"model": "shiver:weapons/turret/limb3"},
        {"predicate": {"custom_model_data": 75},"model": "shiver:weapons/turret/limb4"},
        {"predicate": {"custom_model_data": 76},"model": "shiver:boxes/planks"},
        {"predicate": {"custom_model_data": 77},"model": "shiver:doctor_kit"},
        {"predicate": {"custom_model_data": 78},"model": "shiver:tools_kit"},
        {"predicate": {"custom_model_data": 79},"model": "shiver:bandage"},
        {"predicate": {"custom_model_data": 80},"model": "shiver:med_capsule"},
        {"predicate": {"custom_model_data": 81},"model": "shiver:antidot"},
        {"predicate": {"custom_model_data": 82},"model": "shiver:metal_list"},
        {"predicate": {"custom_model_data": 83},"model": "shiver:beacon"},
        {"predicate": {"custom_model_data": 84},"model": "shiver:weapons/tnt2"},
        {"predicate": {"custom_model_data": 85},"model": "shiver:weapons/saw"},
        {"predicate": {"custom_model_data": 100},"model": "shiver:zombies/default/head1"},
        {"predicate": {"custom_model_data": 101},"model": "shiver:zombies/default/head2"},
        {"predicate": {"custom_model_data": 102},"model": "shiver:zombies/default/head3"},
        {"predicate": {"custom_model_data": 103},"model": "shiver:zombies/default/head4"},
        {"predicate": {"custom_model_data": 104},"model": "shiver:zombies/default/head5"},
        {"predicate": {"custom_model_data": 105},"model": "shiver:zombies/default/head6"},
        {"predicate": {"custom_model_data": 110},"model": "shiver:zombies/default/arm"},
        {"predicate": {"custom_model_data": 111},"model": "shiver:zombies/default/leg"},
        {"predicate": {"custom_model_data": 112},"model": "shiver:zombies/default/body"},
        {"predicate": {"custom_model_data": 115},"model": "shiver:zombies/meat"},
        {"predicate": {"custom_model_data": 116},"model": "shiver:zombies/migrator/migrator_head"},
        {"predicate": {"custom_model_data": 117},"model": "shiver:zombies/migrator/migrator_head2"},
        {"predicate": {"custom_model_data": 118},"model": "shiver:zombies/migrator/migrator_arm"},
        {"predicate": {"custom_model_data": 119},"model": "shiver:zombies/fly"},
        {"predicate": {"custom_model_data": 120},"model": "shiver:zombies/fly2"},
        {"predicate": {"custom_model_data": 121},"model": "shiver:zombies/nest"},
        {"predicate": {"custom_model_data": 122},"model": "shiver:zombies/nest2"},
        {"predicate": {"custom_model_data": 123},"model": "shiver:zombies/fast/fast_head"},
        {"predicate": {"custom_model_data": 124},"model": "shiver:zombies/fast/fast_head2"},
        {"predicate": {"custom_model_data": 125},"model": "shiver:zombies/fast/fast_head3"},
        {"predicate": {"custom_model_data": 126},"model": "shiver:zombies/fast/fast_arm"},
        {"predicate": {"custom_model_data": 127},"model": "shiver:zombies/fast/arm"},
        {"predicate": {"custom_model_data": 128},"model": "shiver:zombies/fast/leg"},
        {"predicate": {"custom_model_data": 129},"model": "shiver:zombies/fast/body"},
        {"predicate": {"custom_model_data": 130},"model": "shiver:zombies/breaker/head1"},
        {"predicate": {"custom_model_data": 131},"model": "shiver:zombies/breaker/head2"},
        {"predicate": {"custom_model_data": 132},"model": "shiver:zombies/breaker/head3"},
        {"predicate": {"custom_model_data": 133},"model": "shiver:zombies/breaker/head4"},
        {"predicate": {"custom_model_data": 134},"model": "shiver:zombies/breaker/arm"},
        {"predicate": {"custom_model_data": 135},"model": "shiver:zombies/breaker/arm2"},
        {"predicate": {"custom_model_data": 136},"model": "shiver:zombies/breaker/arm3"},
        {"predicate": {"custom_model_data": 140},"model": "shiver:zombies/player/head1"},
        {"predicate": {"custom_model_data": 145},"model": "shiver:zombies/player/arm"},
        {"predicate": {"custom_model_data": 150},"model": "shiver:zombies/drooler/head1"},
        {"predicate": {"custom_model_data": 151},"model": "shiver:zombies/drooler/head2"},
        {"predicate": {"custom_model_data": 152},"model": "shiver:zombies/drooler/head3"},
        {"predicate": {"custom_model_data": 155},"model": "shiver:zombies/drooler/body"},
        {"predicate": {"custom_model_data": 156},"model": "shiver:zombies/drooler/arm"},
        {"predicate": {"custom_model_data": 157},"model": "shiver:zombies/drooler/leg"},
        {"predicate": {"custom_model_data": 160},"model": "shiver:zombies/strong/head1"},
        {"predicate": {"custom_model_data": 161},"model": "shiver:zombies/strong/head2"},
        {"predicate": {"custom_model_data": 162},"model": "shiver:zombies/strong/head3"},
        {"predicate": {"custom_model_data": 165},"model": "shiver:zombies/strong/arm"},
        {"predicate": {"custom_model_data": 166},"model": "shiver:zombies/strong/darm"},
        {"predicate": {"custom_model_data": 167},"model": "shiver:zombies/strong/body"},
        {"predicate": {"custom_model_data": 168},"model": "shiver:zombies/strong/leg"},
        {"predicate": {"custom_model_data": 170},"model": "shiver:zombies/tank/head1"},
        {"predicate": {"custom_model_data": 175},"model": "shiver:zombies/tank/arm"},
        {"predicate": {"custom_model_data": 180},"model": "shiver:zombies/handra/head1"},
        {"predicate": {"custom_model_data": 181},"model": "shiver:zombies/handra/head2"},
        {"predicate": {"custom_model_data": 182},"model": "shiver:zombies/handra/head3"},
        {"predicate": {"custom_model_data": 185},"model": "shiver:zombies/handra/arm"},
        {"predicate": {"custom_model_data": 186},"model": "shiver:zombies/handra/body"},
        {"predicate": {"custom_model_data": 187},"model": "shiver:zombies/handra/darm"},
        {"predicate": {"custom_model_data": 188},"model": "shiver:zombies/handra/leg"},
        {"predicate": {"custom_model_data": 190},"model": "shiver:zombies/allstar/head1"},
        {"predicate": {"custom_model_data": 191},"model": "shiver:zombies/allstar/head2"},
        {"predicate": {"custom_model_data": 192},"model": "shiver:zombies/allstar/head3"},
        {"predicate": {"custom_model_data": 193},"model": "shiver:zombies/allstar/head4"},
        {"predicate": {"custom_model_data": 200},"model": "shiver:zombies/jumper"},
        {"predicate": {"custom_model_data": 201},"model": "shiver:zombies/jumper2"},
        {"predicate": {"custom_model_data": 202},"model": "shiver:zombies/jumper3"},
        {"predicate": {"custom_model_data": 203},"model": "shiver:zombies/jumper_a"},
        {"predicate": {"custom_model_data": 204},"model": "shiver:zombies/jumper_angry"},
        {"predicate": {"custom_model_data": 205},"model": "shiver:zombies/jumper_angry_a"},
        {"predicate": {"custom_model_data": 206},"model": "shiver:zombies/hornet"},
        {"predicate": {"custom_model_data": 207},"model": "shiver:zombies/hornet2"},
        {"predicate": {"custom_model_data": 210},"model": "shiver:zombies/mutant/head1"},
        {"predicate": {"custom_model_data": 211},"model": "shiver:zombies/mutant/head2"},
        {"predicate": {"custom_model_data": 212},"model": "shiver:zombies/mutant/head3"},
        {"predicate": {"custom_model_data": 213},"model": "shiver:zombies/mutant/head4"},
        {"predicate": {"custom_model_data": 214},"model": "shiver:zombies/mutant/arm"},
        {"predicate": {"custom_model_data": 215},"model": "shiver:zombies/creeper/model"},
        {"predicate": {"custom_model_data": 216},"model": "shiver:zombies/creeper/body"},
        {"predicate": {"custom_model_data": 217},"model": "shiver:zombies/creeper/rleg"},
        {"predicate": {"custom_model_data": 218},"model": "shiver:zombies/creeper/lleg"},
        {"predicate": {"custom_model_data": 219},"model": "shiver:zombies/creeper/brleg"},
        {"predicate": {"custom_model_data": 220},"model": "shiver:zombies/creeper/blleg"},
        {"predicate": {"custom_model_data": 221},"model": "shiver:zombies/miner/head1"},
        {"predicate": {"custom_model_data": 222},"model": "shiver:zombies/miner/head2"},
        {"predicate": {"custom_model_data": 223},"model": "shiver:zombies/miner/arm"},
        {"predicate": {"custom_model_data": 298},"model": "shiver:boxes/box_selection_x"},
        {"predicate": {"custom_model_data": 299},"model": "shiver:boxes/box_selection"},
        {"predicate": {"custom_model_data": 300},"model": "shiver:boxes/1"},
        {"predicate": {"custom_model_data": 301},"model": "shiver:boxes/2"},
        {"predicate": {"custom_model_data": 302},"model": "shiver:boxes/3"},
        {"predicate": {"custom_model_data": 303},"model": "shiver:boxes/4"},
        {"predicate": {"custom_model_data": 305},"model": "shiver:boxes/5"},
        {"predicate": {"custom_model_data": 306},"model": "shiver:boxes/6"},
        {"predicate": {"custom_model_data": 400},"model": "shiver:boxes/1_1"},
        {"predicate": {"custom_model_data": 401},"model": "shiver:boxes/1_2"},
        {"predicate": {"custom_model_data": 402},"model": "shiver:boxes/3_1"},
        {"predicate": {"custom_model_data": 403},"model": "shiver:boxes/3_2"},
        {"predicate": {"custom_model_data": 404},"model": "shiver:boxes/2_1"},
        {"predicate": {"custom_model_data": 405},"model": "shiver:boxes/2_2"},
        {"predicate": {"custom_model_data": 406},"model": "shiver:boxes/4_2"},
        {"predicate": {"custom_model_data": 407},"model": "shiver:boxes/4_3"},
        {"predicate": {"custom_model_data": 408},"model": "shiver:boxes/5_2"},
        {"predicate": {"custom_model_data": 409},"model": "shiver:boxes/5_3"},
        {"predicate": {"custom_model_data": 410},"model": "shiver:boxes/6_2"},
        {"predicate": {"custom_model_data": 411},"model": "shiver:boxes/6_3"},
        {"predicate": {"custom_model_data": 500},"model": "shiver:weapons/tnt"},
        {"predicate": {"custom_model_data": 501},"model": "shiver:weapons/tntf"},
        {"predicate": {"custom_model_data": 900},"model": "shiver:editor/1"},
        {"predicate": {"custom_model_data": 901},"model": "shiver:editor/2"},
        {"predicate": {"custom_model_data": 902},"model": "shiver:editor/3"},
        {"predicate": {"custom_model_data": 903},"model": "shiver:editor/4"},
        {"predicate": {"custom_model_data": 904},"model": "shiver:editor/5"},
        {"predicate": {"custom_model_data": 905},"model": "shiver:editor/6"},
        {"predicate": {"custom_model_data": 906},"model": "shiver:editor/7"},
        {"predicate": {"custom_model_data": 907},"model": "shiver:editor/8"},
        {"predicate": {"custom_model_data": 908},"model": "shiver:editor/9"},
        {"predicate": {"custom_model_data": 909},"model": "shiver:editor/10"},
        {"predicate": {"custom_model_data": 910},"model": "shiver:editor/11"},
        {"predicate": {"custom_model_data": 911},"model": "shiver:editor/12"},
        {"predicate": {"custom_model_data": 912},"model": "shiver:editor/13"},
        {"predicate": {"custom_model_data": 913},"model": "shiver:editor/14"},
        {"predicate": {"custom_model_data": 914},"model": "shiver:editor/15"},
        {"predicate": {"custom_model_data": 915},"model": "shiver:editor/16"},
        {"predicate": {"custom_model_data": 916},"model": "shiver:editor/17"},
        {"predicate": {"custom_model_data": 917},"model": "shiver:editor/18"},
        {"predicate": {"custom_model_data": 918},"model": "shiver:editor/19"},
        {"predicate": {"custom_model_data": 950},"model": "shiver:blocked_slot"},
        {"predicate": {"custom_model_data": 1000},"model": "shiver:gui/1"},
        {"predicate": {"custom_model_data": 1001},"model": "shiver:gui/2"},
        {"predicate": {"custom_model_data": 1002},"model": "shiver:gui/3"},
        {"predicate": {"custom_model_data": 1010},"model": "shiver:gui/lobby_kit1"},
        {"predicate": {"custom_model_data": 1011},"model": "shiver:gui/lobby_kit4"},
        {"predicate": {"custom_model_data": 1012},"model": "shiver:gui/lobby_kit3"},
        {"predicate": {"custom_model_data": 1013},"model": "shiver:gui/lobby_kit2"},
        {"predicate": {"custom_model_data": 1014},"model": "shiver:gui/lobby_join"},
        {"predicate": {"custom_model_data": 1015},"model": "shiver:gui/lobby_nejoin"},
        {"predicate": {"custom_model_data": 1016},"model": "shiver:gui/kit_marker"},
        {"predicate": {"custom_model_data": 1020},"model": "shiver:gui/lobby_game"},
        {"predicate": {"custom_model_data": 1021},"model": "shiver:gui/on"},
        {"predicate": {"custom_model_data": 1022},"model": "shiver:gui/off"},
        {"predicate": {"custom_model_data": 1029},"model": "shiver:gui/nums/p"},
        {"predicate": {"custom_model_data": 1030},"model": "shiver:gui/nums/0"},
        {"predicate": {"custom_model_data": 1031},"model": "shiver:gui/nums/1"},
        {"predicate": {"custom_model_data": 1032},"model": "shiver:gui/nums/2"},
        {"predicate": {"custom_model_data": 1033},"model": "shiver:gui/nums/3"},
        {"predicate": {"custom_model_data": 1034},"model": "shiver:gui/nums/4"},
        {"predicate": {"custom_model_data": 1035},"model": "shiver:gui/nums/5"},
        {"predicate": {"custom_model_data": 1036},"model": "shiver:gui/nums/6"},
        {"predicate": {"custom_model_data": 1037},"model": "shiver:gui/nums/7"},
        {"predicate": {"custom_model_data": 1038},"model": "shiver:gui/nums/8"},
        {"predicate": {"custom_model_data": 1039},"model": "shiver:gui/nums/9"},
        {"predicate": {"custom_model_data": 1050},"model": "shiver:gui/settings/music"},
        {"predicate": {"custom_model_data": 1051},"model": "shiver:gui/settings/char"},
        {"predicate": {"custom_model_data": 1052},"model": "shiver:gui/settings/male07"},
        {"predicate": {"custom_model_data": 1053},"model": "shiver:gui/settings/bill"},
        {"predicate": {"custom_model_data": 1054},"model": "shiver:gui/settings/trener"},
        {"predicate": {"custom_model_data": 1055},"model": "shiver:gui/settings/tembr"},
        {"predicate": {"custom_model_data": 1056},"model": "shiver:gui/settings/stickers"},

        {"predicate": {"custom_model_data": 1064},"model": "shiver:gui/profile/5"},
        {"predicate": {"custom_model_data": 1065},"model": "shiver:gui/profile/6"},
        {"predicate": {"custom_model_data": 1066},"model": "shiver:gui/profile/7"},
        {"predicate": {"custom_model_data": 1067},"model": "shiver:gui/profile/8"},
        {"predicate": {"custom_model_data": 1068},"model": "shiver:gui/profile/9"},

        {"predicate": {"custom_model_data": 1070},"model": "shiver:gui/closed_slot"},
        {"predicate": {"custom_model_data": 1071},"model": "shiver:gui/slot_beacon"},
        {"predicate": {"custom_model_data": 1100},"model": "shiver:gui/find_hornet"},
        {"predicate": {"custom_model_data": 1101},"model": "shiver:gui/free_jumper"},
        {"predicate": {"custom_model_data": 1102},"model": "shiver:gui/create_nest"},
        {"predicate": {"custom_model_data": 1103},"model": "shiver:gui/cancel_create_nest"},
        {"predicate": {"custom_model_data": 9999},"model": "minecraft:item/crossbow"},
        {"predicate": {"custom_model_data": 12345},"model": "shiver:zombies/monster"}
    ]
}