{
    "parent": "minecraft:item/handheld",
    "textures": {
        "layer0": "minecraft:item/leather_horse_armor"
    },
    "overrides": [
        {"predicate": {"custom_model_data": 1},"model": "shiver:weapons/shotgun"},
        {"predicate": {"custom_model_data": 2},"model": "shiver:weapons/shotgun/fire1"},
        {"predicate": {"custom_model_data": 3},"model": "shiver:weapons/shotgun/fire2"},
        {"predicate": {"custom_model_data": 4},"model": "shiver:weapons/shotgun/fire3"},
        {"predicate": {"custom_model_data": 5},"model": "shiver:weapons/shotgun/fire4"},
        {"predicate": {"custom_model_data": 6},"model": "shiver:weapons/shotgun/fire5"},
        {"predicate": {"custom_model_data": 7},"model": "shiver:weapons/shotgun/fire6"},
        {"predicate": {"custom_model_data": 8},"model": "shiver:weapons/shotgun/fire7"},
        {"predicate": {"custom_model_data": 9},"model": "shiver:weapons/shotgun/fire8"},
        {"predicate": {"custom_model_data": 10},"model": "shiver:weapons/shotgun/fire9"},
        {"predicate": {"custom_model_data": 11},"model": "shiver:weapons/shotgun/fire10"},
        {"predicate": {"custom_model_data": 12},"model": "shiver:weapons/shotgun/fire11"},
        {"predicate": {"custom_model_data": 13},"model": "shiver:weapons/shotgun/fire12"},
        {"predicate": {"custom_model_data": 15},"model": "shiver:weapons/shotgun/reload/reload1"},
        {"predicate": {"custom_model_data": 16},"model": "shiver:weapons/shotgun/reload/reload3"},
        {"predicate": {"custom_model_data": 17},"model": "shiver:weapons/shotgun/reload/reload5"},
        {"predicate": {"custom_model_data": 18},"model": "shiver:weapons/shotgun/reload/reload7"},
        {"predicate": {"custom_model_data": 19},"model": "shiver:weapons/shotgun/reload/reload9"},
        {"predicate": {"custom_model_data": 20},"model": "shiver:weapons/shotgun/reload/reload11"},
        {"predicate": {"custom_model_data": 21},"model": "shiver:weapons/shotgun/reload/reload13"},
        {"predicate": {"custom_model_data": 22},"model": "shiver:weapons/shotgun/reload/reload15"},
        {"predicate": {"custom_model_data": 23},"model": "shiver:weapons/shotgun/reload/reload17"},
        {"predicate": {"custom_model_data": 24},"model": "shiver:weapons/shotgun/reload/reload21"},
        {"predicate": {"custom_model_data": 25},"model": "shiver:weapons/shotgun/reload/reload30"},
        {"predicate": {"custom_model_data": 26},"model": "shiver:weapons/shotgun/reload/reload31"},
        {"predicate": {"custom_model_data": 27},"model": "shiver:weapons/shotgun/reload/reload32"},
        {"predicate": {"custom_model_data": 28},"model": "shiver:weapons/shotgun/reload/reload33"},
        {"predicate": {"custom_model_data": 29},"model": "shiver:weapons/shotgun/reload/reload34"},
        {"predicate": {"custom_model_data": 30},"model": "shiver:weapons/shotgun/reload/reload35"},
        {"predicate": {"custom_model_data": 31},"model": "shiver:weapons/shotgun/reload/reload36"},
        {"predicate": {"custom_model_data": 32},"model": "shiver:weapons/shotgun/reload/reload37"},
        {"predicate": {"custom_model_data": 33},"model": "shiver:weapons/shotgun/reload/reload38"},
        {"predicate": {"custom_model_data": 34},"model": "shiver:weapons/shotgun/reload/reload39"},
        {"predicate": {"custom_model_data": 50},"model": "shiver:weapons/pistol"},
        {"predicate": {"custom_model_data": 51},"model": "shiver:weapons/pistol/fire1"},
        {"predicate": {"custom_model_data": 52},"model": "shiver:weapons/pistol/fire2"},
        {"predicate": {"custom_model_data": 53},"model": "shiver:weapons/pistol/fire3"},
        {"predicate": {"custom_model_data": 54},"model": "shiver:weapons/pistol/fire5"},
        {"predicate": {"custom_model_data": 55},"model": "shiver:weapons/pistol/fire6"},
        {"predicate": {"custom_model_data": 56},"model": "shiver:weapons/pistol/fire7"},
        {"predicate": {"custom_model_data": 57},"model": "shiver:weapons/pistol/fire9"},
        {"predicate": {"custom_model_data": 58},"model": "shiver:weapons/pistol/fire11"},
        {"predicate": {"custom_model_data": 70},"model": "shiver:weapons/pistol/reload/reload1"},
        {"predicate": {"custom_model_data": 71},"model": "shiver:weapons/pistol/reload/reload2"},
        {"predicate": {"custom_model_data": 72},"model": "shiver:weapons/pistol/reload/reload3"},
        {"predicate": {"custom_model_data": 73},"model": "shiver:weapons/pistol/reload/reload4"},
        {"predicate": {"custom_model_data": 74},"model": "shiver:weapons/pistol/reload/reload5"},
        {"predicate": {"custom_model_data": 75},"model": "shiver:weapons/pistol/reload/reload6"},
        {"predicate": {"custom_model_data": 76},"model": "shiver:weapons/pistol/reload/reload7"},
        {"predicate": {"custom_model_data": 77},"model": "shiver:weapons/pistol/reload/reload8"},
        {"predicate": {"custom_model_data": 78},"model": "shiver:weapons/pistol/reload/reload9"},
        {"predicate": {"custom_model_data": 79},"model": "shiver:weapons/pistol/reload/reload10"},
        {"predicate": {"custom_model_data": 80},"model": "shiver:weapons/pistol/reload/reload11"},
        {"predicate": {"custom_model_data": 81},"model": "shiver:weapons/pistol/reload/reload12"},
        {"predicate": {"custom_model_data": 82},"model": "shiver:weapons/pistol/reload/reload13"},
        {"predicate": {"custom_model_data": 83},"model": "shiver:weapons/pistol/reload/reload14"},
        {"predicate": {"custom_model_data": 84},"model": "shiver:weapons/pistol/reload/reload15"},
        {"predicate": {"custom_model_data": 85},"model": "shiver:weapons/pistol/reload/reload16"},
        {"predicate": {"custom_model_data": 86},"model": "shiver:weapons/pistol/reload/reload17"},
        {"predicate": {"custom_model_data": 87},"model": "shiver:weapons/pistol/reload/reload18"},
        {"predicate": {"custom_model_data": 88},"model": "shiver:weapons/pistol/reload/reload19"},
        {"predicate": {"custom_model_data": 89},"model": "shiver:weapons/pistol/reload/reload20"},
        {"predicate": {"custom_model_data": 90},"model": "shiver:weapons/pistol/reload/reload21"},
        {"predicate": {"custom_model_data": 91},"model": "shiver:weapons/pistol/reload/reload22"},
        {"predicate": {"custom_model_data": 92},"model": "shiver:weapons/pistol/reload/reload23"},
        {"predicate": {"custom_model_data": 93},"model": "shiver:weapons/pistol/reload/reload24"},
        {"predicate": {"custom_model_data": 94},"model": "shiver:weapons/pistol/reload/reload25"},
        {"predicate": {"custom_model_data": 95},"model": "shiver:weapons/pistol/reload/reload26"},
        {"predicate": {"custom_model_data": 96},"model": "shiver:weapons/pistol/reload/reload27"},
        {"predicate": {"custom_model_data": 97},"model": "shiver:weapons/pistol/reload/reload28"},
        {"predicate": {"custom_model_data": 98},"model": "shiver:weapons/pistol/reload/reload29"},
        {"predicate": {"custom_model_data": 99},"model": "shiver:weapons/pistol/reload/reload30"},
        {"predicate": {"custom_model_data": 100},"model": "shiver:weapons/pistol/reload/reload31"},
        {"predicate": {"custom_model_data": 101},"model": "shiver:weapons/pistol/reload/reload9"},
        {"predicate": {"custom_model_data": 102},"model": "shiver:weapons/pistol/reload/reload8"},
        {"predicate": {"custom_model_data": 103},"model": "shiver:weapons/pistol/reload/reload7"},
        {"predicate": {"custom_model_data": 104},"model": "shiver:weapons/pistol/reload/reload6"},
        {"predicate": {"custom_model_data": 105},"model": "shiver:weapons/pistol/reload/reload5"},
        {"predicate": {"custom_model_data": 106},"model": "shiver:weapons/pistol/reload/reload4"},
        {"predicate": {"custom_model_data": 107},"model": "shiver:weapons/pistol/reload/reload3"},
        {"predicate": {"custom_model_data": 108},"model": "shiver:weapons/pistol/reload/reload2"},
        {"predicate": {"custom_model_data": 109},"model": "shiver:weapons/pistol/reload/reload1"},
        {"predicate": {"custom_model_data": 120},"model": "shiver:weapons/smg"},
        {"predicate": {"custom_model_data": 121},"model": "shiver:weapons/smg/fire1"},
        {"predicate": {"custom_model_data": 122},"model": "shiver:weapons/smg/fire2"},
        {"predicate": {"custom_model_data": 123},"model": "shiver:weapons/smg/fire3"},
        {"predicate": {"custom_model_data": 124},"model": "shiver:weapons/smg/fire4"},
        {"predicate": {"custom_model_data": 125},"model": "shiver:weapons/smg/fire5"},
        {"predicate": {"custom_model_data": 126},"model": "shiver:weapons/smg/fire6"},
        {"predicate": {"custom_model_data": 127},"model": "shiver:weapons/smg/fire7"},
        {"predicate": {"custom_model_data": 130},"model": "shiver:weapons/smg/reload/reload1"},
        {"predicate": {"custom_model_data": 131},"model": "shiver:weapons/smg/reload/reload2"},
        {"predicate": {"custom_model_data": 132},"model": "shiver:weapons/smg/reload/reload3"},
        {"predicate": {"custom_model_data": 133},"model": "shiver:weapons/smg/reload/reload4"},
        {"predicate": {"custom_model_data": 134},"model": "shiver:weapons/smg/reload/reload5"},
        {"predicate": {"custom_model_data": 135},"model": "shiver:weapons/smg/reload/reload6"},
        {"predicate": {"custom_model_data": 136},"model": "shiver:weapons/smg/reload/reload7"},
        {"predicate": {"custom_model_data": 137},"model": "shiver:weapons/smg/reload/reload8"},
        {"predicate": {"custom_model_data": 138},"model": "shiver:weapons/smg/reload/reload9"},
        {"predicate": {"custom_model_data": 139},"model": "shiver:weapons/smg/reload/reload9"},
        {"predicate": {"custom_model_data": 140},"model": "shiver:weapons/smg/reload/reload11"},
        {"predicate": {"custom_model_data": 141},"model": "shiver:weapons/smg/reload/reload13"},
        {"predicate": {"custom_model_data": 142},"model": "shiver:weapons/smg/reload/reload15"},
        {"predicate": {"custom_model_data": 143},"model": "shiver:weapons/smg/reload/reload17"},
        {"predicate": {"custom_model_data": 144},"model": "shiver:weapons/smg/reload/reload19"},
        {"predicate": {"custom_model_data": 145},"model": "shiver:weapons/smg/reload/reload20"},
        {"predicate": {"custom_model_data": 146},"model": "shiver:weapons/smg/reload/reload20"},
        {"predicate": {"custom_model_data": 147},"model": "shiver:weapons/smg/reload/reload20"},
        {"predicate": {"custom_model_data": 148},"model": "shiver:weapons/smg/reload/reload21"},
        {"predicate": {"custom_model_data": 149},"model": "shiver:weapons/smg/reload/reload23"},
        {"predicate": {"custom_model_data": 150},"model": "shiver:weapons/smg/reload/reload25"},
        {"predicate": {"custom_model_data": 151},"model": "shiver:weapons/smg/reload/reload27"},
        {"predicate": {"custom_model_data": 152},"model": "shiver:weapons/smg/reload/reload29"},
        {"predicate": {"custom_model_data": 153},"model": "shiver:weapons/smg/reload/reload30"},
        {"predicate": {"custom_model_data": 154},"model": "shiver:weapons/smg/reload/reload9"},
        {"predicate": {"custom_model_data": 155},"model": "shiver:weapons/smg/reload/reload8"},
        {"predicate": {"custom_model_data": 156},"model": "shiver:weapons/smg/reload/reload7"},
        {"predicate": {"custom_model_data": 157},"model": "shiver:weapons/smg/reload/reload6"},
        {"predicate": {"custom_model_data": 158},"model": "shiver:weapons/smg/reload/reload5"},
        {"predicate": {"custom_model_data": 159},"model": "shiver:weapons/smg/reload/reload4"},
        {"predicate": {"custom_model_data": 160},"model": "shiver:weapons/smg/reload/reload3"},
        {"predicate": {"custom_model_data": 161},"model": "shiver:weapons/smg/reload/reload2"},
        {"predicate": {"custom_model_data": 162},"model": "shiver:weapons/smg/reload/reload1"},
        {"predicate": {"custom_model_data": 163},"model": "shiver:weapons/smg"},
        {"predicate": {"custom_model_data": 164},"model": "shiver:weapons/smg/reload/reload31"},
        {"predicate": {"custom_model_data": 165},"model": "shiver:weapons/smg/reload/reload32"},
        {"predicate": {"custom_model_data": 166},"model": "shiver:weapons/smg/reload/reload33"},
        {"predicate": {"custom_model_data": 167},"model": "shiver:weapons/smg/reload/reload33"},
        {"predicate": {"custom_model_data": 168},"model": "shiver:weapons/smg/reload/reload33"},
        {"predicate": {"custom_model_data": 169},"model": "shiver:weapons/smg/reload/reload32"},
        {"predicate": {"custom_model_data": 170},"model": "shiver:weapons/smg/reload/reload31"},
        {"predicate": {"custom_model_data": 200},"model": "shiver:weapons/grenade_launcher"},
        {"predicate": {"custom_model_data": 201},"model": "shiver:weapons/grenade_launcher/fire1"},
        {"predicate": {"custom_model_data": 202},"model": "shiver:weapons/grenade_launcher/fire2"},
        {"predicate": {"custom_model_data": 203},"model": "shiver:weapons/grenade_launcher/fire3"},
        {"predicate": {"custom_model_data": 204},"model": "shiver:weapons/grenade_launcher/fire4"},
        {"predicate": {"custom_model_data": 205},"model": "shiver:weapons/grenade_launcher/fire5"},
        {"predicate": {"custom_model_data": 206},"model": "shiver:weapons/grenade_launcher/fire6"},
        {"predicate": {"custom_model_data": 207},"model": "shiver:weapons/grenade_launcher/fire7"},
        {"predicate": {"custom_model_data": 208},"model": "shiver:weapons/grenade_launcher/fire8"},
        {"predicate": {"custom_model_data": 209},"model": "shiver:weapons/grenade_launcher/fire9"},
        {"predicate": {"custom_model_data": 210},"model": "shiver:weapons/grenade_launcher/fire10"},
        {"predicate": {"custom_model_data": 220},"model": "shiver:weapons/grenade_launcher/reload/1"},
        {"predicate": {"custom_model_data": 221},"model": "shiver:weapons/grenade_launcher/reload/2"},
        {"predicate": {"custom_model_data": 222},"model": "shiver:weapons/grenade_launcher/reload/4"},
        {"predicate": {"custom_model_data": 223},"model": "shiver:weapons/grenade_launcher/reload/5"},
        {"predicate": {"custom_model_data": 224},"model": "shiver:weapons/grenade_launcher/reload/6"},
        {"predicate": {"custom_model_data": 225},"model": "shiver:weapons/grenade_launcher/reload/8"},
        {"predicate": {"custom_model_data": 226},"model": "shiver:weapons/grenade_launcher/reload/9"},
        {"predicate": {"custom_model_data": 227},"model": "shiver:weapons/grenade_launcher/reload/10"},
        {"predicate": {"custom_model_data": 228},"model": "shiver:weapons/grenade_launcher/reload/12"},
        {"predicate": {"custom_model_data": 229},"model": "shiver:weapons/grenade_launcher/reload/14"},
        {"predicate": {"custom_model_data": 230},"model": "shiver:weapons/grenade_launcher/reload/20"},
        {"predicate": {"custom_model_data": 231},"model": "shiver:weapons/grenade_launcher/reload/21"},
        {"predicate": {"custom_model_data": 232},"model": "shiver:weapons/grenade_launcher/reload/22"},
        {"predicate": {"custom_model_data": 233},"model": "shiver:weapons/grenade_launcher/reload/23"},
        {"predicate": {"custom_model_data": 234},"model": "shiver:weapons/grenade_launcher/reload/24"},
        {"predicate": {"custom_model_data": 235},"model": "shiver:weapons/grenade_launcher/reload/25"},
        {"predicate": {"custom_model_data": 236},"model": "shiver:weapons/grenade_launcher/reload/26"},
        {"predicate": {"custom_model_data": 237},"model": "shiver:weapons/grenade_launcher/reload/27"},
        {"predicate": {"custom_model_data": 238},"model": "shiver:weapons/grenade_launcher/reload/28"},
        {"predicate": {"custom_model_data": 239},"model": "shiver:weapons/grenade_launcher/reload/29"},
        {"predicate": {"custom_model_data": 240},"model": "shiver:weapons/grenade_launcher/reload/30"},
        {"predicate": {"custom_model_data": 241},"model": "shiver:weapons/grenade_launcher/reload/31"},
        {"predicate": {"custom_model_data": 242},"model": "shiver:weapons/grenade_launcher/reload/32"},
        {"predicate": {"custom_model_data": 243},"model": "shiver:weapons/grenade_launcher/reload/33"},
        {"predicate": {"custom_model_data": 244},"model": "shiver:weapons/grenade_launcher/reload/14"},
        {"predicate": {"custom_model_data": 245},"model": "shiver:weapons/grenade_launcher/reload/13"},
        {"predicate": {"custom_model_data": 246},"model": "shiver:weapons/grenade_launcher/reload/12"},
        {"predicate": {"custom_model_data": 247},"model": "shiver:weapons/grenade_launcher/reload/10"},
        {"predicate": {"custom_model_data": 248},"model": "shiver:weapons/grenade_launcher/reload/8"},
        {"predicate": {"custom_model_data": 249},"model": "shiver:weapons/grenade_launcher/reload/6"},
        {"predicate": {"custom_model_data": 250},"model": "shiver:weapons/grenade_launcher/reload/5"},
        {"predicate": {"custom_model_data": 251},"model": "shiver:weapons/grenade_launcher/reload/3"},
        {"predicate": {"custom_model_data": 252},"model": "shiver:weapons/grenade_launcher/reload/1"},
        {"predicate": {"custom_model_data": 253},"model": "shiver:weapons/grenade_launcher/reload/1"},
        {"predicate": {"custom_model_data": 300},"model": "shiver:weapons/ak_47"},
        {"predicate": {"custom_model_data": 301},"model": "shiver:weapons/ak_47/1"},
        {"predicate": {"custom_model_data": 302},"model": "shiver:weapons/ak_47/2"},
        {"predicate": {"custom_model_data": 303},"model": "shiver:weapons/ak_47/3"},
        {"predicate": {"custom_model_data": 304},"model": "shiver:weapons/ak_47/4"},
        {"predicate": {"custom_model_data": 305},"model": "shiver:weapons/ak_47/5"},
        {"predicate": {"custom_model_data": 310},"model": "shiver:weapons/ak_47/reload/1"},
        {"predicate": {"custom_model_data": 311},"model": "shiver:weapons/ak_47/reload/2"},
        {"predicate": {"custom_model_data": 312},"model": "shiver:weapons/ak_47/reload/3"},
        {"predicate": {"custom_model_data": 313},"model": "shiver:weapons/ak_47/reload/4"},
        {"predicate": {"custom_model_data": 314},"model": "shiver:weapons/ak_47/reload/5"},
        {"predicate": {"custom_model_data": 315},"model": "shiver:weapons/ak_47/reload/6"},
        {"predicate": {"custom_model_data": 316},"model": "shiver:weapons/ak_47/reload/7"},
        {"predicate": {"custom_model_data": 317},"model": "shiver:weapons/ak_47/reload/8"},
        {"predicate": {"custom_model_data": 318},"model": "shiver:weapons/ak_47/reload/9"},
        {"predicate": {"custom_model_data": 319},"model": "shiver:weapons/ak_47/reload/10"},
        {"predicate": {"custom_model_data": 320},"model": "shiver:weapons/ak_47/reload/10"},
        {"predicate": {"custom_model_data": 321},"model": "shiver:weapons/ak_47/reload/20"},
        {"predicate": {"custom_model_data": 322},"model": "shiver:weapons/ak_47/reload/21"},
        {"predicate": {"custom_model_data": 323},"model": "shiver:weapons/ak_47/reload/22"},
        {"predicate": {"custom_model_data": 324},"model": "shiver:weapons/ak_47/reload/23"},
        {"predicate": {"custom_model_data": 325},"model": "shiver:weapons/ak_47/reload/24"},
        {"predicate": {"custom_model_data": 326},"model": "shiver:weapons/ak_47/reload/25"},
        {"predicate": {"custom_model_data": 327},"model": "shiver:weapons/ak_47/reload/26"},
        {"predicate": {"custom_model_data": 328},"model": "shiver:weapons/ak_47/reload/27"},
        {"predicate": {"custom_model_data": 329},"model": "shiver:weapons/ak_47/reload/28"},
        {"predicate": {"custom_model_data": 330},"model": "shiver:weapons/ak_47/reload/29"},
        {"predicate": {"custom_model_data": 331},"model": "shiver:weapons/ak_47/reload/30"},
        {"predicate": {"custom_model_data": 332},"model": "shiver:weapons/ak_47/reload/31"},
        {"predicate": {"custom_model_data": 333},"model": "shiver:weapons/ak_47/reload/32"},
        {"predicate": {"custom_model_data": 334},"model": "shiver:weapons/ak_47/reload/33"},
        {"predicate": {"custom_model_data": 335},"model": "shiver:weapons/ak_47/reload/34"},
        {"predicate": {"custom_model_data": 336},"model": "shiver:weapons/ak_47/reload/35"},
        {"predicate": {"custom_model_data": 337},"model": "shiver:weapons/ak_47/reload/36"},
        {"predicate": {"custom_model_data": 338},"model": "shiver:weapons/ak_47/reload/37"},
        {"predicate": {"custom_model_data": 339},"model": "shiver:weapons/ak_47/reload/38"},
        {"predicate": {"custom_model_data": 340},"model": "shiver:weapons/ak_47/reload/39"},
        {"predicate": {"custom_model_data": 341},"model": "shiver:weapons/ak_47/reload/40"},
        {"predicate": {"custom_model_data": 342},"model": "shiver:weapons/ak_47/reload/9"},
        {"predicate": {"custom_model_data": 343},"model": "shiver:weapons/ak_47/reload/7"},
        {"predicate": {"custom_model_data": 344},"model": "shiver:weapons/ak_47/reload/5"},
        {"predicate": {"custom_model_data": 345},"model": "shiver:weapons/ak_47/reload/3"},
        {"predicate": {"custom_model_data": 346},"model": "shiver:weapons/ak_47/reload/2"},
        {"predicate": {"custom_model_data": 347},"model": "shiver:weapons/ak_47/reload/1"},
        {"predicate": {"custom_model_data": 348},"model": "shiver:weapons/ak_47"},
        {"predicate": {"custom_model_data": 349},"model": "shiver:weapons/ak_47/reload/41"},
        {"predicate": {"custom_model_data": 350},"model": "shiver:weapons/ak_47/reload/42"},
        {"predicate": {"custom_model_data": 351},"model": "shiver:weapons/ak_47/reload/43"},
        {"predicate": {"custom_model_data": 352},"model": "shiver:weapons/ak_47/reload/42"},
        {"predicate": {"custom_model_data": 353},"model": "shiver:weapons/ak_47/reload/41"},
        {"predicate": {"custom_model_data": 400},"model": "shiver:weapons/bolter"},
        {"predicate": {"custom_model_data": 401},"model": "shiver:weapons/bolter/fire1"},
        {"predicate": {"custom_model_data": 402},"model": "shiver:weapons/bolter/fire2"},
        {"predicate": {"custom_model_data": 403},"model": "shiver:weapons/bolter/fire3"},
        {"predicate": {"custom_model_data": 404},"model": "shiver:weapons/bolter/fire4"},
        {"predicate": {"custom_model_data": 450},"model": "shiver:weapons/heal_gun"},
        {"predicate": {"custom_model_data": 451},"model": "shiver:weapons/heal_gun/fire1"},
        {"predicate": {"custom_model_data": 452},"model": "shiver:weapons/heal_gun/fire2"},
        {"predicate": {"custom_model_data": 453},"model": "shiver:weapons/heal_gun/fire3"},
        {"predicate": {"custom_model_data": 454},"model": "shiver:weapons/heal_gun/fire4"},
        {"predicate": {"custom_model_data": 455},"model": "shiver:weapons/heal_gun/fire5"},
        {"predicate": {"custom_model_data": 456},"model": "shiver:weapons/heal_gun/fire6"},
        {"predicate": {"custom_model_data": 457},"model": "shiver:weapons/heal_gun/fire7"},
        {"predicate": {"custom_model_data": 458},"model": "shiver:weapons/heal_gun/fire8"},
        {"predicate": {"custom_model_data": 459},"model": "shiver:weapons/heal_gun/fire9"},
        {"predicate": {"custom_model_data": 460},"model": "shiver:weapons/heal_gun/reload/1"},
        {"predicate": {"custom_model_data": 461},"model": "shiver:weapons/heal_gun/reload/3"},
        {"predicate": {"custom_model_data": 462},"model": "shiver:weapons/heal_gun/reload/5"},
        {"predicate": {"custom_model_data": 463},"model": "shiver:weapons/heal_gun/reload/7"},
        {"predicate": {"custom_model_data": 464},"model": "shiver:weapons/heal_gun/reload/9"},
        {"predicate": {"custom_model_data": 465},"model": "shiver:weapons/heal_gun/reload/11"},
        {"predicate": {"custom_model_data": 466},"model": "shiver:weapons/heal_gun/reload/13"},
        {"predicate": {"custom_model_data": 467},"model": "shiver:weapons/heal_gun/reload/15"},
        {"predicate": {"custom_model_data": 468},"model": "shiver:weapons/heal_gun/reload/17"},
        {"predicate": {"custom_model_data": 469},"model": "shiver:weapons/heal_gun/reload/19"},
        {"predicate": {"custom_model_data": 470},"model": "shiver:weapons/heal_gun/reload/21"},
        {"predicate": {"custom_model_data": 471},"model": "shiver:weapons/heal_gun/reload/23"},
        {"predicate": {"custom_model_data": 472},"model": "shiver:weapons/heal_gun/reload/25"},
        {"predicate": {"custom_model_data": 473},"model": "shiver:weapons/heal_gun/reload/27"},
        {"predicate": {"custom_model_data": 474},"model": "shiver:weapons/heal_gun/reload/29"},
        {"predicate": {"custom_model_data": 475},"model": "shiver:weapons/heal_gun/reload/29"},
        {"predicate": {"custom_model_data": 476},"model": "shiver:weapons/heal_gun/reload/29"},
        {"predicate": {"custom_model_data": 477},"model": "shiver:weapons/heal_gun/reload/29"},
        {"predicate": {"custom_model_data": 478},"model": "shiver:weapons/heal_gun/reload/29"},
        {"predicate": {"custom_model_data": 479},"model": "shiver:weapons/heal_gun/reload/29"},
        {"predicate": {"custom_model_data": 480},"model": "shiver:weapons/heal_gun/reload/29"},
        {"predicate": {"custom_model_data": 481},"model": "shiver:weapons/heal_gun/reload/29"},
        {"predicate": {"custom_model_data": 482},"model": "shiver:weapons/heal_gun/reload/29"},
        {"predicate": {"custom_model_data": 483},"model": "shiver:weapons/heal_gun/reload/29"},
        {"predicate": {"custom_model_data": 484},"model": "shiver:weapons/heal_gun/reload/27"},
        {"predicate": {"custom_model_data": 485},"model": "shiver:weapons/heal_gun/reload/25"},
        {"predicate": {"custom_model_data": 486},"model": "shiver:weapons/heal_gun/reload/23"},
        {"predicate": {"custom_model_data": 487},"model": "shiver:weapons/heal_gun/reload/21"},
        {"predicate": {"custom_model_data": 488},"model": "shiver:weapons/heal_gun/reload/19"},
        {"predicate": {"custom_model_data": 489},"model": "shiver:weapons/heal_gun/reload/15"},
        {"predicate": {"custom_model_data": 490},"model": "shiver:weapons/heal_gun/reload/31"},
        {"predicate": {"custom_model_data": 491},"model": "shiver:weapons/heal_gun/reload/32"},
        {"predicate": {"custom_model_data": 492},"model": "shiver:weapons/heal_gun/reload/33"},
        {"predicate": {"custom_model_data": 493},"model": "shiver:weapons/heal_gun/reload/34"},
        {"predicate": {"custom_model_data": 494},"model": "shiver:weapons/heal_gun/reload/35"},
        {"predicate": {"custom_model_data": 495},"model": "shiver:weapons/heal_gun/reload/3"},
        {"predicate": {"custom_model_data": 496},"model": "shiver:weapons/heal_gun/reload/1"},
        {"predicate": {"custom_model_data": 497},"model": "shiver:weapons/heal_gun/reload/29"},
        {"predicate": {"custom_model_data": 498},"model": "shiver:weapons/heal_gun/reload/29"},
        {"predicate": {"custom_model_data": 499},"model": "shiver:weapons/heal_gun/reload/29"},
        {"predicate": {"custom_model_data": 500},"model": "shiver:weapons/heal_gun/reload/28"},
        {"predicate": {"custom_model_data": 501},"model": "shiver:weapons/heal_gun/reload/27"},
        {"predicate": {"custom_model_data": 502},"model": "shiver:weapons/heal_gun/reload/26"},
        {"predicate": {"custom_model_data": 503},"model": "shiver:weapons/heal_gun/reload/25"},
        {"predicate": {"custom_model_data": 504},"model": "shiver:weapons/heal_gun/reload/24"},
        {"predicate": {"custom_model_data": 505},"model": "shiver:weapons/heal_gun/reload/23"},
        {"predicate": {"custom_model_data": 506},"model": "shiver:weapons/heal_gun/reload/22"},
        {"predicate": {"custom_model_data": 507},"model": "shiver:weapons/heal_gun/reload/21"},
        {"predicate": {"custom_model_data": 508},"model": "shiver:weapons/heal_gun/reload/20"},
        {"predicate": {"custom_model_data": 509},"model": "shiver:weapons/heal_gun/reload/19"},
        {"predicate": {"custom_model_data": 510},"model": "shiver:weapons/heal_gun/reload/18"},
        {"predicate": {"custom_model_data": 511},"model": "shiver:weapons/heal_gun/reload/17"},
        {"predicate": {"custom_model_data": 512},"model": "shiver:weapons/heal_gun/reload/16"},
        {"predicate": {"custom_model_data": 513},"model": "shiver:weapons/heal_gun/reload/15"},
        {"predicate": {"custom_model_data": 514},"model": "shiver:weapons/heal_gun/reload/14"},
        {"predicate": {"custom_model_data": 515},"model": "shiver:weapons/heal_gun/reload/12"},
        {"predicate": {"custom_model_data": 516},"model": "shiver:weapons/heal_gun/reload/11"},
        {"predicate": {"custom_model_data": 517},"model": "shiver:weapons/heal_gun/reload/10"},
        {"predicate": {"custom_model_data": 518},"model": "shiver:weapons/heal_gun/reload/9"},
        {"predicate": {"custom_model_data": 519},"model": "shiver:weapons/heal_gun/reload/8"},
        {"predicate": {"custom_model_data": 520},"model": "shiver:weapons/heal_gun/reload/7"},
        {"predicate": {"custom_model_data": 521},"model": "shiver:weapons/heal_gun/reload/6"},
        {"predicate": {"custom_model_data": 522},"model": "shiver:weapons/heal_gun/reload/5"},
        {"predicate": {"custom_model_data": 523},"model": "shiver:weapons/heal_gun/reload/4"},
        {"predicate": {"custom_model_data": 524},"model": "shiver:weapons/heal_gun/reload/3"},
        {"predicate": {"custom_model_data": 525},"model": "shiver:weapons/heal_gun/reload/2"},
        {"predicate": {"custom_model_data": 526},"model": "shiver:weapons/heal_gun/reload/1"},
        {"predicate": {"custom_model_data": 550},"model": "shiver:weapons/magnum"},
        {"predicate": {"custom_model_data": 551},"model": "shiver:weapons/magnum/fire1"},
        {"predicate": {"custom_model_data": 552},"model": "shiver:weapons/magnum/fire2"},
        {"predicate": {"custom_model_data": 553},"model": "shiver:weapons/magnum/fire3"},
        {"predicate": {"custom_model_data": 554},"model": "shiver:weapons/magnum/fire4"},
        {"predicate": {"custom_model_data": 555},"model": "shiver:weapons/magnum/fire5"},
        {"predicate": {"custom_model_data": 556},"model": "shiver:weapons/magnum/fire6"},
        {"predicate": {"custom_model_data": 557},"model": "shiver:weapons/magnum/fire7"},
        {"predicate": {"custom_model_data": 558},"model": "shiver:weapons/magnum/fire8"},
        {"predicate": {"custom_model_data": 560},"model": "shiver:weapons/magnum/reload/1"},
        {"predicate": {"custom_model_data": 561},"model": "shiver:weapons/magnum/reload/2"},
        {"predicate": {"custom_model_data": 562},"model": "shiver:weapons/magnum/reload/3"},
        {"predicate": {"custom_model_data": 563},"model": "shiver:weapons/magnum/reload/4"},
        {"predicate": {"custom_model_data": 564},"model": "shiver:weapons/magnum/reload/5"},
        {"predicate": {"custom_model_data": 565},"model": "shiver:weapons/magnum/reload/6"},
        {"predicate": {"custom_model_data": 566},"model": "shiver:weapons/magnum/reload/7"},
        {"predicate": {"custom_model_data": 567},"model": "shiver:weapons/magnum/reload/8"},
        {"predicate": {"custom_model_data": 568},"model": "shiver:weapons/magnum/reload/9"},
        {"predicate": {"custom_model_data": 569},"model": "shiver:weapons/magnum/reload/10"},
        {"predicate": {"custom_model_data": 570},"model": "shiver:weapons/magnum/reload/11"},
        {"predicate": {"custom_model_data": 571},"model": "shiver:weapons/magnum/reload/12"},
        {"predicate": {"custom_model_data": 572},"model": "shiver:weapons/magnum/reload/13"},
        {"predicate": {"custom_model_data": 573},"model": "shiver:weapons/magnum/reload/14"},
        {"predicate": {"custom_model_data": 574},"model": "shiver:weapons/magnum/reload/15"},
        {"predicate": {"custom_model_data": 575},"model": "shiver:weapons/magnum/reload/16"},
        {"predicate": {"custom_model_data": 576},"model": "shiver:weapons/magnum/reload/17"},
        {"predicate": {"custom_model_data": 577},"model": "shiver:weapons/magnum/reload/18"},
        {"predicate": {"custom_model_data": 578},"model": "shiver:weapons/magnum/reload/19"},
        {"predicate": {"custom_model_data": 579},"model": "shiver:weapons/magnum/reload/20"},
        {"predicate": {"custom_model_data": 580},"model": "shiver:weapons/magnum/reload/21"},
        {"predicate": {"custom_model_data": 581},"model": "shiver:weapons/magnum/reload/22"},
        {"predicate": {"custom_model_data": 582},"model": "shiver:weapons/magnum/reload/23"},
        {"predicate": {"custom_model_data": 583},"model": "shiver:weapons/magnum/reload/24"},
        {"predicate": {"custom_model_data": 584},"model": "shiver:weapons/magnum/reload/25"},
        {"predicate": {"custom_model_data": 585},"model": "shiver:weapons/magnum/reload/26"},
        {"predicate": {"custom_model_data": 586},"model": "shiver:weapons/magnum/reload/27"},
        {"predicate": {"custom_model_data": 587},"model": "shiver:weapons/magnum/reload/28"},
        {"predicate": {"custom_model_data": 588},"model": "shiver:weapons/magnum/reload/29"},
        {"predicate": {"custom_model_data": 589},"model": "shiver:weapons/magnum/reload/30"},
        {"predicate": {"custom_model_data": 590},"model": "shiver:weapons/magnum/reload/31"},
        {"predicate": {"custom_model_data": 591},"model": "shiver:weapons/magnum/reload/32"},
        {"predicate": {"custom_model_data": 592},"model": "shiver:weapons/magnum/reload/33"},
        {"predicate": {"custom_model_data": 593},"model": "shiver:weapons/magnum/reload/34"},
        {"predicate": {"custom_model_data": 594},"model": "shiver:weapons/magnum/reload/35"},
        {"predicate": {"custom_model_data": 595},"model": "shiver:weapons/magnum/reload/36"},
        {"predicate": {"custom_model_data": 596},"model": "shiver:weapons/magnum/reload/37"},
        {"predicate": {"custom_model_data": 597},"model": "shiver:weapons/magnum/reload/38"},
        {"predicate": {"custom_model_data": 598},"model": "shiver:weapons/magnum/reload/39"},
        {"predicate": {"custom_model_data": 599},"model": "shiver:weapons/magnum/reload/40"},

        {"predicate": {"custom_model_data": 10000},"model": "shiver:props/zaz_968a"},
        {"predicate": {"custom_model_data": 10001},"model": "shiver:props/props_c17/awning_01_01"},
        {"predicate": {"custom_model_data": 10002},"model": "shiver:props/props_c17/awning_02_01"},
        {"predicate": {"custom_model_data": 10003},"model": "shiver:props/props_c17/bench01a"},
        {"predicate": {"custom_model_data": 10004},"model": "shiver:props/props_c17/briefcase001a"},
        {"predicate": {"custom_model_data": 10005},"model": "shiver:props/props_c17/canister01a"},
        {"predicate": {"custom_model_data": 10006},"model": "shiver:props/props_c17/cashregister"},
        {"predicate": {"custom_model_data": 10007},"model": "shiver:props/props_c17/chair"},
        {"predicate": {"custom_model_data": 10008},"model": "shiver:props/props_c17/chair_kleiner"},
        {"predicate": {"custom_model_data": 10009},"model": "shiver:props/props_c17/chair_office"},
        {"predicate": {"custom_model_data": 10010},"model": "shiver:props/props_c17/chair_stool"},
        {"predicate": {"custom_model_data": 10011},"model": "shiver:props/props_c17/clock"},
        {"predicate": {"custom_model_data": 10012},"model": "shiver:props/props_c17/computer_keyboard"},
        {"predicate": {"custom_model_data": 10013},"model": "shiver:props/props_c17/concrete_barrier"},
        {"predicate": {"custom_model_data": 10014},"model": "shiver:props/props_c17/consolebox01"},
        {"predicate": {"custom_model_data": 10015},"model": "shiver:props/props_c17/consolebox02"},
        {"predicate": {"custom_model_data": 10016},"model": "shiver:props/props_c17/consolebox03"},
        {"predicate": {"custom_model_data": 10017},"model": "shiver:props/props_c17/display_cooler"},
        {"predicate": {"custom_model_data": 10018},"model": "shiver:props/props_c17/doll01"},
        {"predicate": {"custom_model_data": 10019},"model": "shiver:props/props_c17/door01"},
        {"predicate": {"custom_model_data": 10020},"model": "shiver:props/props_c17/door02"},
        {"predicate": {"custom_model_data": 10021},"model": "shiver:props/props_c17/frame02"},
        {"predicate": {"custom_model_data": 10022},"model": "shiver:props/props_c17/olddrum"},
        {"predicate": {"custom_model_data": 10023},"model": "shiver:props/props_c17/paper_01"},
        {"predicate": {"custom_model_data": 10024},"model": "shiver:props/props_c17/tv_monitor_01"},
        {"predicate": {"custom_model_data": 10025},"model": "shiver:props/props_c17/wood_crate_001"},
        {"predicate": {"custom_model_data": 10026},"model": "shiver:props/props_c17/furniture/armchair"},
        {"predicate": {"custom_model_data": 10027},"model": "shiver:props/props_c17/furniture/bathtub"},
        {"predicate": {"custom_model_data": 10028},"model": "shiver:props/props_c17/furniture/bed"},
        {"predicate": {"custom_model_data": 10029},"model": "shiver:props/props_c17/furniture/boiler"},
        {"predicate": {"custom_model_data": 10030},"model": "shiver:props/props_c17/furniture/chair"},
        {"predicate": {"custom_model_data": 10031},"model": "shiver:props/props_c17/furniture/couch_01"},
        {"predicate": {"custom_model_data": 10032},"model": "shiver:props/props_c17/furniture/couch_02"},
        {"predicate": {"custom_model_data": 10033},"model": "shiver:props/props_c17/furniture/cupboard"},
        {"predicate": {"custom_model_data": 10034},"model": "shiver:props/props_c17/furniture/drawer_01"},
        {"predicate": {"custom_model_data": 10035},"model": "shiver:props/props_c17/furniture/drawer_02"},
        {"predicate": {"custom_model_data": 10036},"model": "shiver:props/props_c17/furniture/drawer_03"},
        {"predicate": {"custom_model_data": 10037},"model": "shiver:props/props_c17/furniture/dresser"},
        {"predicate": {"custom_model_data": 10038},"model": "shiver:props/props_c17/furniture/fireplace"},
        {"predicate": {"custom_model_data": 10039},"model": "shiver:props/props_c17/furniture/fridge"},
        {"predicate": {"custom_model_data": 10040},"model": "shiver:props/props_c17/furniture/mattress"},
        {"predicate": {"custom_model_data": 10041},"model": "shiver:props/props_c17/furniture/radiator"},
        {"predicate": {"custom_model_data": 10042},"model": "shiver:props/props_c17/furniture/shelf"},
        {"predicate": {"custom_model_data": 10043},"model": "shiver:props/props_c17/furniture/shelf_support"},
        {"predicate": {"custom_model_data": 10044},"model": "shiver:props/props_c17/furniture/sink"},
        {"predicate": {"custom_model_data": 10045},"model": "shiver:props/props_c17/furniture/stove"},
        {"predicate": {"custom_model_data": 10046},"model": "shiver:props/props_c17/furniture/table_01"},
        {"predicate": {"custom_model_data": 10047},"model": "shiver:props/props_c17/furniture/table_02"},
        {"predicate": {"custom_model_data": 10048},"model": "shiver:props/props_c17/furniture/washing_machine"},
        {"predicate": {"custom_model_data": 10049},"model": "shiver:props/props_c17/furniture/toilet"},
        {"predicate": {"custom_model_data": 10050},"model": "shiver:props/props_junk/trashdumpster_01"},
        {"predicate": {"custom_model_data": 10051},"model": "shiver:props/props_junk/bicycle_tint"},
        {"predicate": {"custom_model_data": 10052},"model": "shiver:props/sign1"},
        {"predicate": {"custom_model_data": 10053},"model": "shiver:props/barrel1"},
        {"predicate": {"custom_model_data": 10054},"model": "shiver:props/barrel2"},
        {"predicate": {"custom_model_data": 10055},"model": "shiver:props/barrel3"},
        {"predicate": {"custom_model_data": 10056},"model": "shiver:props/barrel4"},
        {"predicate": {"custom_model_data": 10057},"model": "shiver:props/plants/plant1"},
        {"predicate": {"custom_model_data": 10058},"model": "shiver:props/plants/plant2"},
        {"predicate": {"custom_model_data": 10059},"model": "shiver:props/plants/plant3"},
        {"predicate": {"custom_model_data": 10060},"model": "shiver:props/plants/plant4"},
        {"predicate": {"custom_model_data": 10061},"model": "shiver:props/plants/plant5"},
        {"predicate": {"custom_model_data": 10062},"model": "shiver:props/box"},
        {"predicate": {"custom_model_data": 10063},"model": "shiver:props/brick"},
        {"predicate": {"custom_model_data": 10064},"model": "shiver:props/bucket"},
        {"predicate": {"custom_model_data": 10065},"model": "shiver:props/gas"},
        {"predicate": {"custom_model_data": 10066},"model": "shiver:props/ressor_of_tractor_belarus"},
        {"predicate": {"custom_model_data": 10067},"model": "shiver:props/road_sign"},
        {"predicate": {"custom_model_data": 10068},"model": "shiver:props/bricks"},
        {"predicate": {"custom_model_data": 10069},"model": "shiver:props/bricks2"},
        {"predicate": {"custom_model_data": 10070},"model": "minecraft:block/cauldron"},
        {"predicate": {"custom_model_data": 10071},"model": "shiver:helicopter"},
        {"predicate": {"custom_model_data": 10072},"model": "shiver:props/glass1"},
        {"predicate": {"custom_model_data": 10073},"model": "shiver:props/glassw"},
        {"predicate": {"custom_model_data": 10074},"model": "shiver:props/props_c17/furniture/bed_matress"},
        {"predicate": {"custom_model_data": 10075},"model": "shiver:props/props_c17/tv_monitor_02"},
        {"predicate": {"custom_model_data": 10076},"model": "shiver:props/blood1"},
        {"predicate": {"custom_model_data": 10077},"model": "shiver:props/blood2"},
        {"predicate": {"custom_model_data": 10078},"model": "shiver:props/sign2"},
        {"predicate": {"custom_model_data": 10079},"model": "shiver:props/glass2"},
        {"predicate": {"custom_model_data": 10080},"model": "shiver:props/tdoor"},
        {"predicate": {"custom_model_data": 10081},"model": "shiver:props/full_gas"},
        {"predicate": {"custom_model_data": 10082},"model": "shiver:props/minecart_0"},
        {"predicate": {"custom_model_data": 10083},"model": "shiver:props/minecart_1"},
        {"predicate": {"custom_model_data": 10084},"model": "shiver:props/minecart_2"},
        {"predicate": {"custom_model_data": 10085},"model": "shiver:props/minecart_3"},
        {"predicate": {"custom_model_data": 10086},"model": "shiver:props/minecart"},
        {"predicate": {"custom_model_data": 10087},"model": "shiver:props/minecart_00"},
        {"predicate": {"custom_model_data": 10088},"model": "shiver:props/news"},
        {"predicate": {"custom_model_data": 10089},"model": "shiver:props/props_c17/door03"},
        {"predicate": {"custom_model_data": 10090},"model": "shiver:props/props_c17/door04"},
        {"predicate": {"custom_model_data": 10091},"model": "shiver:props/props_c17/door05"},
        {"predicate": {"custom_model_data": 10092},"model": "shiver:props/props_c17/frame01"},
        {"predicate": {"custom_model_data": 10093},"model": "shiver:props/props_c17/frame03"},
        {"predicate": {"custom_model_data": 10094},"model": "shiver:props/props_c17/frame04"},
        {"predicate": {"custom_model_data": 10095},"model": "shiver:props/barricades1"},
        {"predicate": {"custom_model_data": 10096},"model": "shiver:props/barricades2"},
        {"predicate": {"custom_model_data": 10097},"model": "shiver:props/cat_frame"},
        {"predicate": {"custom_model_data": 10098},"model": "shiver:props/potato_frame"},
        {"predicate": {"custom_model_data": 10099},"model": "shiver:props/brick_wall"},
        {"predicate": {"custom_model_data": 10100},"model": "shiver:props/brine"},
        {"predicate": {"custom_model_data": 10101},"model": "shiver:props/elevator"},
        {"predicate": {"custom_model_data": 10102},"model": "shiver:props/elevator_cabine"},
        {"predicate": {"custom_model_data": 10103},"model": "shiver:props/elevator_door11"},
        {"predicate": {"custom_model_data": 10104},"model": "shiver:props/elevator_door22"},
        {"predicate": {"custom_model_data": 10105},"model": "shiver:props/elevator_door1"},
        {"predicate": {"custom_model_data": 10106},"model": "shiver:props/elevator_door2"},
        {"predicate": {"custom_model_data": 10107},"model": "shiver:props/elevator_doors"},
        {"predicate": {"custom_model_data": 10108},"model": "shiver:props/vent"},
        {"predicate": {"custom_model_data": 10109},"model": "shiver:props/vertigo/glass1"},
        {"predicate": {"custom_model_data": 10110},"model": "shiver:props/vertigo/break1"},
        {"predicate": {"custom_model_data": 10111},"model": "shiver:props/vertigo/table1"},
        {"predicate": {"custom_model_data": 10112},"model": "shiver:props/props_c17/lamp_01"},
        {"predicate": {"custom_model_data": 10113},"model": "shiver:props/props_c17/lamp_02"},
        {"predicate": {"custom_model_data": 10114},"model": "shiver:props/props_c17/lamp_03"},
        {"predicate": {"custom_model_data": 10115},"model": "shiver:props/props_c17/lamp_04"},
        {"predicate": {"custom_model_data": 10116},"model": "shiver:props/props_c17/lamp_05"},
        {"predicate": {"custom_model_data": 10117},"model": "shiver:props/props_c17/lamp_06"},
        {"predicate": {"custom_model_data": 10118},"model": "shiver:props/props_c17/lamp_07"},
        {"predicate": {"custom_model_data": 10119},"model": "shiver:props/props_c17/lamp_01_lit"},
        {"predicate": {"custom_model_data": 10120},"model": "shiver:props/props_c17/lamp_02_lit"},
        {"predicate": {"custom_model_data": 10121},"model": "shiver:props/props_c17/lamp_03_lit"},
        {"predicate": {"custom_model_data": 10122},"model": "shiver:props/props_c17/lamp_04_lit"},
        {"predicate": {"custom_model_data": 10123},"model": "shiver:props/props_c17/lamp_05_lit"},
        {"predicate": {"custom_model_data": 10124},"model": "shiver:props/props_c17/lamp_06_lit"},
        {"predicate": {"custom_model_data": 10125},"model": "shiver:props/props_c17/lamp_07_lit"},
        {"predicate": {"custom_model_data": 10126},"model": "shiver:props/trash"},
        {"predicate": {"custom_model_data": 10127},"model": "shiver:props/trash2"},
        {"predicate": {"custom_model_data": 10128},"model": "shiver:props/trash3"},
        {"predicate": {"custom_model_data": 10129},"model": "shiver:props/fire"},
        {"predicate": {"custom_model_data": 10130},"model": "shiver:props/monitor"},
        {"predicate": {"custom_model_data": 10131},"model": "shiver:props/trash_can"},
        {"predicate": {"custom_model_data": 10132},"model": "shiver:props/trash_bucket"},
        {"predicate": {"custom_model_data": 10133},"model": "shiver:props/server_system"},
        {"predicate": {"custom_model_data": 10134},"model": "shiver:props/elevator_button"},
        {"predicate": {"custom_model_data": 10135},"model": "shiver:props/elevator_cabine_break"},
        {"predicate": {"custom_model_data": 10136},"model": "shiver:props/valve"},
        {"predicate": {"custom_model_data": 10137},"model": "shiver:props/electro"},
        {"predicate": {"custom_model_data": 10138},"model": "shiver:props/electro_lever"},
        {"predicate": {"custom_model_data": 10139},"model": "shiver:props/electro2"},
        {"predicate": {"custom_model_data": 10140},"model": "shiver:props/vertigo/lift_gate"},
        {"predicate": {"custom_model_data": 10141},"model": "shiver:props/citizenradio"},
        {"predicate": {"custom_model_data": 10142},"model": "shiver:props/trash4"},
        {"predicate": {"custom_model_data": 10143},"model": "shiver:props/arrow"}
    ]
}