{
	"credit": "Made by Falanta Fantomo with Blockbench",
	"texture_size": [32, 32],
	"textures": {
		"0": "shiver:item/weapons/grenade_launcher",
		"1": "shiver:item/weapons/fire",
		"2": "shiver:item/weapons/fire3",
		"particle": "shiver:item/weapons/grenade_launcher"
	},
	"elements": [
		{
			"from": [6.5, 5, -7],
			"to": [9.5, 8, 3],
			"faces": {
				"north": {"uv": [11, 3.5, 12.5, 5], "texture": "#0"},
				"east": {"uv": [5, 0, 0, 1.5], "texture": "#0"},
				"west": {"uv": [0, 0, 5, 1.5], "texture": "#0"},
				"up": {"uv": [0, 1.5, 5, 3], "rotation": 90, "texture": "#0"},
				"down": {"uv": [0, 3, 5, 4.5], "rotation": 90, "texture": "#0"}
			}
		},
		{
			"from": [7, 5, 9],
			"to": [9, 8, 11],
			"faces": {
				"east": {"uv": [7, 3.5, 6, 5], "texture": "#0"},
				"south": {"uv": [5, 3.5, 6, 5], "texture": "#0"},
				"west": {"uv": [6, 3.5, 7, 5], "texture": "#0"},
				"up": {"uv": [5, 5, 6, 6], "texture": "#0"},
				"down": {"uv": [6, 5, 7, 6], "texture": "#0"}
			}
		},
		{
			"from": [6.5, 3, -3],
			"to": [9.5, 5, 2],
			"rotation": {"angle": 0, "axis": "y", "origin": [8, 4, -1]},
			"faces": {
				"east": {"uv": [14, 8, 15, 5.5], "rotation": 90, "texture": "#0"},
				"south": {"uv": [11, 2.5, 12.5, 3.5], "texture": "#0"},
				"west": {"uv": [14, 5.5, 15, 8], "rotation": 90, "texture": "#0"},
				"down": {"uv": [12.5, 8.5, 14, 6], "texture": "#0"}
			}
		},
		{
			"from": [6.51, 3, -3],
			"to": [9.49, 6, 0],
			"rotation": {"angle": -45, "axis": "x", "origin": [8, 3, -3]},
			"faces": {
				"north": {"uv": [12.5, 4.5, 14, 6], "texture": "#0"},
				"east": {"uv": [12.5, 4.5, 14, 3], "rotation": 90, "texture": "#0"},
				"west": {"uv": [12.5, 3, 14, 4.5], "rotation": 90, "texture": "#0"}
			}
		},
		{
			"from": [4.5, 2, 2.5],
			"to": [11.5, 9, 4.5],
			"faces": {
				"north": {"uv": [0, 4.5, 3.5, 8], "texture": "#0"},
				"east": {"uv": [6, 0, 5, 3.5], "texture": "#0"},
				"south": {"uv": [0, 8, 3.5, 11.5], "texture": "#0"},
				"west": {"uv": [5, 0, 6, 3.5], "texture": "#0"},
				"up": {"uv": [6, 0, 7, 3.5], "rotation": 90, "texture": "#0"},
				"down": {"uv": [3.5, 4.5, 4.5, 8], "rotation": 90, "texture": "#0"}
			}
		},
		{
			"from": [5, 2.5, 8.5],
			"to": [11, 8.5, 9.5],
			"faces": {
				"north": {"uv": [3, 11.5, 0, 14.5], "texture": "#0"},
				"east": {"uv": [2.5, 11.5, 3, 14.5], "texture": "#0"},
				"south": {"uv": [0, 11.5, 3, 14.5], "texture": "#0"},
				"west": {"uv": [0, 11.5, 0.5, 14.5], "texture": "#0"},
				"up": {"uv": [0, 11.5, 3, 12], "texture": "#0"},
				"down": {"uv": [0, 14, 3, 14.5], "texture": "#0"}
			}
		},
		{
			"from": [7, 8, 4.5],
			"to": [9, 9, 9.5],
			"faces": {
				"east": {"uv": [4, 8, 4.5, 10.5], "rotation": 90, "texture": "#0"},
				"south": {"uv": [3.5, 10, 4.5, 10.5], "texture": "#0"},
				"west": {"uv": [3.5, 10.5, 4, 8], "rotation": 90, "texture": "#0"},
				"up": {"uv": [3.5, 8, 4.5, 10.5], "texture": "#0"},
				"down": {"uv": [3.5, 10.5, 4.5, 8], "texture": "#0"}
			}
		},
		{
			"from": [8, 9, 5.5],
			"to": [8, 10, 9.5],
			"faces": {
				"east": {"uv": [4.5, 6.5, 5, 4.5], "rotation": 90, "texture": "#0"},
				"west": {"uv": [4.5, 4.5, 5, 6.5], "rotation": 90, "texture": "#0"}
			}
		},
		{
			"from": [7, 1, 2.5],
			"to": [9, 2, 5],
			"faces": {
				"north": {"uv": [0.5, 15, 0, 16], "rotation": 90, "texture": "#0"},
				"east": {"uv": [1.25, 15, 0, 15.5], "texture": "#0"},
				"west": {"uv": [0, 15.5, 1.25, 16], "texture": "#0"},
				"up": {"uv": [0, 15, 1.25, 16], "rotation": 90, "texture": "#0"},
				"down": {"uv": [1.25, 15, 0, 16], "rotation": 90, "texture": "#0"}
			}
		},
		{
			"from": [7, 1.5, 6],
			"to": [9, 2.5, 9.5],
			"faces": {
				"east": {"uv": [2, 15.5, 3.75, 16], "texture": "#0"},
				"south": {"uv": [4, 16, 3.5, 15], "rotation": 90, "texture": "#0"},
				"west": {"uv": [3.75, 15, 2, 15.5], "texture": "#0"},
				"up": {"uv": [3.75, 16, 2, 15], "rotation": 90, "texture": "#0"},
				"down": {"uv": [2, 16, 3.75, 15], "rotation": 90, "texture": "#0"}
			}
		},
		{
			"from": [7, 1, 5],
			"to": [9, 2, 6.5],
			"rotation": {"angle": -22.5, "axis": "x", "origin": [8, 1, 5]},
			"faces": {
				"east": {"uv": [1.25, 15, 2, 15.5], "texture": "#0"},
				"west": {"uv": [1.25, 15.5, 2, 16], "texture": "#0"},
				"up": {"uv": [1.25, 15, 2, 16], "rotation": 90, "texture": "#0"},
				"down": {"uv": [2, 15, 1.25, 16], "rotation": 90, "texture": "#0"}
			}
		},
		{
			"from": [5.5, 3, 4.5],
			"to": [10.5, 8, 8.5],
			"faces": {
				"east": {"uv": [9, 2, 7, 4.5], "texture": "#0"},
				"west": {"uv": [7, 2, 9, 4.5], "texture": "#0"},
				"up": {"uv": [9, 2, 11, 4.5], "rotation": 90, "texture": "#0"},
				"down": {"uv": [13.5, 8.5, 16, 10.5], "texture": "#0"}
			}
		},
		{
			"from": [7, 3, 13],
			"to": [9, 6, 21],
			"rotation": {"angle": 0, "axis": "y", "origin": [7, 0, 0]},
			"faces": {
				"north": {"uv": [11, 1.5, 12.5, 2.5], "rotation": 90, "texture": "#0"},
				"east": {"uv": [15, 0, 11, 1.5], "texture": "#0"},
				"south": {"uv": [15, 0, 16, 1.5], "texture": "#0"},
				"west": {"uv": [11, 0, 15, 1.5], "texture": "#0"},
				"up": {"uv": [7, 1, 11, 2], "rotation": 90, "texture": "#0"},
				"down": {"uv": [7, 0, 11, 1], "rotation": 90, "texture": "#0"}
			}
		},
		{
			"from": [7.01, 3, 15],
			"to": [8.99, 5.85, 20.25],
			"rotation": {"angle": 22.5, "axis": "x", "origin": [7.5, 3, 16]},
			"faces": {
				"east": {"uv": [15, 1.5, 12.5, 3], "texture": "#0"},
				"south": {"uv": [15, 1.5, 16, 3], "texture": "#0"},
				"west": {"uv": [12.5, 1.5, 15, 3], "texture": "#0"},
				"down": {"uv": [15, 4, 16, 6.5], "texture": "#0"}
			}
		},
		{
			"from": [7.01, 4, 10],
			"to": [8.99, 6, 14],
			"rotation": {"angle": 22.5, "axis": "x", "origin": [0.5, 6, 13]},
			"faces": {
				"east": {"uv": [16, 3, 14, 4], "texture": "#0"},
				"west": {"uv": [14, 3, 16, 4], "texture": "#0"},
				"up": {"uv": [14.01, 4, 15.01, 6], "texture": "#0"},
				"down": {"uv": [15, 6.5, 16, 8.5], "texture": "#0"}
			}
		},
		{
			"from": [8, 3, 10],
			"to": [8, 5, 13],
			"faces": {
				"east": {"uv": [8.5, 4.5, 7, 5.5], "texture": "#0"},
				"west": {"uv": [7, 4.5, 8.5, 5.5], "texture": "#0"}
			}
		},
		{
			"from": [7, 8, -4],
			"to": [7, 9, -3],
			"faces": {
				"east": {"uv": [9, 4.5, 9.5, 5], "texture": "#0"},
				"west": {"uv": [8.5, 4.5, 9, 5], "texture": "#0"}
			}
		},
		{
			"from": [9, 8, -4],
			"to": [9, 9, -3],
			"faces": {
				"east": {"uv": [8.5, 4.5, 9, 5], "texture": "#0"},
				"west": {"uv": [9, 4.5, 9.5, 5], "texture": "#0"}
			}
		},
		{
			"from": [7, 8, -3.5],
			"to": [9, 9, -3.5],
			"faces": {
				"north": {"uv": [5, 6, 6, 6.5], "texture": "#0"},
				"south": {"uv": [6, 6, 5, 6.5], "texture": "#0"}
			}
		},
		{
			"from": [6.5, 9, -3.5],
			"to": [9.5, 13, -3.5],
			"faces": {
				"north": {"uv": [11, 5.5, 12.5, 7.5], "texture": "#0"},
				"east": {"uv": [0, 0, 0, 2.5], "texture": "#missing"},
				"south": {"uv": [12.5, 5.5, 11, 7.5], "texture": "#0"},
				"west": {"uv": [0, 0, 0, 2.5], "texture": "#missing"},
				"up": {"uv": [0, 0, 1.5, 0], "texture": "#missing"},
				"down": {"uv": [0, 0, 1.5, 0], "texture": "#missing"}
			}
		},
		{
			"from": [0, -1.3, -7.5],
			"to": [16, 14.7, -7.5],
			"rotation": {"angle": 0, "axis": "y", "origin": [0, -1.3, -9.5]},
			"faces": {
				"north": {"uv": [0, 0, 16, 16], "texture": "#1"},
				"east": {"uv": [0, 0, 16, 16], "texture": "#1"},
				"south": {"uv": [0, 0, 16, 16], "texture": "#1"},
				"west": {"uv": [0, 0, 16, 16], "texture": "#1"},
				"up": {"uv": [0, 0, 16, 16], "texture": "#1"},
				"down": {"uv": [0, 0, 16, 16], "texture": "#1"}
			}
		},
		{
			"from": [8, -1.3, -15.5],
			"to": [8, 14.7, -6.5],
			"rotation": {"angle": 0, "axis": "y", "origin": [8, 6.7, -10.5]},
			"faces": {
				"north": {"uv": [0, 0, 16, 16], "texture": "#1"},
				"east": {"uv": [13, 0, 3, 16], "texture": "#2"},
				"south": {"uv": [0, 0, 16, 16], "texture": "#1"},
				"west": {"uv": [3, 0, 13, 16], "texture": "#2"},
				"up": {"uv": [0, 0, 16, 16], "rotation": 270, "texture": "#1"},
				"down": {"uv": [0, 0, 16, 16], "rotation": 90, "texture": "#1"}
			}
		}
	],
	"gui_light": "front",
	"display": {
		"thirdperson_righthand": {
			"translation": [0, 3, -2],
			"scale": [0.75, 0.75, 0.75]
		},
		"firstperson_righthand": {
			"rotation": [15, -1, -17],
			"translation": [3.75, 12, -1.75]
		},
		"ground": {
			"translation": [0, 3.25, 0],
			"scale": [0.75, 0.75, 0.75]
		},
		"gui": {
			"rotation": [70, -50, 70],
			"translation": [-1.75, 0.5, 0],
			"scale": [0.65, 0.65, 0.65]
		},
		"head": {
			"scale": [1.6, 1.6, 1.6]
		},
		"fixed": {
			"rotation": [0, 90, 0],
			"translation": [3, 5, 0],
			"scale": [2, 2, 2]
		}
	}
}