{
	"credit": "Made with Blockbench",
	"textures": {
		"0": "shiver:item/antidot",
		"particle": "shiver:item/antidot"
	},
	"elements": [
		{
			"from": [8, 7, 8],
			"to": [10, 13, 10],
			"rotation": {"angle": 0, "axis": "y", "origin": [7, 6, 7]},
			"faces": {
				"north": {"uv": [16, 0, 14, 6], "texture": "#0"},
				"east": {"uv": [14, 0, 16, 6], "texture": "#0"},
				"south": {"uv": [16, 0, 14, 6], "texture": "#0"},
				"west": {"uv": [14, 0, 16, 6], "texture": "#0"}
			}
		},
		{
			"from": [7.9, 6.9, 7.9],
			"to": [10.1, 13.1, 10.1],
			"rotation": {"angle": 0, "axis": "y", "origin": [7, 6, 7]},
			"faces": {
				"north": {"uv": [0, 0, 2, 6], "texture": "#0"},
				"east": {"uv": [4, 0, 6, 6], "texture": "#0"},
				"south": {"uv": [6, 0, 8, 6], "texture": "#0"},
				"west": {"uv": [2, 0, 4, 6], "texture": "#0"},
				"up": {"uv": [10, 0, 11, 1], "texture": "#0"},
				"down": {"uv": [10, 0, 11, 1], "texture": "#0"}
			}
		},
		{
			"from": [8.5, 3, 9],
			"to": [9.5, 7, 9],
			"rotation": {"angle": 0, "axis": "y", "origin": [7.5, -3, 7]},
			"faces": {
				"north": {"uv": [10, 0, 11, 4], "texture": "#0"},
				"east": {"uv": [10, 0, 11, 4], "texture": "#0"},
				"south": {"uv": [10, 0, 11, 4], "texture": "#0"},
				"west": {"uv": [10, 0, 11, 4], "texture": "#0"},
				"up": {"uv": [10, 0, 11, 4], "texture": "#0"},
				"down": {"uv": [10, 0, 11, 4], "texture": "#0"}
			}
		},
		{
			"from": [8.5, 13, 9],
			"to": [9.5, 17, 9],
			"rotation": {"angle": 0, "axis": "y", "origin": [7.5, 9, 7]},
			"faces": {
				"north": {"uv": [10, 0, 11, 4], "texture": "#0"},
				"east": {"uv": [10, 0, 11, 4], "texture": "#0"},
				"south": {"uv": [10, 0, 11, 4], "texture": "#0"},
				"west": {"uv": [10, 0, 11, 4], "texture": "#0"},
				"up": {"uv": [10, 0, 11, 4], "texture": "#0"},
				"down": {"uv": [10, 0, 11, 4], "texture": "#0"}
			}
		},
		{
			"from": [9, 13, 8.5],
			"to": [9, 17, 9.5],
			"rotation": {"angle": 0, "axis": "y", "origin": [9, 15, 9]},
			"faces": {
				"north": {"uv": [10, 0, 11, 4], "texture": "#0"},
				"east": {"uv": [10, 0, 11, 4], "texture": "#0"},
				"south": {"uv": [10, 0, 11, 4], "texture": "#0"},
				"west": {"uv": [10, 0, 11, 4], "texture": "#0"},
				"up": {"uv": [10, 0, 11, 4], "texture": "#0"},
				"down": {"uv": [10, 0, 11, 4], "texture": "#0"}
			}
		},
		{
			"from": [8, 17, 8],
			"to": [10, 18, 10],
			"rotation": {"angle": 45, "axis": "y", "origin": [9, 17, 9]},
			"faces": {
				"north": {"uv": [12, 0, 13, 1], "texture": "#0"},
				"east": {"uv": [12, 0, 13, 1], "texture": "#0"},
				"south": {"uv": [12, 0, 13, 1], "texture": "#0"},
				"west": {"uv": [12, 0, 13, 1], "texture": "#0"},
				"up": {"uv": [12, 0, 13, 1], "texture": "#0"},
				"down": {"uv": [12, 0, 13, 1], "texture": "#0"}
			}
		}
	],
	"gui_light": "front",
	"display": {
		"thirdperson_righthand": {
			"rotation": [78, 90, 0],
			"translation": [-1.5, -0.75, -0.75]
		},
		"firstperson_righthand": {
			"rotation": [-180, -90, 45],
			"translation": [5.5, 4.25, -4.25]
		},
		"ground": {
			"rotation": [155, 0, 0],
			"translation": [0, 8, 0]
		},
		"gui": {
			"rotation": [20, 16, -41],
			"translation": [-2.75, -1.75, 0],
			"scale": [1.25, 1.25, 1.25]
		}
	}
}