{
	"credit": "Made by Falanta Fantomo with Blockbench",
	"textures": {
		"0": "shiver:item/weapons/heal_gun",
		"particle": "shiver:item/weapons/heal_gun"
	},
	"elements": [
		{
			"from": [6.5, 8, 5],
			"to": [9.5, 11, 11],
			"rotation": {"angle": 0, "axis": "y", "origin": [7, 8, 5]},
			"faces": {
				"north": {"uv": [6, 3, 9, 6], "texture": "#0"},
				"east": {"uv": [6, 2, 0, 5], "texture": "#0"},
				"south": {"uv": [6, 0, 9, 3], "texture": "#0"},
				"west": {"uv": [0, 2, 6, 5], "texture": "#0"},
				"up": {"uv": [0, 0, 6, 3], "rotation": 90, "texture": "#0"},
				"down": {"uv": [0, 0, 6, 3], "rotation": 270, "texture": "#0"}
			}
		}
	],
	"gui_light": "front",
	"display": {
		"thirdperson_righthand": {
			"rotation": [90, 0, 0],
			"translation": [-0.75, 0.25, 0.25],
			"scale": [0.65, 0.65, 0.65]
		},
		"firstperson_righthand": {
			"rotation": [90, 0, 5],
			"translation": [4, 2, -4.25]
		},
		"ground": {
			"rotation": [90, 0, 0],
			"translation": [0.5, 2.25, -1.5]
		},
		"gui": {
			"rotation": [114, 0, 35],
			"translation": [1.5, 0.75, 0],
			"scale": [1.5, 1.5, 1.5]
		},
		"head": {
			"scale": [1.6, 1.6, 1.6]
		},
		"fixed": {
			"rotation": [90, -90, 90],
			"translation": [1, 0, -2],
			"scale": [2, 2, 2]
		}
	}
}