{
	"format_version": "1.21.6",
	"credit": "Made by Falanta Fantomo with Blockbench",
	"texture_size": [32, 32],
	"textures": {
		"particle": "shiver:item/police_shield",
		"main": "shiver:item/police_shield"
	},
	"elements": [
		{
			"from": [1, -3, 7],
			"to": [15, 19, 8],
			"faces": {
				"north": {"uv": [0, 0, 7, 11], "texture": "#main"},
				"east": {"uv": [6.5, 0, 7, 11], "texture": "#main"},
				"south": {"uv": [14, 0, 7, 11], "texture": "#main"},
				"west": {"uv": [0, 0, 0.5, 11], "texture": "#main"},
				"up": {"uv": [7, 0, 0, 0.5], "texture": "#main"},
				"down": {"uv": [7, 10.5, 0, 11], "texture": "#main"}
			}
		},
		{
			"from": [5, 6.85, 8],
			"to": [11, 11.15, 12.15],
			"rotation": {"angle": 0, "axis": "z", "origin": [8, 18, 2.5]},
			"faces": {
				"south": {"uv": [14, 5, 16, 8], "rotation": 90, "texture": "#main"},
				"up": {"uv": [14, 0, 16, 3], "rotation": 90, "texture": "#main"},
				"down": {"uv": [14, 8, 16, 11], "rotation": 90, "texture": "#main"}
			}
		},
		{
			"from": [5, 11.15, 8],
			"to": [11, 6.85, 12.15],
			"rotation": {"angle": 0, "axis": "z", "origin": [8, 18, 2.5]},
			"faces": {
				"south": {"uv": [16, 5, 14, 8], "rotation": 90, "texture": "#main"},
				"up": {"uv": [16, 8, 14, 11], "rotation": 90, "texture": "#main"},
				"down": {"uv": [16, 0, 14, 3], "rotation": 90, "texture": "#main"}
			}
		}
	],
	"gui_light": "front",
	"display": {
		"thirdperson_righthand": {
			"rotation": [0, -90, 0],
			"translation": [2, -3, 6]
		},
		"thirdperson_lefthand": {
			"rotation": [0, -90, 0],
			"translation": [2, -3, 6]
		},
		"firstperson_righthand": {
			"rotation": [0, -15, -5],
			"scale": [0.75, 0.75, 0.75]
		},
		"firstperson_lefthand": {
			"rotation": [0, -15, -5],
			"scale": [0.75, 0.75, 0.75]
		},
		"ground": {
			"rotation": [90, 0, 0]
		},
		"gui": {
			"rotation": [-20, -180, 20],
			"translation": [0, -0.25, 0],
			"scale": [0.65, 0.65, 0.65]
		},
		"fixed": {
			"rotation": [-90, 0, 0],
			"translation": [0, 0, -16],
			"scale": [2, 2, 2]
		}
	}
}