{
	"credit": "Made by Falanta Fantomo with Blockbench",
	"texture_size": [32, 32],
	"textures": {
		"0": "shiver:item/toolkit",
		"particle": "shiver:item/toolkit"
	},
	"elements": [
		{
			"from": [8, 7, 5.5],
			"to": [8, 9, 10.5],
			"faces": {
				"east": {"uv": [5.5, 3.5, 8, 4.5], "texture": "#0"},
				"west": {"uv": [8, 3.5, 5.5, 4.5], "texture": "#0"}
			}
		},
		{
			"from": [5, 0, 2.5],
			"to": [11, 7, 13.5],
			"faces": {
				"north": {"uv": [5.5, 0, 8.5, 3.5], "texture": "#0"},
				"east": {"uv": [0, 2.5, 5.5, 6], "texture": "#0"},
				"south": {"uv": [8.5, 0, 5.5, 3.5], "texture": "#0"},
				"west": {"uv": [5.5, 11.5, 0, 8], "texture": "#0"},
				"up": {"uv": [0, 0, 5.5, 3], "rotation": 270, "texture": "#0"},
				"down": {"uv": [0, 5.5, 5.5, 8.5], "rotation": 90, "texture": "#0"}
			}
		}
	],
	"gui_light": "front",
	"display": {
		"thirdperson_righthand": {
			"rotation": [67, 0, 0],
			"translation": [0.25, -2.25, 0.75]
		},
		"thirdperson_lefthand": {
			"rotation": [90, 0, 0],
			"translation": [0, -2, 1]
		},
		"firstperson_righthand": {
			"rotation": [0, 45, 0],
			"translation": [0, 4, 0]
		},
		"ground": {
			"translation": [0, 5.25, 0]
		},
		"gui": {
			"rotation": [20, 135, 0],
			"translation": [0, 3.5, 0]
		},
		"fixed": {
			"rotation": [-90, 0, 0],
			"translation": [0, 0, -16],
			"scale": [2, 2, 2]
		}
	}
}