{
	"credit": "Made by Falanta Fantomo with Blockbench",
	"textures": {
		"0": "shiver:item/weapons/c4",
		"particle": "shiver:item/weapons/c4"
	},
	"elements": [
		{
			"from": [6.5, 7.5, 6],
			"to": [9.5, 8.5, 12],
			"rotation": {"angle": 0, "axis": "y", "origin": [1, 7.5, 0]},
			"faces": {
				"north": {"uv": [10, 16, 11, 13], "rotation": 90, "texture": "#0"},
				"east": {"uv": [10, 12, 16, 13], "texture": "#0"},
				"south": {"uv": [15, 13, 16, 16], "rotation": 90, "texture": "#0"},
				"west": {"uv": [10, 15, 16, 16], "texture": "#0"},
				"up": {"uv": [10, 13, 16, 16], "rotation": 90, "texture": "#0"},
				"down": {"uv": [10, 13, 4, 16], "rotation": 90, "texture": "#0"}
			}
		},
		{
			"from": [9.5, 7.5, 6],
			"to": [10.5, 8.5, 8],
			"rotation": {"angle": 0, "axis": "y", "origin": [1, 7.5, 0]},
			"faces": {
				"north": {"uv": [13, 7, 14, 8], "texture": "#0"},
				"east": {"uv": [15, 7, 13, 8], "texture": "#0"},
				"south": {"uv": [14, 7, 15, 8], "texture": "#0"},
				"up": {"uv": [13, 7, 15, 8], "rotation": 90, "texture": "#0"},
				"down": {"uv": [15, 7, 13, 8], "rotation": 90, "texture": "#0"}
			}
		},
		{
			"from": [9.5, 8, 7],
			"to": [10.5, 8, 12],
			"rotation": {"angle": 22.5, "axis": "y", "origin": [10.5, 8, 8]},
			"faces": {
				"up": {"uv": [15, 3, 16, 8], "texture": "#0"},
				"down": {"uv": [15, 8, 16, 3], "texture": "#0"}
			}
		},
		{
			"from": [8.5, 8, 3],
			"to": [9.5, 8, 6],
			"rotation": {"angle": 0, "axis": "y", "origin": [10.5, 8, 8]},
			"faces": {
				"up": {"uv": [13, 8, 16, 9], "rotation": 90, "texture": "#0"},
				"down": {"uv": [16, 8, 13, 9], "rotation": 90, "texture": "#0"}
			}
		}
	],
	"gui_light": "front",
	"display": {
		"thirdperson_righthand": {
			"rotation": [97, 0, 90],
			"translation": [0, 2, 0.5],
			"scale": [0.9, 0.9, 0.9]
		},
		"thirdperson_lefthand": {
			"rotation": [80, 0, 90],
			"translation": [0, 2.5, 2.25],
			"scale": [0.75, 0.75, 0.75]
		},
		"firstperson_righthand": {
			"rotation": [80, 5, 47],
			"translation": [-2.25, 5.5, 2.5],
			"scale": [0.75, 0.75, 0.75]
		},
		"gui": {
			"rotation": [70, -45, 0],
			"translation": [-0.25, 0.5, 0],
			"scale": [1.5, 1.5, 1.5]
		},
		"head": {
			"scale": [1.6, 1.6, 1.6]
		},
		"fixed": {
			"rotation": [-90, 0, 0],
			"translation": [0, 0, -1],
			"scale": [2, 2, 2]
		}
	}
}