{
	"credit": "by 2M3V",
	"textures": {
		"0": "shiver:item/weapons/spruce_log_top",
		"1": "shiver:item/weapons/stripped_spruce_log",
		"particle": "shiver:item/weapons/spruce_log_top"
	},
	"elements": [
		{
			"from": [6.5, -3, 6.5],
			"to": [9.5, 5, 9.5],
			"rotation": {"angle": 45, "axis": "y", "origin": [8, 1, 8]},
			"faces": {
				"north": {"uv": [0, 0, 3, 8], "texture": "#1"},
				"east": {"uv": [0, 0, 3, 8], "texture": "#1"},
				"south": {"uv": [0, 0, 3, 8], "texture": "#1"},
				"west": {"uv": [0, 0, 3, 8], "texture": "#1"},
				"up": {"uv": [0, 0, 3, 3], "texture": "#1"},
				"down": {"uv": [0, 0, 3, 3], "texture": "#1"}
			}
		},
		{
			"from": [5.5, 5, 5.5],
			"to": [10.5, 21, 10.5],
			"rotation": {"angle": 0, "axis": "y", "origin": [-0.5, 13, 7.5]},
			"faces": {
				"north": {"uv": [0, 0, 5, 16], "texture": "#1"},
				"east": {"uv": [0, 0, 5, 16], "texture": "#1"},
				"south": {"uv": [0, 0, 5, 16], "texture": "#1"},
				"west": {"uv": [0, 0, 5, 16], "texture": "#1"},
				"up": {"uv": [6, 6, 11, 11], "texture": "#0"},
				"down": {"uv": [0, 0, 5, 5], "texture": "#1"}
			}
		},
		{
			"from": [5.5, 21, 5.5],
			"to": [10.5, 31, 10.5],
			"rotation": {"angle": 0, "axis": "y", "origin": [-0.5, 36, 7.5]},
			"faces": {
				"north": {"uv": [0, 0, 5, 6], "texture": "#1"},
				"east": {"uv": [0, 0, 5, 6], "texture": "#1"},
				"south": {"uv": [0, 0, 5, 6], "texture": "#1"},
				"west": {"uv": [0, 0, 5, 6], "texture": "#1"},
				"up": {"uv": [5, 5, 10, 10], "texture": "#0"}
			}
		}
	],
	"gui_light": "front",
	"display": {
		"thirdperson_righthand": {
			"rotation": [0, 45, 0],
			"translation": [0, 3, 2.25],
			"scale": [0.7, 0.7, 0.7]
		},
		"firstperson_righthand": {
			"rotation": [94, -112, 91],
			"translation": [8.5, -1.75, -12.5],
			"scale": [1, 1.2, 1]
		},
		"ground": {
			"rotation": [90, 0, 0],
			"translation": [0, 0, -6.75]
		},
		"gui": {
			"rotation": [17, 14, -45],
			"translation": [-2.5, -2.75, 0],
			"scale": [0.5, 0.57, 0.5]
		}
	}
}