{
	"credit": "Made by Falanta Fantomo with Blockbench",
	"textures": {
		"0": "shiver:item/grenade_blu",
		"particle": "shiver:item/grenade_blu"
	},
	"elements": [
		{
			"from": [6.5, 6.5, 5],
			"to": [9.5, 9.5, 11],
			"faces": {
				"north": {"uv": [7, 3, 10, 6], "texture": "#0"},
				"east": {"uv": [16, 0, 10, 3], "texture": "#0"},
				"south": {"uv": [7, 0, 10, 3], "texture": "#0"},
				"west": {"uv": [10, 0, 16, 3], "texture": "#0"},
				"up": {"uv": [10, 3, 16, 6], "rotation": 90, "texture": "#0"},
				"down": {"uv": [10, 6, 16, 9], "rotation": 90, "texture": "#0"}
			}
		},
		{
			"from": [6.5, 9.5, 5],
			"to": [9.5, 6.5, 11],
			"faces": {
				"north": {"uv": [7, 6, 10, 3], "texture": "#0"},
				"east": {"uv": [16, 3, 10, 0], "texture": "#0"},
				"south": {"uv": [7, 3, 10, 0], "texture": "#0"},
				"west": {"uv": [10, 3, 16, 0], "texture": "#0"},
				"up": {"uv": [16, 6, 10, 9], "rotation": 90, "texture": "#0"},
				"down": {"uv": [16, 3, 10, 6], "rotation": 90, "texture": "#0"}
			}
		},
		{
			"from": [6.75, 6.75, 8],
			"to": [9.25, 9.25, 11],
			"faces": {
				"east": {"uv": [7, 2, 4, 4], "texture": "#0"},
				"west": {"uv": [4, 2, 7, 4], "texture": "#0"},
				"up": {"uv": [4, 0, 7, 2], "rotation": 90, "texture": "#0"},
				"down": {"uv": [4, 4, 7, 6], "rotation": 90, "texture": "#0"}
			}
		}
	],
	"gui_light": "front",
	"display": {
		"thirdperson_righthand": {
			"rotation": [90, 0, 0]
		},
		"thirdperson_lefthand": {
			"rotation": [90, 0, 0]
		},
		"firstperson_righthand": {
			"rotation": [90, 0, 0],
			"translation": [1, 0, -2]
		},
		"firstperson_lefthand": {
			"rotation": [90, 0, 0],
			"translation": [1, 0, -2]
		},
		"ground": {
			"scale": [0.5, 0.5, 0.5]
		},
		"gui": {
			"rotation": [70, -45, 36],
			"scale": [2, 2, 2]
		},
		"head": {
			"scale": [1.6, 1.6, 1.6]
		},
		"fixed": {
			"rotation": [0, 90, 0],
			"scale": [2, 2, 2]
		}
	}
}