{
	"credit": "Made with Blockbench",
	"texture_size": [32, 32],
	"textures": {
		"0": "shiver:item/props/props_c17/hl2_bench_002",
		"particle": "shiver:item/props/props_c17/hl2_bench_002"
	},
	"elements": [
		{
			"from": [-5, 18, 7],
			"to": [23, 22, 8],
			"rotation": {"angle": 22.5, "axis": "z", "origin": [9, 20, 7.5]},
			"faces": {
				"north": {"uv": [0, 0, 14, 2], "texture": "#0"},
				"east": {"uv": [0, 0, 0.5, 2], "texture": "#0"},
				"south": {"uv": [0, 0, 14, 2], "texture": "#0"},
				"west": {"uv": [0, 0, 0.5, 2], "texture": "#0"},
				"up": {"uv": [0, 0, 14, 0.5], "texture": "#0"},
				"down": {"uv": [0, 0, 14, 0.5], "texture": "#0"}
			}
		},
		{
			"from": [-5, 6, 7],
			"to": [23, 10, 8],
			"rotation": {"angle": 0, "axis": "z", "origin": [9, 8, 7.5]},
			"faces": {
				"north": {"uv": [0, 0, 14, 2], "texture": "#0"},
				"east": {"uv": [0, 0, 0.5, 2], "texture": "#0"},
				"south": {"uv": [0, 0, 14, 2], "texture": "#0"},
				"west": {"uv": [0, 0, 0.5, 2], "texture": "#0"},
				"up": {"uv": [0, 0, 14, 0.5], "texture": "#0"},
				"down": {"uv": [0, 0, 14, 0.5], "texture": "#0"}
			}
		},
		{
			"from": [-5, 25, 8],
			"to": [23, 29, 9],
			"rotation": {"angle": 0, "axis": "z", "origin": [9, 27, 8.5]},
			"faces": {
				"north": {"uv": [0, 0, 14, 2], "texture": "#0"},
				"east": {"uv": [0, 0, 0.5, 2], "texture": "#0"},
				"south": {"uv": [0, 0, 14, 2], "texture": "#0"},
				"west": {"uv": [0, 0, 0.5, 2], "texture": "#0"},
				"up": {"uv": [0, 0, 14, 0.5], "texture": "#0"},
				"down": {"uv": [0, 0, 14, 0.5], "texture": "#0"}
			}
		},
		{
			"from": [-5, 5, 8],
			"to": [23, 9, 9],
			"rotation": {"angle": -22.5, "axis": "z", "origin": [9, 7, 8.5]},
			"faces": {
				"north": {"uv": [0, 0, 14, 2], "texture": "#0"},
				"east": {"uv": [0, 0, 0.5, 2], "texture": "#0"},
				"south": {"uv": [0, 0, 14, 2], "texture": "#0"},
				"west": {"uv": [0, 0, 0.5, 2], "texture": "#0"},
				"up": {"uv": [0, 0, 14, 0.5], "texture": "#0"},
				"down": {"uv": [0, 0, 14, 0.5], "texture": "#0"}
			}
		}
	],
	"gui_light": "front",
	"display": {
		"gui": {
			"translation": [0, -4.25, 0],
			"scale": [0.5, 0.5, 0.5]
		}
	}
}