{
	"credit": "Made by Falanta Fantomo with Blockbench",
	"texture_size": [32, 32],
	"textures": {
		"0": "shiver:item/props/box",
		"particle": "shiver:item/props/box"
	},
	"elements": [
		{
			"from": [3, 0, 1],
			"to": [13, 8, 15],
			"faces": {
				"north": {"uv": [7, 0, 12, 4], "texture": "#0", "tintindex": 0},
				"east": {"uv": [7, 0, 0, 4], "texture": "#0", "tintindex": 0},
				"south": {"uv": [0, 4, 5, 8], "texture": "#0", "tintindex": 0},
				"west": {"uv": [0, 0, 7, 4], "texture": "#0", "tintindex": 0},
				"down": {"uv": [0, 8, 5, 15], "texture": "#0", "tintindex": 0}
			}
		},
		{
			"from": [3, 8, 1],
			"to": [13, 0, 15],
			"faces": {
				"north": {"uv": [7, 4, 12, 0], "texture": "#0", "tintindex": 0},
				"east": {"uv": [7, 4, 0, 0], "texture": "#0", "tintindex": 0},
				"south": {"uv": [0, 8, 5, 4], "texture": "#0", "tintindex": 0},
				"west": {"uv": [0, 4, 7, 0], "texture": "#0", "tintindex": 0},
				"up": {"uv": [0, 15, 5, 8], "texture": "#0", "tintindex": 0}
			}
		}
	],
	"display": {
		"thirdperson_righthand": {
			"rotation": [75, 45, 0],
			"translation": [0, 2.5, 0],
			"scale": [0.1, 0.1, 0.1]
		},
		"thirdperson_lefthand": {
			"rotation": [75, 45, 0],
			"translation": [0, 2.5, 0],
			"scale": [0.1, 0.1, 0.1]
		},
		"firstperson_righthand": {
			"rotation": [0, 45, 0],
			"scale": [0.2, 0.2, 0.2]
		},
		"firstperson_lefthand": {
			"rotation": [0, 45, 0],
			"scale": [0.2, 0.2, 0.2]
		},
		"ground": {
			"scale": [0.1, 0.1, 0.1]
		},
		"gui": {
			"rotation": [20, 135, 0],
			"translation": [0, 2.5, 0],
			"scale": [0.75, 0.75, 0.75]
		},
		"fixed": {
			"rotation": [-90, 0, 0],
			"translation": [0, 0, -16],
			"scale": [2, 2, 2]
		}
	}
}