{
	"credit": "Made with Blockbench",
	"texture_size": [64, 64],
	"textures": {
		"0": "shiver:item/props/props_c17/brine",
		"particle": "shiver:item/props/props_c17/brine"
	},
	"elements": [
		{
			"from": [2, 0, 2],
			"to": [14, 2, 14],
			"rotation": {"angle": 0, "axis": "y", "origin": [2, 0, 2]},
			"faces": {
				"north": {"uv": [5.375, 0.625, 6.875, 0.875], "texture": "#0"},
				"east": {"uv": [5.375, 0.375, 6.875, 0.625], "texture": "#0"},
				"south": {"uv": [8.25, 1, 9.75, 1.25], "texture": "#0"},
				"west": {"uv": [5.625, 1, 7.125, 1.25], "texture": "#0"},
				"up": {"uv": [7.375, 0, 10.375, 3], "texture": "#0"},
				"down": {"uv": [0, 0, 1.5, 1.5], "texture": "#0"}
			}
		},
		{
			"from": [1, 8, 5],
			"to": [13, 20, 11],
			"rotation": {"angle": -45, "axis": "z", "origin": [8, 13, 7]},
			"faces": {
				"north": {"uv": [9.5, 11.5, 12.5, 14.5], "rotation": 180, "texture": "#0"},
				"east": {"uv": [8, 0.5, 9.5, 1.25], "rotation": 270, "texture": "#0"},
				"south": {"uv": [9.5, 11.5, 12.5, 14.5], "rotation": 90, "texture": "#0"},
				"down": {"uv": [0, 0, 0.75, 1.5], "rotation": 270, "texture": "#0"}
			}
		},
		{
			"from": [5, 17.7, 5],
			"to": [11, 23.7, 11],
			"rotation": {"angle": 22.5, "axis": "x", "origin": [6, 19.7, 8]},
			"faces": {
				"north": {"uv": [5, 11.5, 6.5, 13], "texture": "#0"},
				"east": {"uv": [0, 0, 1.5, 1.5], "texture": "#0"},
				"south": {"uv": [0, 0, 1.5, 1.5], "texture": "#0"},
				"west": {"uv": [0, 0, 1.5, 1.5], "texture": "#0"},
				"up": {"uv": [0, 0, 1.5, 1.5], "texture": "#0"},
				"down": {"uv": [0, 0, 1.5, 1.5], "texture": "#0"}
			}
		},
		{
			"from": [-0.48528, 14.41421, 4.995],
			"to": [16.48528, 18, 11.005],
			"rotation": {"angle": 0, "axis": "y", "origin": [6, 16, 8]},
			"faces": {
				"north": {"uv": [6.25, 1, 10.5, 2], "texture": "#0"},
				"east": {"uv": [0, 0, 1.5, 1], "texture": "#0"},
				"south": {"uv": [0, 0, 4.25, 1], "texture": "#0"},
				"west": {"uv": [0, 0, 1.5, 1], "texture": "#0"},
				"up": {"uv": [0, 0, 4.25, 1.5], "texture": "#0"},
				"down": {"uv": [0, 0, 4.25, 1.5], "texture": "#0"}
			}
		},
		{
			"from": [3.9, 2, 5.7],
			"to": [12, 11.2, 9.9],
			"rotation": {"angle": 0, "axis": "y", "origin": [7, 2, 7]},
			"faces": {
				"north": {"uv": [7.75, 0.5, 9.775, 2.8], "texture": "#0"},
				"east": {"uv": [5.5, 0.5, 6.55, 2.8], "texture": "#0"},
				"south": {"uv": [0.25, 0, 2.275, 2.3], "texture": "#0"},
				"west": {"uv": [10.25, 0.75, 11.3, 3.05], "texture": "#0"},
				"up": {"uv": [0, 0, 2.025, 1.05], "texture": "#0"},
				"down": {"uv": [0, 0, 2.025, 1.05], "texture": "#0"}
			}
		}
	],
	"gui_light": "front",
	"display": {
		"thirdperson_righthand": {
			"rotation": [0, 100, 0],
			"translation": [0, 0.25, 0.5],
			"scale": [0.6, 0.6, 0.6]
		},
		"firstperson_righthand": {
			"rotation": [0, 106, 11],
			"translation": [1.25, 1.75, 0],
			"scale": [0.5, 0.5, 0.5]
		},
		"ground": {
			"translation": [0, 4, 0],
			"scale": [0.5, 0.5, 0.5]
		},
		"gui": {
			"rotation": [33, -136, 0],
			"translation": [0, -2, 0],
			"scale": [0.5, 0.5, 0.5]
		}
	}
}