{
	"credit": "Made by Falanta Fantomo with Blockbench",
	"textures": {
		"0": "shiver:item/props/bucket",
		"particle": "shiver:item/props/bucket"
	},
	"elements": [
		{
			"from": [4, 3, 4],
			"to": [12, 13, 12],
			"faces": {
				"north": {"uv": [0, 0, 8, 10], "texture": "#0"},
				"east": {"uv": [0, 0, 8, 10], "texture": "#0"},
				"south": {"uv": [0, 0, 8, 10], "texture": "#0"},
				"west": {"uv": [0, 0, 8, 10], "texture": "#0"},
				"down": {"uv": [8, 0, 16, 8], "texture": "#0"}
			}
		},
		{
			"from": [4, 13, 4],
			"to": [12, 3, 12],
			"faces": {
				"north": {"uv": [0, 10, 8, 0], "texture": "#0"},
				"east": {"uv": [0, 10, 8, 0], "texture": "#0"},
				"south": {"uv": [0, 10, 8, 0], "texture": "#0"},
				"west": {"uv": [0, 10, 8, 0], "texture": "#0"},
				"up": {"uv": [8, 8, 16, 16], "texture": "#0"}
			}
		},
		{
			"from": [3.5, 11, 7.5],
			"to": [12.5, 12, 12.75],
			"rotation": {"angle": 22.5, "axis": "x", "origin": [8, 11.5, 8]},
			"faces": {
				"east": {"uv": [5, 14, 0, 15], "texture": "#0"},
				"south": {"uv": [0, 15, 8, 16], "texture": "#0"},
				"west": {"uv": [0, 14, 5, 15], "texture": "#0"}
			}
		},
		{
			"from": [3.5, 12, 7.5],
			"to": [12.5, 11, 12.75],
			"rotation": {"angle": 22.5, "axis": "x", "origin": [8, 11.5, 8]},
			"faces": {
				"east": {"uv": [5, 14, 0, 15], "texture": "#0"},
				"south": {"uv": [0, 15, 8, 16], "texture": "#0"},
				"west": {"uv": [0, 14, 5, 15], "texture": "#0"}
			}
		}
	],
	"gui_light": "front",
	"display": {
		"thirdperson_righthand": {
			"rotation": [75, 45, 0],
			"translation": [0, 2.5, 0],
			"scale": [0.1, 0.1, 0.1]
		},
		"thirdperson_lefthand": {
			"rotation": [75, 45, 0],
			"translation": [0, 2.5, 0],
			"scale": [0.1, 0.1, 0.1]
		},
		"firstperson_righthand": {
			"rotation": [0, 45, 0],
			"scale": [0.2, 0.2, 0.2]
		},
		"firstperson_lefthand": {
			"rotation": [0, 45, 0],
			"scale": [0.2, 0.2, 0.2]
		},
		"ground": {
			"scale": [0.1, 0.1, 0.1]
		},
		"gui": {
			"rotation": [20, 45, 0]
		},
		"head": {
			"rotation": [180, 0, 0],
			"scale": [1.65, 1.65, 1.65]
		},
		"fixed": {
			"rotation": [-90, 0, 0],
			"translation": [0, 0, -16],
			"scale": [2, 2, 2]
		}
	}
}