{
	"credit": "Made with Blockbench",
	"texture_size": [32, 32],
	"textures": {
		"0": "shiver:item/props/props_c17/hl2_frame02_009",
		"1": "shiver:item/enemy/monster",
		"particle": "shiver:item/props/props_c17/hl2_frame02_009"
	},
	"elements": [
		{
			"from": [2, 8, 8],
			"to": [14, 24, 9],
			"rotation": {"angle": 0, "axis": "y", "origin": [8, 16, 8.75]},
			"faces": {
				"north": {"uv": [0, 0, 6, 8], "texture": "#0"},
				"east": {"uv": [5.5, 0, 6, 8], "texture": "#0"},
				"south": {"uv": [6, 0, 12, 8], "texture": "#0"},
				"west": {"uv": [0, 0, 0.5, 8], "texture": "#0"},
				"up": {"uv": [0, 0, 6, 0.5], "texture": "#0"},
				"down": {"uv": [0, 8, 6, 7.5], "texture": "#0"}
			}
		},
		{
			"from": [4, 22, 8],
			"to": [12, 10, 9],
			"rotation": {"angle": 0, "axis": "y", "origin": [8, 16, 8.75]},
			"faces": {
				"north": {"uv": [0.5, 0.5, 5.5, 7.5], "texture": "#0"},
				"east": {"uv": [5.5, 0, 6, 8], "texture": "#0"},
				"west": {"uv": [0, 0, 0.5, 8], "texture": "#0"},
				"up": {"uv": [0, 0, 6, 0.5], "texture": "#0"},
				"down": {"uv": [0, 8, 6, 7.5], "texture": "#0"}
			}
		},
		{
			"from": [4, 10, 9],
			"to": [12, 22, 9],
			"rotation": {"angle": 0, "axis": "y", "origin": [8, 16, 8.75]},
			"faces": {
				"north": {"uv": [0, 0, 16, 16], "texture": "#1"},
				"east": {"uv": [0, 0, 0, 6], "texture": "#missing"},
				"west": {"uv": [0, 0, 0, 6], "texture": "#missing"},
				"up": {"uv": [0, 0, 4, 0], "texture": "#missing"},
				"down": {"uv": [0, 0, 4, 0], "texture": "#missing"}
			}
		}
	],
	"gui_light": "front",
	"display": {
		"thirdperson_righthand": {
			"rotation": [0, 180, 0]
		},
		"firstperson_righthand": {
			"rotation": [0, 180, 0],
			"scale": [0.5, 0.5, 0.5]
		},
		"gui": {
			"rotation": [0, 180, 0],
			"translation": [0, -8, 0]
		}
	}
}