{
	"credit": "Made by Falanta Fantomo with Blockbench",
	"texture_size": [256, 256],
	"textures": {
		"0": "shiver:item/props/elevator_break"
	},
	"elements": [
		{
			"from": [2, 18, 0.75],
			"to": [14, 2, 15.25],
			"rotation": {"angle": 0, "axis": "y", "origin": [8, 0, 8]},
			"faces": {
				"north": {"uv": [3.625, 4, 6.625, 0], "texture": "#0"},
				"east": {"uv": [0, 4, 3.625, 0], "texture": "#0"},
				"south": {"uv": [10.25, 4, 13.25, 0], "texture": "#0"},
				"west": {"uv": [6.625, 4, 10.25, 0], "texture": "#0"},
				"up": {"uv": [0, 4.1875, 3, 7.8125], "texture": "#0"},
				"down": {"uv": [3, 4.1875, 6, 7.8125], "rotation": 180, "texture": "#0"}
			}
		},
		{
			"from": [4, 15, 0],
			"to": [12, 2, 0.75],
			"rotation": {"angle": 0, "axis": "y", "origin": [8, 0, 8]},
			"faces": {
				"east": {"uv": [13.8125, 12.75, 14, 16], "texture": "#0"},
				"west": {"uv": [13.8125, 12.75, 14, 16], "texture": "#0"},
				"up": {"uv": [0.5, 4, 2.5, 4.1875], "texture": "#0"},
				"down": {"uv": [0.5, 5, 2.5, 5.1875], "texture": "#0"}
			}
		},
		{
			"from": [0, 0, 0],
			"to": [16, 20, 16],
			"rotation": {"angle": 0, "axis": "y", "origin": [8, 0, 8]},
			"faces": {
				"north": {"uv": [0, 11, 4, 16], "texture": "#0"},
				"east": {"uv": [8, 11, 4, 16], "texture": "#0"},
				"south": {"uv": [8, 11, 12, 16], "texture": "#0"},
				"west": {"uv": [4, 11, 8, 16], "texture": "#0"},
				"up": {"uv": [6, 4, 10, 8], "texture": "#0"},
				"down": {"uv": [10, 4, 14, 8], "texture": "#0"}
			}
		},
		{
			"from": [12.75, 20.75, 11],
			"to": [13.25, 23, 15.24264],
			"rotation": {"angle": 45, "axis": "x", "origin": [13, 23, 11]},
			"faces": {
				"east": {"uv": [4.0625, 9.6875, 3, 10.25], "texture": "#0"},
				"west": {"uv": [3, 9.6875, 4.0625, 10.25], "texture": "#0"},
				"up": {"uv": [4.0625, 9.5625, 3, 9.6875], "rotation": 90, "texture": "#0"}
			}
		},
		{
			"from": [12.75, 20.75, 0.75736],
			"to": [13.25, 23, 5],
			"rotation": {"angle": -45, "axis": "x", "origin": [13, 23, 5]},
			"faces": {
				"east": {"uv": [3, 9.6875, 4.0625, 10.25], "texture": "#0"},
				"west": {"uv": [4.0625, 9.6875, 3, 10.25], "texture": "#0"},
				"up": {"uv": [3, 9.5625, 4.0625, 9.6875], "rotation": 90, "texture": "#0"}
			}
		},
		{
			"from": [2.75, 18.75736, 5],
			"to": [3.25, 23, 7.25],
			"rotation": {"angle": 22.5, "axis": "x", "origin": [3, 23, 5]},
			"faces": {
				"north": {"uv": [3, 9.6875, 4.0625, 9.5625], "rotation": 270, "texture": "#0"},
				"east": {"uv": [3, 9.6875, 4.0625, 10.25], "rotation": 90, "texture": "#0"},
				"west": {"uv": [4.0625, 9.6875, 3, 10.25], "rotation": 270, "texture": "#0"}
			}
		},
		{
			"from": [5.75, 17, 9],
			"to": [6.25, 21.24264, 11.25],
			"rotation": {"angle": 22.5, "axis": "x", "origin": [6, 17, 9]},
			"faces": {
				"north": {"uv": [4.0625, 9.6875, 3, 9.5625], "rotation": 270, "texture": "#0"},
				"east": {"uv": [4.0625, 9.6875, 3, 10.25], "rotation": 90, "texture": "#0"},
				"west": {"uv": [3, 9.6875, 4.0625, 10.25], "rotation": 270, "texture": "#0"}
			}
		}
	],
	"display": {
		"thirdperson_righthand": {
			"rotation": [75, 45, 0],
			"translation": [0, 2.5, 0],
			"scale": [0.1, 0.1, 0.1]
		},
		"thirdperson_lefthand": {
			"rotation": [75, 45, 0],
			"translation": [0, 2.5, 0],
			"scale": [0.1, 0.1, 0.1]
		},
		"firstperson_righthand": {
			"rotation": [0, 45, 0],
			"scale": [0.2, 0.2, 0.2]
		},
		"firstperson_lefthand": {
			"rotation": [0, 45, 0],
			"scale": [0.2, 0.2, 0.2]
		},
		"ground": {
			"scale": [0.1, 0.1, 0.1]
		},
		"gui": {
			"rotation": [20, 135, 0],
			"translation": [0, -1, 0],
			"scale": [0.5, 0.5, 0.5]
		},
		"fixed": {
			"rotation": [-90, 0, 0],
			"translation": [0, 0, -16],
			"scale": [2, 2, 2]
		}
	}
}