{
	"credit": "Made with Blockbench",
	"textures": {
		"0": "shiver:item/props/elevator_button",
		"particle": "shiver:item/props/elevator_button"
	},
	"elements": [
		{
			"from": [4, 0, 7],
			"to": [12, 12, 9],
			"rotation": {"angle": 0, "axis": "y", "origin": [0, 0, 7]},
			"faces": {
				"north": {"uv": [0, 0, 8, 12], "texture": "#0"},
				"east": {"uv": [0, 0, 1, 12], "texture": "#0"},
				"south": {"uv": [0, 0, 8, 12], "texture": "#0"},
				"west": {"uv": [7, 0, 8, 12], "texture": "#0"},
				"up": {"uv": [8, 0, 0, 1], "texture": "#0"},
				"down": {"uv": [0, 11, 8, 12], "texture": "#0"}
			}
		},
		{
			"from": [7, 5, 6],
			"to": [9, 7, 7],
			"rotation": {"angle": 0, "axis": "y", "origin": [1, -1, 6]},
			"faces": {
				"north": {"uv": [10, 3, 12, 5], "texture": "#0"},
				"east": {"uv": [10, 3, 12, 5], "texture": "#0"},
				"south": {"uv": [10, 3, 12, 5], "texture": "#0"},
				"west": {"uv": [10, 3, 12, 5], "texture": "#0"},
				"up": {"uv": [10, 3, 12, 5], "texture": "#0"},
				"down": {"uv": [10, 3, 12, 5], "texture": "#0"}
			}
		}
	],
	"gui_light": "front",
	"display": {
		"gui": {
			"rotation": [23, 133, 0],
			"translation": [0, 1.75, 0]
		}
	}
}