{
	"credit": "Made by Falanta Fantomo with Blockbench",
	"texture_size": [32, 32],
	"textures": {
		"particle": "shiver:item/props/monitor",
		"main": "shiver:item/props/monitor"
	},
	"elements": [
		{
			"from": [3, 2, 3],
			"to": [13, 11, 6],
			"rotation": {"angle": 0, "axis": "x", "origin": [0, 9.5, 7]},
			"faces": {
				"north": {"uv": [0, 1.5, 5, 6], "texture": "#main"},
				"east": {"uv": [5, 0, 6.5, 4.5], "texture": "#main"},
				"south": {"uv": [0, 7.5, 5, 12], "texture": "#main"},
				"west": {"uv": [6.5, 0, 5, 4.5], "texture": "#main"},
				"up": {"uv": [0, 0, 5, 1.5], "rotation": 180, "texture": "#main"},
				"down": {"uv": [0, 6, 5, 7.5], "rotation": 180, "texture": "#main"}
			}
		},
		{
			"from": [4, 2, 6],
			"to": [12, 10, 13],
			"rotation": {"angle": 0, "axis": "x", "origin": [0, 9.5, 7]},
			"faces": {
				"east": {"uv": [0, 12, 3.5, 16], "texture": "#main"},
				"south": {"uv": [3.5, 12, 7.5, 16], "texture": "#main"},
				"west": {"uv": [3.5, 12, 0, 16], "texture": "#main"},
				"up": {"uv": [7.5, 12, 11, 16], "rotation": 90, "texture": "#main"},
				"down": {"uv": [11, 12, 14.5, 16], "rotation": 90, "texture": "#main"}
			}
		},
		{
			"from": [4, 0, 4],
			"to": [12, 1, 12],
			"faces": {
				"north": {"uv": [10.5, 0, 6.5, 0.5], "texture": "#main"},
				"east": {"uv": [10, 0, 10.5, 4], "rotation": 90, "texture": "#main"},
				"south": {"uv": [6.5, 3.5, 10.5, 4], "texture": "#main"},
				"west": {"uv": [6.5, 4, 7, 0], "rotation": 90, "texture": "#main"},
				"up": {"uv": [6.5, 0, 10.5, 4], "texture": "#main"},
				"down": {"uv": [6.5, 4, 10.5, 0], "texture": "#main"}
			}
		},
		{
			"from": [5, 1, 7],
			"to": [11, 2, 11],
			"faces": {
				"north": {"uv": [14.5, 13, 15, 16], "rotation": 90, "texture": "#main"},
				"east": {"uv": [15.5, 14, 16, 16], "rotation": 90, "texture": "#main"},
				"south": {"uv": [15, 13, 15.5, 16], "rotation": 90, "texture": "#main"},
				"west": {"uv": [15.5, 16, 16, 14], "rotation": 90, "texture": "#main"}
			}
		}
	],
	"display": {
		"thirdperson_righthand": {
			"rotation": [75, 45, 0],
			"translation": [0, 2.5, 0],
			"scale": [0.1, 0.1, 0.1]
		},
		"thirdperson_lefthand": {
			"rotation": [75, 45, 0],
			"translation": [0, 2.5, 0],
			"scale": [0.1, 0.1, 0.1]
		},
		"firstperson_righthand": {
			"rotation": [0, 45, 0],
			"scale": [0.2, 0.2, 0.2]
		},
		"firstperson_lefthand": {
			"rotation": [0, 45, 0],
			"scale": [0.2, 0.2, 0.2]
		},
		"ground": {
			"scale": [0.1, 0.1, 0.1]
		},
		"gui": {
			"rotation": [20, 135, 0],
			"translation": [0, 2.5, 0]
		},
		"fixed": {
			"rotation": [-90, 0, 0],
			"translation": [0, 0, -16],
			"scale": [2, 2, 2]
		}
	}
}