{
	"credit": "Made by Falanta Fantomo with Blockbench",
	"texture_size": [32, 32],
	"textures": {
		"0": "shiver:item/props/ressor_of_tractor_belarus",
		"particle": "shiver:item/props/ressor_of_tractor_belarus"
	},
	"elements": [
		{
			"from": [7, 11, 9.3],
			"to": [9, 19, 11.3],
			"rotation": {"angle": 22.5, "axis": "x", "origin": [8, 17.75, 10.3]},
			"faces": {
				"north": {"uv": [14, 0, 15, 4], "texture": "#0"},
				"east": {"uv": [15.5, 0, 14.5, 4], "texture": "#0"},
				"south": {"uv": [15, 0, 16, 4], "texture": "#0"},
				"west": {"uv": [14.5, 0, 15.5, 4], "texture": "#0"}
			}
		},
		{
			"from": [6.5, 18.46679, 8.1697],
			"to": [9.5, 19.46679, 12.1697],
			"rotation": {"angle": 0, "axis": "x", "origin": [8, 18.96679, 10.1697]},
			"faces": {
				"north": {"uv": [14, 0, 12.5, 0.5], "texture": "#0"},
				"east": {"uv": [13.5, 0, 14, 2], "rotation": 90, "texture": "#0"},
				"south": {"uv": [12.5, 1.5, 14, 2], "texture": "#0"},
				"west": {"uv": [12.5, 2, 13, 0], "rotation": 90, "texture": "#0"},
				"down": {"uv": [12.5, 2, 14, 0], "texture": "#0"}
			}
		},
		{
			"from": [8, 16.46679, 7.1697],
			"to": [8, 19.46679, 13.1697],
			"rotation": {"angle": 0, "axis": "x", "origin": [8, 18.96679, 10.1697]},
			"faces": {
				"east": {"uv": [11, 0, 8, 1.5], "texture": "#0"},
				"west": {"uv": [8, 0, 11, 1.5], "texture": "#0"}
			}
		},
		{
			"from": [5, 19.46679, 7.1697],
			"to": [11, 20.46679, 13.1697],
			"rotation": {"angle": 0, "axis": "x", "origin": [8, 18.96679, 10.1697]},
			"faces": {
				"north": {"uv": [3, 4, 0, 4.5], "texture": "#0"},
				"east": {"uv": [2.5, 4, 3, 7], "rotation": 90, "texture": "#0"},
				"south": {"uv": [0, 6.5, 3, 7], "texture": "#0"},
				"west": {"uv": [0, 7, 0.5, 4], "rotation": 90, "texture": "#0"},
				"up": {"uv": [0, 4, 3, 7], "texture": "#0"},
				"down": {"uv": [0, 7, 3, 4], "texture": "#0"}
			}
		},
		{
			"from": [8, -5, 5],
			"to": [8, -2, 11],
			"rotation": {"angle": 0, "axis": "y", "origin": [0, 16, 0]},
			"faces": {
				"east": {"uv": [11, 1.5, 8, 0], "texture": "#0"},
				"west": {"uv": [8, 1.5, 11, 0], "texture": "#0"}
			}
		},
		{
			"from": [6.5, -5, 6],
			"to": [9.5, -4, 10],
			"rotation": {"angle": 0, "axis": "y", "origin": [0, 16, 0]},
			"faces": {
				"north": {"uv": [14, 0.5, 12.5, 0], "texture": "#0"},
				"east": {"uv": [14, 0, 13.5, 2], "rotation": 90, "texture": "#0"},
				"south": {"uv": [12.5, 2, 14, 1.5], "texture": "#0"},
				"west": {"uv": [13, 2, 12.5, 0], "rotation": 90, "texture": "#0"},
				"up": {"uv": [12.5, 0, 14, 2], "texture": "#0"}
			}
		},
		{
			"from": [7, -4, 7],
			"to": [9, 4, 9],
			"rotation": {"angle": 0, "axis": "y", "origin": [8, 0, 8]},
			"faces": {
				"north": {"uv": [14, 4, 15, 0], "texture": "#0"},
				"east": {"uv": [15.5, 4, 14.5, 0], "texture": "#0"},
				"south": {"uv": [15, 4, 16, 0], "texture": "#0"},
				"west": {"uv": [14.5, 4, 15.5, 0], "texture": "#0"}
			}
		},
		{
			"from": [5, -6, 5],
			"to": [11, -5, 11],
			"rotation": {"angle": 0, "axis": "y", "origin": [0, 16, 0]},
			"faces": {
				"north": {"uv": [3, 4.5, 0, 4], "texture": "#0"},
				"east": {"uv": [3, 4, 2.5, 7], "rotation": 90, "texture": "#0"},
				"south": {"uv": [0, 7, 3, 6.5], "texture": "#0"},
				"west": {"uv": [0.5, 7, 0, 4], "rotation": 90, "texture": "#0"},
				"up": {"uv": [0, 4, 3, 7], "texture": "#0"},
				"down": {"uv": [0, 7, 3, 4], "texture": "#0"}
			}
		},
		{
			"from": [6, 4, 6],
			"to": [10, 12, 10],
			"faces": {
				"north": {"uv": [2, 0, 4, 4], "texture": "#0"},
				"east": {"uv": [2, 0, 0, 4], "texture": "#0"},
				"south": {"uv": [4, 0, 6, 4], "texture": "#0"},
				"west": {"uv": [0, 0, 2, 4], "texture": "#0"},
				"up": {"uv": [6, 0, 8, 2], "texture": "#0"},
				"down": {"uv": [6, 2, 8, 0], "texture": "#0"}
			}
		}
	],
	"gui_light": "front",
	"display": {
		"thirdperson_righthand": {
			"rotation": [-180, -180, 0],
			"translation": [0, 4.75, 2.25]
		},
		"thirdperson_lefthand": {
			"translation": [0, 4.5, 2]
		},
		"firstperson_righthand": {
			"rotation": [180, 15, 20],
			"translation": [2.25, 1, -4.25]
		},
		"firstperson_lefthand": {
			"rotation": [-5, 15, -10],
			"translation": [1.5, 0, -3]
		},
		"ground": {
			"rotation": [0, 0, 90],
			"scale": [0.7, 0.7, 0.7]
		},
		"gui": {
			"rotation": [70, 45, 70],
			"scale": [0.6, 0.6, 0.6]
		},
		"head": {
			"rotation": [0, 0, 90],
			"scale": [1.6, 1.6, 1.6]
		},
		"fixed": {
			"translation": [0, 0, -6],
			"scale": [2, 2, 2]
		}
	}
}