{
	"credit": "Made by Falanta Fantomo with Blockbench",
	"texture_size": [32, 32],
	"textures": {
		"0": "shiver:item/props/road_sign",
		"particle": "shiver:item/props/road_sign"
	},
	"elements": [
		{
			"from": [-5, 22, 7.9],
			"to": [21, 26, 8.9],
			"rotation": {"angle": 0, "axis": "y", "origin": [0, 0, 0.4]},
			"faces": {
				"north": {"uv": [0, 0, 13, 2], "texture": "#0"},
				"east": {"uv": [0, 0, 0.5, 2], "texture": "#0"},
				"south": {"uv": [13, 0, 0, 2], "texture": "#0"},
				"west": {"uv": [12.5, 0, 13, 2], "texture": "#0"},
				"up": {"uv": [13, 0, 0, 0.5], "texture": "#0"},
				"down": {"uv": [13, 1.5, 0, 2], "texture": "#0"}
			}
		},
		{
			"from": [-5, 15, 7.9],
			"to": [21, 19, 8.9],
			"rotation": {"angle": 0, "axis": "y", "origin": [0, 0, 0.4]},
			"faces": {
				"north": {"uv": [0, 2, 13, 4], "texture": "#0"},
				"east": {"uv": [0, 2, 0.5, 4], "texture": "#0"},
				"south": {"uv": [13, 2, 0, 4], "texture": "#0"},
				"west": {"uv": [12.5, 2, 13, 4], "texture": "#0"},
				"up": {"uv": [13, 2, 0, 2.5], "texture": "#0"},
				"down": {"uv": [13, 3.5, 0, 4], "texture": "#0"}
			}
		},
		{
			"from": [-5, 8, 7.9],
			"to": [21, 12, 8.9],
			"rotation": {"angle": 0, "axis": "y", "origin": [0, 0, 0.4]},
			"faces": {
				"north": {"uv": [0, 4, 13, 6], "texture": "#0"},
				"east": {"uv": [0, 4, 0.5, 6], "texture": "#0"},
				"south": {"uv": [13, 4, 0, 6], "texture": "#0"},
				"west": {"uv": [12.5, 4, 13, 6], "texture": "#0"},
				"up": {"uv": [13, 4, 0, 4.5], "texture": "#0"},
				"down": {"uv": [13, 5.5, 0, 6], "texture": "#0"}
			}
		},
		{
			"from": [-1, 0, 9],
			"to": [1, 24, 9],
			"faces": {
				"north": {"uv": [15, 0, 14, 12], "texture": "#0"},
				"south": {"uv": [15, 0, 16, 12], "texture": "#0"}
			}
		},
		{
			"from": [-1, 0.01, 5],
			"to": [1, 0.01, 13],
			"faces": {
				"up": {"uv": [14, 16, 15, 12], "texture": "#0"},
				"down": {"uv": [15, 12, 16, 16], "texture": "#0"}
			}
		},
		{
			"from": [15, 0.01, 5],
			"to": [17, 0.01, 13],
			"faces": {
				"up": {"uv": [14, 16, 15, 12], "texture": "#0"},
				"down": {"uv": [15, 12, 16, 16], "texture": "#0"}
			}
		},
		{
			"from": [15, 0, 9],
			"to": [17, 24, 9],
			"faces": {
				"north": {"uv": [15, 0, 14, 12], "texture": "#0"},
				"south": {"uv": [15, 0, 16, 12], "texture": "#0"}
			}
		}
	],
	"gui_light": "front",
	"display": {
		"thirdperson_righthand": {
			"rotation": [75, 45, 0],
			"translation": [0, 2.5, 0],
			"scale": [0.1, 0.1, 0.1]
		},
		"thirdperson_lefthand": {
			"rotation": [75, 45, 0],
			"translation": [0, 2.5, 0],
			"scale": [0.1, 0.1, 0.1]
		},
		"firstperson_righthand": {
			"rotation": [0, 45, 0],
			"scale": [0.2, 0.2, 0.2]
		},
		"firstperson_lefthand": {
			"rotation": [0, 45, 0],
			"scale": [0.2, 0.2, 0.2]
		},
		"ground": {
			"scale": [0.1, 0.1, 0.1]
		},
		"gui": {
			"rotation": [20, 135, 0],
			"translation": [0, -2.25, 0],
			"scale": [0.45, 0.45, 0.45]
		},
		"fixed": {
			"rotation": [-90, 0, 0],
			"translation": [0, 0, -16],
			"scale": [2, 2, 2]
		}
	}
}