{
	"credit": "Made by Falanta Fantomo with Blockbench",
	"texture_size": [128, 128],
	"textures": {
		"particle": "shiver:item/props/server_system",
		"main": "shiver:item/props/server_system"
	},
	"elements": [
		{
			"from": [-15.5, -16, 4],
			"to": [31.5, 29, 16],
			"rotation": {"angle": 0, "axis": "y", "origin": [8, 6.5, 0.5]},
			"faces": {
				"north": {"uv": [0, 0, 5.875, 5.625], "texture": "#main"},
				"east": {"uv": [7.375, 0, 5.875, 5.625], "texture": "#main"},
				"west": {"uv": [5.875, 0, 7.375, 5.625], "texture": "#main"},
				"up": {"uv": [7.375, 0, 13.25, 1.5], "texture": "#main"}
			}
		},
		{
			"from": [8.5, -13, 5],
			"to": [18.5, -4, 8],
			"rotation": {"angle": 0, "axis": "y", "origin": [13.5, -9, 8]},
			"faces": {
				"north": {"uv": [0, 12.375, 1.25, 13.5], "texture": "#main"},
				"down": {"uv": [0, 13.5, 1.25, 13.875], "rotation": 180, "texture": "#main"}
			}
		},
		{
			"from": [9.5, -13, 8],
			"to": [17.5, -5, 15],
			"rotation": {"angle": 0, "axis": "y", "origin": [13.5, -9, 8]},
			"faces": {
				"east": {"uv": [0, 15, 0.875, 16], "texture": "#main"},
				"west": {"uv": [0.875, 15, 0, 16], "texture": "#main"},
				"up": {"uv": [1.875, 15, 2.75, 16], "rotation": 90, "texture": "#main"},
				"down": {"uv": [2.75, 15, 3.625, 16], "rotation": 90, "texture": "#main"}
			}
		},
		{
			"from": [9.5, -15, 6],
			"to": [17.5, -14, 14],
			"rotation": {"angle": 0, "axis": "y", "origin": [13.5, -9, 8]},
			"faces": {
				"north": {"uv": [2.625, 12, 1.625, 12.125], "texture": "#main"},
				"east": {"uv": [2.5, 12, 2.625, 13], "rotation": 90, "texture": "#main"},
				"west": {"uv": [1.625, 13, 1.75, 12], "rotation": 90, "texture": "#main"},
				"up": {"uv": [1.625, 12, 2.625, 13], "texture": "#main"}
			}
		},
		{
			"from": [10.5, -14, 9],
			"to": [16.5, -13, 13],
			"rotation": {"angle": 0, "axis": "y", "origin": [13.5, -9, 8]},
			"faces": {
				"north": {"uv": [3.625, 15.25, 3.75, 16], "rotation": 90, "texture": "#main"},
				"east": {"uv": [3.875, 15.5, 4, 16], "rotation": 90, "texture": "#main"},
				"west": {"uv": [3.875, 16, 4, 15.5], "rotation": 90, "texture": "#main"}
			}
		},
		{
			"from": [-9.5, -15, 6],
			"to": [-3.5, -1, 16],
			"faces": {
				"north": {"uv": [1.25, 13.25, 2, 15], "texture": "#main"},
				"west": {"uv": [2, 13.25, 3.25, 15], "texture": "#main"},
				"up": {"uv": [3.25, 13.75, 4, 15], "texture": "#main"}
			}
		},
		{
			"from": [-2.5, -15, 3],
			"to": [7.5, 1, 4],
			"faces": {
				"north": {"uv": [3, 3.5, 4.25, 5.5], "texture": "#main"},
				"east": {"uv": [3, 3.5, 3.125, 5.5], "texture": "#main"},
				"west": {"uv": [4.125, 3.5, 4.25, 5.5], "texture": "#main"},
				"up": {"uv": [4.25, 3.5, 3, 3.625], "texture": "#main"},
				"down": {"uv": [4.25, 5.375, 3, 5.5], "texture": "#main"}
			}
		},
		{
			"from": [-2.5, 28, 4],
			"to": [7.5, 26, 5],
			"faces": {
				"east": {"uv": [2.875, 0.375, 3, 0.125], "texture": "#main"},
				"south": {"uv": [16, 16, 14.75, 15.75], "texture": "#main"},
				"west": {"uv": [4.25, 0.375, 4.375, 0.125], "texture": "#main"},
				"up": {"uv": [4.25, 0.375, 3, 0.5], "texture": "#main"},
				"down": {"uv": [4.25, 0, 3, 0.125], "texture": "#main"}
			}
		},
		{
			"from": [19.5, 28, 4],
			"to": [29.5, 20, 5],
			"faces": {
				"east": {"uv": [0.125, 1.125, 0.25, 0.125], "texture": "#main"},
				"south": {"uv": [16, 15.75, 14.75, 14.75], "texture": "#main"},
				"west": {"uv": [1.5, 1.125, 1.625, 0.125], "texture": "#main"},
				"up": {"uv": [1.5, 1.125, 0.25, 1.25], "texture": "#main"},
				"down": {"uv": [1.5, 0, 0.25, 0.125], "texture": "#main"}
			}
		},
		{
			"from": [8.5, -4, 4],
			"to": [18.5, -15, 15],
			"faces": {
				"east": {"uv": [12.125, 14.625, 13.5, 16], "texture": "#main"},
				"south": {"uv": [16, 12.25, 14.75, 10.875], "texture": "#main"},
				"west": {"uv": [13.5, 14.625, 12.125, 16], "texture": "#main"},
				"up": {"uv": [13.5, 14.625, 14.75, 16], "texture": "#main"},
				"down": {"uv": [13.5, 13.25, 14.75, 14.625], "texture": "#main"}
			}
		},
		{
			"from": [-13.5, 28, 4],
			"to": [-3.5, -15, 15],
			"faces": {
				"east": {"uv": [10.75, 10.625, 12.125, 16], "texture": "#main"},
				"west": {"uv": [12.125, 10.625, 10.75, 16], "texture": "#main"},
				"up": {"uv": [13.5, 14.625, 14.75, 16], "texture": "#main"},
				"down": {"uv": [13.5, 13.25, 14.75, 14.625], "texture": "#main"}
			}
		},
		{
			"from": [8.5, 17, 4],
			"to": [18.5, -3, 5],
			"faces": {
				"east": {"uv": [1.5, 4, 1.625, 1.5], "texture": "#main"},
				"south": {"uv": [16, 14.75, 14.75, 12.25], "texture": "#main"},
				"west": {"uv": [2.875, 4, 3, 1.5], "texture": "#main"},
				"up": {"uv": [2.875, 4, 1.625, 4.125], "texture": "#main"},
				"down": {"uv": [2.875, 1.375, 1.625, 1.5], "texture": "#main"}
			}
		},
		{
			"from": [-13.5, 4, 14],
			"to": [-3.5, 26, 14],
			"faces": {
				"north": {"uv": [14.75, 8.125, 16, 10.875], "texture": "#main"}
			}
		}
	],
	"display": {
		"thirdperson_righthand": {
			"rotation": [75, 45, 0],
			"translation": [0, 2.5, 0],
			"scale": [0.1, 0.1, 0.1]
		},
		"thirdperson_lefthand": {
			"rotation": [75, 45, 0],
			"translation": [0, 2.5, 0],
			"scale": [0.1, 0.1, 0.1]
		},
		"firstperson_righthand": {
			"rotation": [0, 45, 0],
			"scale": [0.2, 0.2, 0.2]
		},
		"firstperson_lefthand": {
			"rotation": [0, 45, 0],
			"scale": [0.2, 0.2, 0.2]
		},
		"ground": {
			"scale": [0.1, 0.1, 0.1]
		},
		"gui": {
			"rotation": [20, 135, 0],
			"scale": [0.25, 0.25, 0.25]
		},
		"fixed": {
			"rotation": [-90, 0, 0],
			"translation": [0, 0, -16],
			"scale": [2, 2, 2]
		}
	},
	"groups": [
		0,
		{
			"name": "group",
			"origin": [0, 0, 0],
			"color": 0,
			"children": [1, 2, 3, 4]
		},
		5,
		6,
		7,
		8,
		9,
		10,
		11,
		12
	]
}