{
	"credit": "Made by Falanta Fantomo with Blockbench",
	"texture_size": [32, 32],
	"textures": {
		"0": "tire",
		"particle": "tire"
	},
	"elements": [
		{
			"from": [6.5, 2.5, 5.725],
			"to": [9.5, 13.5, 10.275],
			"rotation": {"angle": 0, "axis": "y", "origin": [8, 8, 8]},
			"faces": {
				"east": {"uv": [15, 3, 12.5, 8.5], "texture": "#0"},
				"west": {"uv": [12.5, 3, 15, 8.5], "texture": "#0"},
				"up": {"uv": [12.5, 1.5, 15, 3], "rotation": 90, "texture": "#0"},
				"down": {"uv": [12.5, 0, 15, 1.5], "rotation": 90, "texture": "#0"}
			}
		},
		{
			"from": [6.52, 3.5, 3.5],
			"to": [9.48, 12.5, 12.5],
			"rotation": {"angle": 0, "axis": "y", "origin": [8, 8, 8]},
			"faces": {
				"east": {"uv": [4.5, 0, 0, 4.5], "texture": "#0"},
				"west": {"uv": [0, 0, 4.5, 4.5], "texture": "#0"}
			}
		},
		{
			"from": [6.5, 5.725, 2.5],
			"to": [9.5, 10.275, 13.5],
			"rotation": {"angle": 0, "axis": "x", "origin": [8, 8, 8]},
			"faces": {
				"north": {"uv": [5, 0, 7.5, 1.5], "rotation": 270, "texture": "#0"},
				"east": {"uv": [7.5, 3, 5, 8.5], "rotation": 270, "texture": "#0"},
				"south": {"uv": [5, 1.5, 7.5, 3], "rotation": 90, "texture": "#0"},
				"west": {"uv": [5, 3, 7.5, 8.5], "rotation": 90, "texture": "#0"}
			}
		},
		{
			"from": [6.51, 2.5, 5.725],
			"to": [9.49, 13.5, 10.275],
			"rotation": {"angle": -45, "axis": "x", "origin": [8, 8, 8]},
			"faces": {
				"east": {"uv": [12.5, 3, 10, 8.5], "texture": "#0"},
				"west": {"uv": [10, 3, 12.5, 8.5], "texture": "#0"},
				"up": {"uv": [10, 1.5, 12.5, 3], "rotation": 90, "texture": "#0"},
				"down": {"uv": [10, 0, 12.5, 1.5], "rotation": 90, "texture": "#0"}
			}
		},
		{
			"from": [6.51, 5.725, 2.5],
			"to": [9.49, 10.275, 13.5],
			"rotation": {"angle": -45, "axis": "x", "origin": [8, 8, 8]},
			"faces": {
				"north": {"uv": [7.5, 0, 10, 1.5], "rotation": 270, "texture": "#0"},
				"east": {"uv": [10, 3, 7.5, 8.5], "rotation": 270, "texture": "#0"},
				"south": {"uv": [7.5, 1.5, 10, 3], "rotation": 90, "texture": "#0"},
				"west": {"uv": [7.5, 3, 10, 8.5], "rotation": 90, "texture": "#0"}
			}
		},
		{
			"from": [6.5, 13.5, 5.725],
			"to": [9.5, 2.5, 10.275],
			"rotation": {"angle": 0, "axis": "y", "origin": [8, 8, 8]},
			"faces": {
				"east": {"uv": [15, 8.5, 12.5, 3], "texture": "#0"},
				"west": {"uv": [12.5, 8.5, 15, 3], "texture": "#0"},
				"up": {"uv": [15, 0, 12.5, 1.5], "rotation": 90, "texture": "#0"},
				"down": {"uv": [15, 1.5, 12.5, 3], "rotation": 90, "texture": "#0"}
			}
		},
		{
			"from": [6.48, 12.5, 3.5],
			"to": [9.52, 3.5, 12.5],
			"rotation": {"angle": 0, "axis": "y", "origin": [8, 8, 8]},
			"faces": {
				"east": {"uv": [4.5, 4.5, 0, 0], "texture": "#0"},
				"west": {"uv": [0, 4.5, 4.5, 0], "texture": "#0"}
			}
		},
		{
			"from": [6.5, 10.275, 2.5],
			"to": [9.5, 5.725, 13.5],
			"rotation": {"angle": 0, "axis": "x", "origin": [8, 8, 8]},
			"faces": {
				"north": {"uv": [7.5, 0, 5, 1.5], "rotation": 270, "texture": "#0"},
				"east": {"uv": [5, 3, 7.5, 8.5], "rotation": 270, "texture": "#0"},
				"south": {"uv": [7.5, 1.5, 5, 3], "rotation": 90, "texture": "#0"},
				"west": {"uv": [7.5, 3, 5, 8.5], "rotation": 90, "texture": "#0"}
			}
		},
		{
			"from": [6.49, 13.5, 5.725],
			"to": [9.51, 2.5, 10.275],
			"rotation": {"angle": -45, "axis": "x", "origin": [8, 8, 8]},
			"faces": {
				"east": {"uv": [12.5, 8.5, 10, 3], "texture": "#0"},
				"west": {"uv": [10, 8.5, 12.5, 3], "texture": "#0"},
				"up": {"uv": [10, 0, 12.5, 1.5], "rotation": 90, "texture": "#0"},
				"down": {"uv": [10, 1.5, 12.5, 3], "rotation": 90, "texture": "#0"}
			}
		},
		{
			"from": [6.49, 10.275, 2.5],
			"to": [9.51, 5.725, 13.5],
			"rotation": {"angle": -45, "axis": "x", "origin": [8, 8, 8]},
			"faces": {
				"north": {"uv": [10, 0, 7.5, 1.5], "rotation": 270, "texture": "#0"},
				"east": {"uv": [7.5, 3, 10, 8.5], "rotation": 270, "texture": "#0"},
				"south": {"uv": [10, 1.5, 7.5, 3], "rotation": 90, "texture": "#0"},
				"west": {"uv": [10, 3, 7.5, 8.5], "rotation": 90, "texture": "#0"}
			}
		}
	],
	"display": {
		"thirdperson_righthand": {
			"translation": [0, -2, -4.5]
		},
		"thirdperson_lefthand": {
			"translation": [0, -2, -4.5]
		},
		"firstperson_righthand": {
			"rotation": [5, 10, -10]
		},
		"firstperson_lefthand": {
			"rotation": [5, 10, -10]
		},
		"ground": {
			"scale": [0.25, 0.25, 0.25]
		},
		"gui": {
			"rotation": [20, 135, 0]
		},
		"head": {
			"scale": [1.6, 1.6, 1.6]
		},
		"fixed": {
			"rotation": [-90, 0, 0],
			"translation": [0, 0, -16],
			"scale": [2, 2, 2]
		}
	},
	"groups": [
		{
			"name": "wheel",
			"origin": [-11.5, 5.5, -19.5],
			"color": 0,
			"children": [0, 1, 2, 3, 4, 5, 6, 7, 8, 9]
		}
	]
}