{
	"credit": "Made by Falanta Fantomo with Blockbench",
	"texture_size": [32, 32],
	"textures": {
		"3_0": "shiver:item/props/brick"
	},
	"elements": [
		{
			"from": [-3, 0, -16],
			"to": [2, 3, -6],
			"rotation": {"angle": -45, "axis": "y", "origin": [-0.5, 1.5, -11]},
			"faces": {
				"north": {"uv": [6.5, 0, 9, 1.5], "texture": "#3_0"},
				"east": {"uv": [3, 0, 4.5, 5], "rotation": 90, "texture": "#3_0"},
				"south": {"uv": [6.5, 1.5, 9, 3], "texture": "#3_0"},
				"west": {"uv": [0, 0, 1.5, 5], "rotation": 270, "texture": "#3_0"},
				"up": {"uv": [1, 0, 3.5, 5], "texture": "#3_0"},
				"down": {"uv": [4, 0, 6.5, 5], "rotation": 180, "texture": "#3_0"}
			}
		},
		{
			"from": [-2, 3, -10],
			"to": [1, 0, -7],
			"rotation": {"angle": -45, "axis": "y", "origin": [-0.5, 1.5, -11]},
			"faces": {
				"north": {"uv": [12, 1.5, 13.5, 3], "texture": "#3_0"},
				"east": {"uv": [12, 0, 13.5, 1.5], "texture": "#3_0"},
				"south": {"uv": [13.5, 0, 15, 1.5], "texture": "#3_0"},
				"west": {"uv": [13.5, 1.5, 15, 3], "texture": "#3_0"}
			}
		},
		{
			"from": [-2, 3, -15],
			"to": [1, 0, -12],
			"rotation": {"angle": -45, "axis": "y", "origin": [-0.5, 1.5, -11]},
			"faces": {
				"north": {"uv": [9, 1.5, 10.5, 3], "texture": "#3_0"},
				"east": {"uv": [9, 0, 10.5, 1.5], "texture": "#3_0"},
				"south": {"uv": [10.5, 0, 12, 1.5], "texture": "#3_0"},
				"west": {"uv": [10.5, 1.5, 12, 3], "texture": "#3_0"}
			}
		},
		{
			"from": [-10.5, 0, 10],
			"to": [-5.5, 3, 20],
			"rotation": {"angle": -22.5, "axis": "y", "origin": [-8, 1.5, 15]},
			"faces": {
				"north": {"uv": [6.5, 0, 9, 1.5], "texture": "#3_0"},
				"east": {"uv": [3, 0, 4.5, 5], "rotation": 90, "texture": "#3_0"},
				"south": {"uv": [6.5, 1.5, 9, 3], "texture": "#3_0"},
				"west": {"uv": [0, 0, 1.5, 5], "rotation": 270, "texture": "#3_0"},
				"up": {"uv": [1, 0, 3.5, 5], "texture": "#3_0"},
				"down": {"uv": [4, 0, 6.5, 5], "rotation": 180, "texture": "#3_0"}
			}
		},
		{
			"from": [-9.5, 3, 16],
			"to": [-6.5, 0, 19],
			"rotation": {"angle": -22.5, "axis": "y", "origin": [-8, 1.5, 15]},
			"faces": {
				"north": {"uv": [12, 1.5, 13.5, 3], "texture": "#3_0"},
				"east": {"uv": [12, 0, 13.5, 1.5], "texture": "#3_0"},
				"south": {"uv": [13.5, 0, 15, 1.5], "texture": "#3_0"},
				"west": {"uv": [13.5, 1.5, 15, 3], "texture": "#3_0"}
			}
		},
		{
			"from": [-9.5, 3, 11],
			"to": [-6.5, 0, 14],
			"rotation": {"angle": -22.5, "axis": "y", "origin": [-8, 1.5, 15]},
			"faces": {
				"north": {"uv": [9, 1.5, 10.5, 3], "texture": "#3_0"},
				"east": {"uv": [9, 0, 10.5, 1.5], "texture": "#3_0"},
				"south": {"uv": [10.5, 0, 12, 1.5], "texture": "#3_0"},
				"west": {"uv": [10.5, 1.5, 12, 3], "texture": "#3_0"}
			}
		},
		{
			"from": [20, 0, 22.5],
			"to": [30, 3, 27.5],
			"rotation": {"angle": -22.5, "axis": "y", "origin": [25, 1.5, 25]},
			"faces": {
				"north": {"uv": [3, 0, 4.5, 5], "rotation": 90, "texture": "#3_0"},
				"east": {"uv": [6.5, 1.5, 9, 3], "texture": "#3_0"},
				"south": {"uv": [0, 0, 1.5, 5], "rotation": 270, "texture": "#3_0"},
				"west": {"uv": [6.5, 0, 9, 1.5], "texture": "#3_0"},
				"up": {"uv": [1, 0, 3.5, 5], "rotation": 270, "texture": "#3_0"},
				"down": {"uv": [4, 0, 6.5, 5], "rotation": 270, "texture": "#3_0"}
			}
		},
		{
			"from": [26, 3, 23.5],
			"to": [29, 0, 26.5],
			"rotation": {"angle": -22.5, "axis": "y", "origin": [25, 1.5, 25]},
			"faces": {
				"north": {"uv": [12, 0, 13.5, 1.5], "texture": "#3_0"},
				"east": {"uv": [13.5, 0, 15, 1.5], "texture": "#3_0"},
				"south": {"uv": [13.5, 1.5, 15, 3], "texture": "#3_0"},
				"west": {"uv": [12, 1.5, 13.5, 3], "texture": "#3_0"}
			}
		},
		{
			"from": [21, 3, 23.5],
			"to": [24, 0, 26.5],
			"rotation": {"angle": -22.5, "axis": "y", "origin": [25, 1.5, 25]},
			"faces": {
				"north": {"uv": [9, 0, 10.5, 1.5], "texture": "#3_0"},
				"east": {"uv": [10.5, 0, 12, 1.5], "texture": "#3_0"},
				"south": {"uv": [10.5, 1.5, 12, 3], "texture": "#3_0"},
				"west": {"uv": [9, 1.5, 10.5, 3], "texture": "#3_0"}
			}
		},
		{
			"from": [22, 0, -10],
			"to": [27, 3, 0],
			"rotation": {"angle": 22.5, "axis": "y", "origin": [24.5, 1.5, -5]},
			"faces": {
				"north": {"uv": [6.5, 0, 9, 1.5], "texture": "#3_0"},
				"east": {"uv": [3, 0, 4.5, 5], "rotation": 90, "texture": "#3_0"},
				"south": {"uv": [6.5, 1.5, 9, 3], "texture": "#3_0"},
				"west": {"uv": [0, 0, 1.5, 5], "rotation": 270, "texture": "#3_0"},
				"up": {"uv": [1, 0, 3.5, 5], "texture": "#3_0"},
				"down": {"uv": [4, 0, 6.5, 5], "rotation": 180, "texture": "#3_0"}
			}
		},
		{
			"from": [23, 3, -4],
			"to": [26, 0, -1],
			"rotation": {"angle": 22.5, "axis": "y", "origin": [24.5, 1.5, -5]},
			"faces": {
				"north": {"uv": [12, 1.5, 13.5, 3], "texture": "#3_0"},
				"east": {"uv": [12, 0, 13.5, 1.5], "texture": "#3_0"},
				"south": {"uv": [13.5, 0, 15, 1.5], "texture": "#3_0"},
				"west": {"uv": [13.5, 1.5, 15, 3], "texture": "#3_0"}
			}
		},
		{
			"from": [23, 3, -9],
			"to": [26, 0, -6],
			"rotation": {"angle": 22.5, "axis": "y", "origin": [24.5, 1.5, -5]},
			"faces": {
				"north": {"uv": [9, 1.5, 10.5, 3], "texture": "#3_0"},
				"east": {"uv": [9, 0, 10.5, 1.5], "texture": "#3_0"},
				"south": {"uv": [10.5, 0, 12, 1.5], "texture": "#3_0"},
				"west": {"uv": [10.5, 1.5, 12, 3], "texture": "#3_0"}
			}
		},
		{
			"from": [3, 0, 19],
			"to": [8, 3, 29],
			"rotation": {"angle": 22.5, "axis": "y", "origin": [5.5, 1.5, 24]},
			"faces": {
				"north": {"uv": [6.5, 0, 9, 1.5], "texture": "#3_0"},
				"east": {"uv": [3, 0, 4.5, 5], "rotation": 90, "texture": "#3_0"},
				"south": {"uv": [6.5, 1.5, 9, 3], "texture": "#3_0"},
				"west": {"uv": [0, 0, 1.5, 5], "rotation": 270, "texture": "#3_0"},
				"up": {"uv": [1, 0, 3.5, 5], "texture": "#3_0"},
				"down": {"uv": [4, 0, 6.5, 5], "rotation": 180, "texture": "#3_0"}
			}
		},
		{
			"from": [4, 3, 25],
			"to": [7, 0, 28],
			"rotation": {"angle": 22.5, "axis": "y", "origin": [5.5, 1.5, 24]},
			"faces": {
				"north": {"uv": [12, 1.5, 13.5, 3], "texture": "#3_0"},
				"east": {"uv": [12, 0, 13.5, 1.5], "texture": "#3_0"},
				"south": {"uv": [13.5, 0, 15, 1.5], "texture": "#3_0"},
				"west": {"uv": [13.5, 1.5, 15, 3], "texture": "#3_0"}
			}
		},
		{
			"from": [4, 3, 20],
			"to": [7, 0, 23],
			"rotation": {"angle": 22.5, "axis": "y", "origin": [5.5, 1.5, 24]},
			"faces": {
				"north": {"uv": [9, 1.5, 10.5, 3], "texture": "#3_0"},
				"east": {"uv": [9, 0, 10.5, 1.5], "texture": "#3_0"},
				"south": {"uv": [10.5, 0, 12, 1.5], "texture": "#3_0"},
				"west": {"uv": [10.5, 1.5, 12, 3], "texture": "#3_0"}
			}
		},
		{
			"from": [7.5, 0, -1],
			"to": [12.5, 3, 9],
			"rotation": {"angle": -22.5, "axis": "y", "origin": [10, 1.5, 4]},
			"faces": {
				"north": {"uv": [6.5, 0, 9, 1.5], "texture": "#3_0"},
				"east": {"uv": [3, 0, 4.5, 5], "rotation": 90, "texture": "#3_0"},
				"south": {"uv": [6.5, 1.5, 9, 3], "texture": "#3_0"},
				"west": {"uv": [0, 0, 1.5, 5], "rotation": 270, "texture": "#3_0"},
				"up": {"uv": [1, 0, 3.5, 5], "texture": "#3_0"},
				"down": {"uv": [4, 0, 6.5, 5], "rotation": 180, "texture": "#3_0"}
			}
		},
		{
			"from": [8.5, 3, 5],
			"to": [11.5, 0, 8],
			"rotation": {"angle": -22.5, "axis": "y", "origin": [10, 1.5, 4]},
			"faces": {
				"north": {"uv": [12, 1.5, 13.5, 3], "texture": "#3_0"},
				"east": {"uv": [12, 0, 13.5, 1.5], "texture": "#3_0"},
				"south": {"uv": [13.5, 0, 15, 1.5], "texture": "#3_0"},
				"west": {"uv": [13.5, 1.5, 15, 3], "texture": "#3_0"}
			}
		},
		{
			"from": [8.5, 3, 0],
			"to": [11.5, 0, 3],
			"rotation": {"angle": -22.5, "axis": "y", "origin": [10, 1.5, 4]},
			"faces": {
				"north": {"uv": [9, 1.5, 10.5, 3], "texture": "#3_0"},
				"east": {"uv": [9, 0, 10.5, 1.5], "texture": "#3_0"},
				"south": {"uv": [10.5, 0, 12, 1.5], "texture": "#3_0"},
				"west": {"uv": [10.5, 1.5, 12, 3], "texture": "#3_0"}
			}
		}
	],
	"gui_light": "front",
	"display": {
		"thirdperson_righthand": {
			"rotation": [-180, -180, 0],
			"translation": [0, 4.75, 2.25]
		},
		"thirdperson_lefthand": {
			"translation": [0, 4.5, 2]
		},
		"firstperson_righthand": {
			"rotation": [180, 15, 20],
			"translation": [2.25, 1, -4.25]
		},
		"firstperson_lefthand": {
			"rotation": [-5, 15, -10],
			"translation": [1.5, 0, -3]
		},
		"ground": {
			"rotation": [0, 0, 90],
			"scale": [0.7, 0.7, 0.7]
		},
		"gui": {
			"rotation": [35, 44, 0],
			"translation": [0, 1.5, 0],
			"scale": [0.5, 0.5, 0.5]
		},
		"head": {
			"rotation": [0, 0, 90],
			"scale": [1.6, 1.6, 1.6]
		},
		"fixed": {
			"translation": [0, 0, -6],
			"scale": [2, 2, 2]
		}
	},
	"groups": [
		{
			"name": "group",
			"origin": [8, 0.5, 11],
			"color": 0,
			"children": [
				{
					"name": "simple",
					"origin": [8, 0.5, 11],
					"color": 0,
					"children": []
				},
				{
					"name": "group",
					"origin": [8, 0.5, 11],
					"color": 0,
					"children": [
						{
							"name": "simple",
							"origin": [8, 0.5, 11],
							"color": 0,
							"children": []
						}
					]
				}
			]
		},
		{
			"name": "bricks",
			"origin": [8, 8, 8],
			"color": 0,
			"children": [
				{
					"name": "group",
					"origin": [0, 0, 0],
					"color": 0,
					"children": [0, 1, 2]
				},
				{
					"name": "group",
					"origin": [0, 0, 0],
					"color": 0,
					"children": [3, 4, 5]
				},
				{
					"name": "group",
					"origin": [0, 0, 0],
					"color": 0,
					"children": [6, 7, 8]
				},
				{
					"name": "group",
					"origin": [0, 0, 0],
					"color": 0,
					"children": [9, 10, 11]
				},
				{
					"name": "group",
					"origin": [0, 0, 0],
					"color": 0,
					"children": [12, 13, 14]
				},
				{
					"name": "group",
					"origin": [0, 0, 0],
					"color": 0,
					"children": [15, 16, 17]
				}
			]
		}
	]
}