{
	"credit": "Made by Falanta Fantomo with Blockbench",
	"texture_size": [32, 32],
	"textures": {
		"0": "shiver:item/props/props_c17/hl2_paper_01",
		"1": "shiver:item/props/props_c17/hl2_paper_02",
		"3_0": "shiver:item/props/brick",
		"particle": "shiver:item/props/gas",
		"5_0": "shiver:item/props/gas"
	},
	"elements": [
		{
			"from": [-16, 0.5, -2],
			"to": [-8, 0.5, -1],
			"rotation": {"angle": 22.5, "axis": "x", "origin": [-12, 0.5, -1]},
			"faces": {
				"up": {"uv": [4.5, 0, 8.5, 0.5], "texture": "#0"},
				"down": {"uv": [4.5, 0.5, 8.5, 0], "texture": "#0"}
			}
		},
		{
			"from": [-16, 0.5, -1],
			"to": [-8, 0.5, 6],
			"rotation": {"angle": 0, "axis": "y", "origin": [-12, 0.5, 3]},
			"faces": {
				"up": {"uv": [4.5, 0.5, 8.5, 4], "texture": "#0"},
				"down": {"uv": [4.5, 4, 8.5, 0.5], "texture": "#0"}
			}
		},
		{
			"from": [-16, 0.5, 6],
			"to": [-8, 0.5, 8],
			"rotation": {"angle": -22.5, "axis": "x", "origin": [-12, 0.5, 6]},
			"faces": {
				"up": {"uv": [4.5, 4, 8.5, 5], "texture": "#0"},
				"down": {"uv": [4.5, 5, 8.5, 4], "texture": "#0"}
			}
		},
		{
			"from": [-16, 0.525, -1],
			"to": [-8, 0.525, 6],
			"rotation": {"angle": 0, "axis": "y", "origin": [-12, 0.525, 3]},
			"faces": {
				"up": {"uv": [0, 1, 8, 8], "texture": "#1"},
				"down": {"uv": [9, 8, 17, 1], "texture": "#0"}
			}
		},
		{
			"from": [-16, 0.525, -2],
			"to": [-8, 0.525, -1],
			"rotation": {"angle": 22.5, "axis": "x", "origin": [-12, 0.525, -1]},
			"faces": {
				"up": {"uv": [0, 0, 8, 1], "texture": "#1"},
				"down": {"uv": [9, 1, 17, 0], "texture": "#0"}
			}
		},
		{
			"from": [-16, 0.525, 6],
			"to": [-8, 0.525, 8],
			"rotation": {"angle": -22.5, "axis": "x", "origin": [-12, 0.525, 6]},
			"faces": {
				"up": {"uv": [0, 8, 8, 10], "texture": "#1"},
				"down": {"uv": [9, 10, 17, 8], "texture": "#0"}
			}
		},
		{
			"from": [18.36896, -0.91226, 16.73097],
			"to": [19.36896, -0.91226, 24.73097],
			"rotation": {"angle": 22.5, "axis": "z", "origin": [15, 0.70384, 20.73097]},
			"faces": {
				"up": {"uv": [4.5, 0, 8.5, 0.5], "rotation": 90, "texture": "#0"},
				"down": {"uv": [4.5, 0.5, 8.5, 0], "rotation": 270, "texture": "#0"}
			}
		},
		{
			"from": [11.73097, 0.5, 16.73097],
			"to": [18.73097, 0.5, 24.73097],
			"rotation": {"angle": 0, "axis": "y", "origin": [15, 0.70384, 20.73097]},
			"faces": {
				"up": {"uv": [4.5, 0.5, 8.5, 4], "rotation": 90, "texture": "#0"},
				"down": {"uv": [4.5, 4, 8.5, 0.5], "rotation": 270, "texture": "#0"}
			}
		},
		{
			"from": [10.05782, -0.73549, 16.73097],
			"to": [12.05782, -0.73549, 24.73097],
			"rotation": {"angle": -22.5, "axis": "z", "origin": [15, 0.70384, 20.73097]},
			"faces": {
				"up": {"uv": [4.5, 4, 8.5, 5], "rotation": 90, "texture": "#0"},
				"down": {"uv": [4.5, 5, 8.5, 4], "rotation": 270, "texture": "#0"}
			}
		},
		{
			"from": [11.73097, 0.525, 16.73097],
			"to": [18.73097, 0.525, 24.73097],
			"rotation": {"angle": 0, "axis": "y", "origin": [15, 0.70384, 20.73097]},
			"faces": {
				"up": {"uv": [0, 1, 8, 8], "rotation": 90, "texture": "#1"},
				"down": {"uv": [9, 8, 17, 1], "rotation": 270, "texture": "#0"}
			}
		},
		{
			"from": [18.37853, -0.88917, 16.73097],
			"to": [19.37853, -0.88917, 24.73097],
			"rotation": {"angle": 22.5, "axis": "z", "origin": [15, 0.70384, 20.73097]},
			"faces": {
				"up": {"uv": [0, 0, 8, 1], "rotation": 90, "texture": "#1"},
				"down": {"uv": [9, 1, 17, 0], "rotation": 270, "texture": "#0"}
			}
		},
		{
			"from": [10.04825, -0.71239, 16.73097],
			"to": [12.04825, -0.71239, 24.73097],
			"rotation": {"angle": -22.5, "axis": "z", "origin": [15, 0.70384, 20.73097]},
			"faces": {
				"up": {"uv": [0, 8, 8, 10], "rotation": 90, "texture": "#1"},
				"down": {"uv": [9, 10, 17, 8], "rotation": 270, "texture": "#0"}
			}
		},
		{
			"from": [18.36896, -0.91226, 16.73097],
			"to": [19.36896, -0.91226, 24.73097],
			"rotation": {"angle": 22.5, "axis": "z", "origin": [15, 0.70384, 20.73097]},
			"faces": {
				"up": {"uv": [0, 0, 4, 0.5], "rotation": 90, "texture": "#0"},
				"down": {"uv": [0, 0.5, 4, 0], "rotation": 270, "texture": "#0"}
			}
		},
		{
			"from": [11.73097, 0.5, 16.73097],
			"to": [18.73097, 0.5, 24.73097],
			"rotation": {"angle": 0, "axis": "y", "origin": [15, 0.70384, 20.73097]},
			"faces": {
				"up": {"uv": [0, 0.5, 4, 4], "rotation": 90, "texture": "#0"},
				"down": {"uv": [0, 4, 4, 0.5], "rotation": 270, "texture": "#0"}
			}
		},
		{
			"from": [10.05782, -0.73549, 16.73097],
			"to": [12.05782, -0.73549, 24.73097],
			"rotation": {"angle": -22.5, "axis": "z", "origin": [15, 0.70384, 20.73097]},
			"faces": {
				"up": {"uv": [0, 4, 4, 5], "rotation": 90, "texture": "#0"},
				"down": {"uv": [0, 5, 4, 4], "rotation": 270, "texture": "#0"}
			}
		},
		{
			"from": [-3, 0, -16],
			"to": [2, 3, -6],
			"rotation": {"angle": -45, "axis": "y", "origin": [-0.5, 1.5, -11]},
			"faces": {
				"north": {"uv": [6.5, 0, 9, 1.5], "texture": "#3_0"},
				"east": {"uv": [3, 0, 4.5, 5], "rotation": 90, "texture": "#3_0"},
				"south": {"uv": [6.5, 1.5, 9, 3], "texture": "#3_0"},
				"west": {"uv": [0, 0, 1.5, 5], "rotation": 270, "texture": "#3_0"},
				"up": {"uv": [1, 0, 3.5, 5], "texture": "#3_0"},
				"down": {"uv": [4, 0, 6.5, 5], "rotation": 180, "texture": "#3_0"}
			}
		},
		{
			"from": [-2, 3, -10],
			"to": [1, 0, -7],
			"rotation": {"angle": -45, "axis": "y", "origin": [-0.5, 1.5, -11]},
			"faces": {
				"north": {"uv": [12, 1.5, 13.5, 3], "texture": "#3_0"},
				"east": {"uv": [12, 0, 13.5, 1.5], "texture": "#3_0"},
				"south": {"uv": [13.5, 0, 15, 1.5], "texture": "#3_0"},
				"west": {"uv": [13.5, 1.5, 15, 3], "texture": "#3_0"}
			}
		},
		{
			"from": [-2, 3, -15],
			"to": [1, 0, -12],
			"rotation": {"angle": -45, "axis": "y", "origin": [-0.5, 1.5, -11]},
			"faces": {
				"north": {"uv": [9, 1.5, 10.5, 3], "texture": "#3_0"},
				"east": {"uv": [9, 0, 10.5, 1.5], "texture": "#3_0"},
				"south": {"uv": [10.5, 0, 12, 1.5], "texture": "#3_0"},
				"west": {"uv": [10.5, 1.5, 12, 3], "texture": "#3_0"}
			}
		},
		{
			"from": [-6.5, 0, 14],
			"to": [-1.5, 3, 24],
			"rotation": {"angle": 0, "axis": "y", "origin": [-4, 1.5, 19]},
			"faces": {
				"north": {"uv": [6.5, 0, 9, 1.5], "texture": "#3_0"},
				"east": {"uv": [3, 0, 4.5, 5], "rotation": 90, "texture": "#3_0"},
				"south": {"uv": [6.5, 1.5, 9, 3], "texture": "#3_0"},
				"west": {"uv": [0, 0, 1.5, 5], "rotation": 270, "texture": "#3_0"},
				"up": {"uv": [1, 0, 3.5, 5], "texture": "#3_0"},
				"down": {"uv": [4, 0, 6.5, 5], "rotation": 180, "texture": "#3_0"}
			}
		},
		{
			"from": [-5.5, 3, 20],
			"to": [-2.5, 0, 23],
			"rotation": {"angle": 0, "axis": "y", "origin": [-11.5, 0, 11]},
			"faces": {
				"north": {"uv": [12, 1.5, 13.5, 3], "texture": "#3_0"},
				"east": {"uv": [12, 0, 13.5, 1.5], "texture": "#3_0"},
				"south": {"uv": [13.5, 0, 15, 1.5], "texture": "#3_0"},
				"west": {"uv": [13.5, 1.5, 15, 3], "texture": "#3_0"}
			}
		},
		{
			"from": [-5.5, 3, 15],
			"to": [-2.5, 0, 18],
			"rotation": {"angle": 0, "axis": "y", "origin": [-11.5, 0, 11]},
			"faces": {
				"north": {"uv": [9, 1.5, 10.5, 3], "texture": "#3_0"},
				"east": {"uv": [9, 0, 10.5, 1.5], "texture": "#3_0"},
				"south": {"uv": [10.5, 0, 12, 1.5], "texture": "#3_0"},
				"west": {"uv": [10.5, 1.5, 12, 3], "texture": "#3_0"}
			}
		},
		{
			"from": [20, 0, 22.5],
			"to": [30, 3, 27.5],
			"rotation": {"angle": -22.5, "axis": "y", "origin": [25, 1.5, 25]},
			"faces": {
				"north": {"uv": [3, 0, 4.5, 5], "rotation": 90, "texture": "#3_0"},
				"east": {"uv": [6.5, 1.5, 9, 3], "texture": "#3_0"},
				"south": {"uv": [0, 0, 1.5, 5], "rotation": 270, "texture": "#3_0"},
				"west": {"uv": [6.5, 0, 9, 1.5], "texture": "#3_0"},
				"up": {"uv": [1, 0, 3.5, 5], "rotation": 270, "texture": "#3_0"},
				"down": {"uv": [4, 0, 6.5, 5], "rotation": 270, "texture": "#3_0"}
			}
		},
		{
			"from": [26, 3, 23.5],
			"to": [29, 0, 26.5],
			"rotation": {"angle": -22.5, "axis": "y", "origin": [25, 1.5, 25]},
			"faces": {
				"north": {"uv": [12, 0, 13.5, 1.5], "texture": "#3_0"},
				"east": {"uv": [13.5, 0, 15, 1.5], "texture": "#3_0"},
				"south": {"uv": [13.5, 1.5, 15, 3], "texture": "#3_0"},
				"west": {"uv": [12, 1.5, 13.5, 3], "texture": "#3_0"}
			}
		},
		{
			"from": [21, 3, 23.5],
			"to": [24, 0, 26.5],
			"rotation": {"angle": -22.5, "axis": "y", "origin": [25, 1.5, 25]},
			"faces": {
				"north": {"uv": [9, 0, 10.5, 1.5], "texture": "#3_0"},
				"east": {"uv": [10.5, 0, 12, 1.5], "texture": "#3_0"},
				"south": {"uv": [10.5, 1.5, 12, 3], "texture": "#3_0"},
				"west": {"uv": [9, 1.5, 10.5, 3], "texture": "#3_0"}
			}
		},
		{
			"from": [22, 0, -10],
			"to": [27, 3, 0],
			"rotation": {"angle": 22.5, "axis": "y", "origin": [24.5, 1.5, -5]},
			"faces": {
				"north": {"uv": [6.5, 0, 9, 1.5], "texture": "#3_0"},
				"east": {"uv": [3, 0, 4.5, 5], "rotation": 90, "texture": "#3_0"},
				"south": {"uv": [6.5, 1.5, 9, 3], "texture": "#3_0"},
				"west": {"uv": [0, 0, 1.5, 5], "rotation": 270, "texture": "#3_0"},
				"up": {"uv": [1, 0, 3.5, 5], "texture": "#3_0"},
				"down": {"uv": [4, 0, 6.5, 5], "rotation": 180, "texture": "#3_0"}
			}
		},
		{
			"from": [23, 3, -4],
			"to": [26, 0, -1],
			"rotation": {"angle": 22.5, "axis": "y", "origin": [24.5, 1.5, -5]},
			"faces": {
				"north": {"uv": [12, 1.5, 13.5, 3], "texture": "#3_0"},
				"east": {"uv": [12, 0, 13.5, 1.5], "texture": "#3_0"},
				"south": {"uv": [13.5, 0, 15, 1.5], "texture": "#3_0"},
				"west": {"uv": [13.5, 1.5, 15, 3], "texture": "#3_0"}
			}
		},
		{
			"from": [23, 3, -9],
			"to": [26, 0, -6],
			"rotation": {"angle": 22.5, "axis": "y", "origin": [24.5, 1.5, -5]},
			"faces": {
				"north": {"uv": [9, 1.5, 10.5, 3], "texture": "#3_0"},
				"east": {"uv": [9, 0, 10.5, 1.5], "texture": "#3_0"},
				"south": {"uv": [10.5, 0, 12, 1.5], "texture": "#3_0"},
				"west": {"uv": [10.5, 1.5, 12, 3], "texture": "#3_0"}
			}
		},
		{
			"from": [2, 0, 12],
			"to": [7, 3, 22],
			"rotation": {"angle": 22.5, "axis": "y", "origin": [4.5, 1.5, 17]},
			"faces": {
				"north": {"uv": [6.5, 0, 9, 1.5], "texture": "#3_0"},
				"east": {"uv": [3, 0, 4.5, 5], "rotation": 90, "texture": "#3_0"},
				"south": {"uv": [6.5, 1.5, 9, 3], "texture": "#3_0"},
				"west": {"uv": [0, 0, 1.5, 5], "rotation": 270, "texture": "#3_0"},
				"up": {"uv": [1, 0, 3.5, 5], "texture": "#3_0"},
				"down": {"uv": [4, 0, 6.5, 5], "rotation": 180, "texture": "#3_0"}
			}
		},
		{
			"from": [3, 3, 18],
			"to": [6, 0, 21],
			"rotation": {"angle": 22.5, "axis": "y", "origin": [4.5, 1.5, 17]},
			"faces": {
				"north": {"uv": [12, 1.5, 13.5, 3], "texture": "#3_0"},
				"east": {"uv": [12, 0, 13.5, 1.5], "texture": "#3_0"},
				"south": {"uv": [13.5, 0, 15, 1.5], "texture": "#3_0"},
				"west": {"uv": [13.5, 1.5, 15, 3], "texture": "#3_0"}
			}
		},
		{
			"from": [3, 3, 13],
			"to": [6, 0, 16],
			"rotation": {"angle": 22.5, "axis": "y", "origin": [4.5, 1.5, 17]},
			"faces": {
				"north": {"uv": [9, 1.5, 10.5, 3], "texture": "#3_0"},
				"east": {"uv": [9, 0, 10.5, 1.5], "texture": "#3_0"},
				"south": {"uv": [10.5, 0, 12, 1.5], "texture": "#3_0"},
				"west": {"uv": [10.5, 1.5, 12, 3], "texture": "#3_0"}
			}
		},
		{
			"from": [5.5, 0, -7],
			"to": [10.5, 3, 3],
			"rotation": {"angle": 22.5, "axis": "y", "origin": [8, 1.5, -2]},
			"faces": {
				"north": {"uv": [6.5, 0, 9, 1.5], "texture": "#3_0"},
				"east": {"uv": [3, 0, 4.5, 5], "rotation": 90, "texture": "#3_0"},
				"south": {"uv": [6.5, 1.5, 9, 3], "texture": "#3_0"},
				"west": {"uv": [0, 0, 1.5, 5], "rotation": 270, "texture": "#3_0"},
				"up": {"uv": [1, 0, 3.5, 5], "texture": "#3_0"},
				"down": {"uv": [4, 0, 6.5, 5], "rotation": 180, "texture": "#3_0"}
			}
		},
		{
			"from": [6.5, 3, -1],
			"to": [9.5, 0, 2],
			"rotation": {"angle": 22.5, "axis": "y", "origin": [8, 1.5, -2]},
			"faces": {
				"north": {"uv": [12, 1.5, 13.5, 3], "texture": "#3_0"},
				"east": {"uv": [12, 0, 13.5, 1.5], "texture": "#3_0"},
				"south": {"uv": [13.5, 0, 15, 1.5], "texture": "#3_0"},
				"west": {"uv": [13.5, 1.5, 15, 3], "texture": "#3_0"}
			}
		},
		{
			"from": [6.5, 3, -6],
			"to": [9.5, 0, -3],
			"rotation": {"angle": 22.5, "axis": "y", "origin": [8, 1.5, -2]},
			"faces": {
				"north": {"uv": [9, 1.5, 10.5, 3], "texture": "#3_0"},
				"east": {"uv": [9, 0, 10.5, 1.5], "texture": "#3_0"},
				"south": {"uv": [10.5, 0, 12, 1.5], "texture": "#3_0"},
				"west": {"uv": [10.5, 1.5, 12, 3], "texture": "#3_0"}
			}
		},
		{
			"from": [13.92677, 0.25, 3.67677],
			"to": [23.92677, 4.25, 15.67677],
			"rotation": {"angle": 22.5, "axis": "y", "origin": [17, 2.25, 13.92677]},
			"faces": {
				"north": {"uv": [0, 6, 5, 8], "rotation": 180, "texture": "#5_0"},
				"east": {"uv": [0, 0, 2, 6], "rotation": 270, "texture": "#5_0"},
				"west": {"uv": [6, 0, 8, 6], "rotation": 90, "texture": "#5_0"},
				"up": {"uv": [1.5, 0, 6.5, 6], "rotation": 180, "texture": "#5_0"},
				"down": {"uv": [6.5, 0, 1.5, 6], "texture": "#5_0"}
			}
		},
		{
			"from": [13.8798, 0.26, 14.19432],
			"to": [22.7298, 4.24, 18.19432],
			"rotation": {"angle": 45, "axis": "y", "origin": [17, 2.25, 13.92677]},
			"faces": {
				"south": {"uv": [8, 0, 12.5, 2], "rotation": 180, "texture": "#5_0"},
				"up": {"uv": [8, 1.5, 12.5, 3.5], "rotation": 180, "texture": "#5_0"},
				"down": {"uv": [12.5, 1.5, 8, 3.5], "texture": "#5_0"}
			}
		},
		{
			"from": [13.92677, 0.25, 17.67677],
			"to": [15.92677, 4.25, 18.67677],
			"rotation": {"angle": 22.5, "axis": "y", "origin": [17, 2.25, 13.92677]},
			"faces": {
				"south": {"uv": [13, 0, 14, 2], "rotation": 180, "texture": "#5_0"},
				"west": {"uv": [13.5, 0, 14, 2], "rotation": 180, "texture": "#5_0"},
				"up": {"uv": [13, 1.5, 14, 2], "rotation": 180, "texture": "#5_0"},
				"down": {"uv": [14, 0, 13, 0.5], "texture": "#5_0"}
			}
		},
		{
			"from": [15.92677, 2.25, 15.67677],
			"to": [21.92677, 2.25, 18.67677],
			"rotation": {"angle": 22.5, "axis": "y", "origin": [17, 2.25, 13.92677]},
			"faces": {
				"up": {"uv": [14.5, 2.5, 16, 5.5], "rotation": 270, "texture": "#5_0"},
				"down": {"uv": [14.5, 5.5, 16, 2.5], "rotation": 90, "texture": "#5_0"}
			}
		},
		{
			"from": [13.92677, 0.25, 15.67677],
			"to": [18.92677, 4.25, 17.67677],
			"rotation": {"angle": 22.5, "axis": "y", "origin": [17, 2.25, 13.92677]},
			"faces": {
				"west": {"uv": [14, 0, 15, 2], "rotation": 180, "texture": "#5_0"},
				"up": {"uv": [15, 0, 16, 2.5], "rotation": 270, "texture": "#5_0"},
				"down": {"uv": [15, 2.5, 16, 0], "rotation": 90, "texture": "#5_0"}
			}
		},
		{
			"from": [15.92677, 0.25, 17.67677],
			"to": [16.67677, 4.25, 18.67677],
			"rotation": {"angle": 22.5, "axis": "y", "origin": [17, 2.25, 13.92677]},
			"faces": {
				"south": {"uv": [12.5, 0, 13, 2], "rotation": 180, "texture": "#5_0"},
				"up": {"uv": [12.5, 1.5, 13, 2], "rotation": 180, "texture": "#5_0"},
				"down": {"uv": [12.5, 0, 13, 0.5], "texture": "#5_0"}
			}
		}
	],
	"gui_light": "front",
	"display": {
		"thirdperson_righthand": {
			"rotation": [60, 0, 0],
			"translation": [0, -4, -3.25],
			"scale": [0.75, 0.75, 0.75]
		},
		"thirdperson_lefthand": {
			"rotation": [60, 0, 0],
			"translation": [0, -4, -3.25],
			"scale": [0.75, 0.75, 0.75]
		},
		"firstperson_righthand": {
			"rotation": [-5, 10, 5],
			"translation": [4.5, -6, -6]
		},
		"firstperson_lefthand": {
			"rotation": [-5, 10, 5],
			"translation": [4.5, -6, -6]
		},
		"ground": {
			"translation": [0, 5.5, 0],
			"scale": [0.7, 0.7, 0.7]
		},
		"gui": {
			"rotation": [20, 135, 0],
			"translation": [0, 2.5, 0],
			"scale": [0.5, 0.5, 0.5]
		},
		"head": {
			"scale": [1.6, 1.6, 1.6]
		},
		"fixed": {
			"rotation": [-90, 0, 0],
			"translation": [0, 0, -16],
			"scale": [2, 2, 2]
		}
	},
	"groups": [
		{
			"name": "group",
			"origin": [8, 0.5, 11],
			"color": 0,
			"children": [
				{
					"name": "simple",
					"origin": [8, 0.5, 11],
					"color": 0,
					"children": [
						{
							"name": "detail",
							"origin": [8, 0.5, 11],
							"color": 0,
							"children": [0, 1, 2, 3, 4, 5]
						}
					]
				},
				{
					"name": "group",
					"origin": [8, 0.5, 11],
					"color": 0,
					"children": [
						{
							"name": "simple",
							"origin": [8, 0.5, 11],
							"color": 0,
							"children": [
								{
									"name": "detail",
									"origin": [8, 0.5, 11],
									"color": 0,
									"children": [6, 7, 8, 9, 10, 11]
								},
								12,
								13,
								14
							]
						}
					]
				}
			]
		},
		{
			"name": "bricks",
			"origin": [8, 8, 8],
			"color": 0,
			"children": [
				{
					"name": "group",
					"origin": [0, 0, 0],
					"color": 0,
					"children": [15, 16, 17]
				},
				{
					"name": "group",
					"origin": [0, 0, 0],
					"color": 0,
					"children": [18, 19, 20]
				},
				{
					"name": "group",
					"origin": [0, 0, 0],
					"color": 0,
					"children": [21, 22, 23]
				},
				{
					"name": "group",
					"origin": [0, 0, 0],
					"color": 0,
					"children": [24, 25, 26]
				},
				{
					"name": "group",
					"origin": [0, 0, 0],
					"color": 0,
					"children": [27, 28, 29]
				},
				{
					"name": "group",
					"origin": [0, 0, 0],
					"color": 0,
					"children": [30, 31, 32]
				}
			]
		},
		{
			"name": "gas",
			"origin": [8, 8, 8],
			"color": 0,
			"children": [33, 34, 35, 36, 37, 38]
		}
	]
}