{
	"credit": "Made by Falanta Fantomo with Blockbench",
	"texture_size": [32, 32],
	"textures": {
		"3_0": "shiver:item/props/brick",
		"5_0": "shiver:item/props/gas",
		"particle": "shiver:item/props/ressor_of_tractor_belarus",
		"6_0": "shiver:item/props/ressor_of_tractor_belarus"
	},
	"elements": [
		{
			"from": [-3, 0, -16],
			"to": [2, 3, -6],
			"rotation": {"angle": -45, "axis": "y", "origin": [-0.5, 1.5, -11]},
			"faces": {
				"north": {"uv": [6.5, 0, 9, 1.5], "texture": "#3_0"},
				"east": {"uv": [3, 0, 4.5, 5], "rotation": 90, "texture": "#3_0"},
				"south": {"uv": [6.5, 1.5, 9, 3], "texture": "#3_0"},
				"west": {"uv": [0, 0, 1.5, 5], "rotation": 270, "texture": "#3_0"},
				"up": {"uv": [1, 0, 3.5, 5], "texture": "#3_0"},
				"down": {"uv": [4, 0, 6.5, 5], "rotation": 180, "texture": "#3_0"}
			}
		},
		{
			"from": [-2, 3, -10],
			"to": [1, 0, -7],
			"rotation": {"angle": -45, "axis": "y", "origin": [-0.5, 1.5, -11]},
			"faces": {
				"north": {"uv": [12, 1.5, 13.5, 3], "texture": "#3_0"},
				"east": {"uv": [12, 0, 13.5, 1.5], "texture": "#3_0"},
				"south": {"uv": [13.5, 0, 15, 1.5], "texture": "#3_0"},
				"west": {"uv": [13.5, 1.5, 15, 3], "texture": "#3_0"}
			}
		},
		{
			"from": [-2, 3, -15],
			"to": [1, 0, -12],
			"rotation": {"angle": -45, "axis": "y", "origin": [-0.5, 1.5, -11]},
			"faces": {
				"north": {"uv": [9, 1.5, 10.5, 3], "texture": "#3_0"},
				"east": {"uv": [9, 0, 10.5, 1.5], "texture": "#3_0"},
				"south": {"uv": [10.5, 0, 12, 1.5], "texture": "#3_0"},
				"west": {"uv": [10.5, 1.5, 12, 3], "texture": "#3_0"}
			}
		},
		{
			"from": [-10.5, 0, 10],
			"to": [-5.5, 3, 20],
			"rotation": {"angle": -22.5, "axis": "y", "origin": [-8, 1.5, 15]},
			"faces": {
				"north": {"uv": [6.5, 0, 9, 1.5], "texture": "#3_0"},
				"east": {"uv": [3, 0, 4.5, 5], "rotation": 90, "texture": "#3_0"},
				"south": {"uv": [6.5, 1.5, 9, 3], "texture": "#3_0"},
				"west": {"uv": [0, 0, 1.5, 5], "rotation": 270, "texture": "#3_0"},
				"up": {"uv": [1, 0, 3.5, 5], "texture": "#3_0"},
				"down": {"uv": [4, 0, 6.5, 5], "rotation": 180, "texture": "#3_0"}
			}
		},
		{
			"from": [-9.5, 3, 16],
			"to": [-6.5, 0, 19],
			"rotation": {"angle": -22.5, "axis": "y", "origin": [-8, 1.5, 15]},
			"faces": {
				"north": {"uv": [12, 1.5, 13.5, 3], "texture": "#3_0"},
				"east": {"uv": [12, 0, 13.5, 1.5], "texture": "#3_0"},
				"south": {"uv": [13.5, 0, 15, 1.5], "texture": "#3_0"},
				"west": {"uv": [13.5, 1.5, 15, 3], "texture": "#3_0"}
			}
		},
		{
			"from": [-9.5, 3, 11],
			"to": [-6.5, 0, 14],
			"rotation": {"angle": -22.5, "axis": "y", "origin": [-8, 1.5, 15]},
			"faces": {
				"north": {"uv": [9, 1.5, 10.5, 3], "texture": "#3_0"},
				"east": {"uv": [9, 0, 10.5, 1.5], "texture": "#3_0"},
				"south": {"uv": [10.5, 0, 12, 1.5], "texture": "#3_0"},
				"west": {"uv": [10.5, 1.5, 12, 3], "texture": "#3_0"}
			}
		},
		{
			"from": [20, 0, 22.5],
			"to": [30, 3, 27.5],
			"rotation": {"angle": -22.5, "axis": "y", "origin": [25, 1.5, 25]},
			"faces": {
				"north": {"uv": [3, 0, 4.5, 5], "rotation": 90, "texture": "#3_0"},
				"east": {"uv": [6.5, 1.5, 9, 3], "texture": "#3_0"},
				"south": {"uv": [0, 0, 1.5, 5], "rotation": 270, "texture": "#3_0"},
				"west": {"uv": [6.5, 0, 9, 1.5], "texture": "#3_0"},
				"up": {"uv": [1, 0, 3.5, 5], "rotation": 270, "texture": "#3_0"},
				"down": {"uv": [4, 0, 6.5, 5], "rotation": 270, "texture": "#3_0"}
			}
		},
		{
			"from": [26, 3, 23.5],
			"to": [29, 0, 26.5],
			"rotation": {"angle": -22.5, "axis": "y", "origin": [25, 1.5, 25]},
			"faces": {
				"north": {"uv": [12, 0, 13.5, 1.5], "texture": "#3_0"},
				"east": {"uv": [13.5, 0, 15, 1.5], "texture": "#3_0"},
				"south": {"uv": [13.5, 1.5, 15, 3], "texture": "#3_0"},
				"west": {"uv": [12, 1.5, 13.5, 3], "texture": "#3_0"}
			}
		},
		{
			"from": [21, 3, 23.5],
			"to": [24, 0, 26.5],
			"rotation": {"angle": -22.5, "axis": "y", "origin": [25, 1.5, 25]},
			"faces": {
				"north": {"uv": [9, 0, 10.5, 1.5], "texture": "#3_0"},
				"east": {"uv": [10.5, 0, 12, 1.5], "texture": "#3_0"},
				"south": {"uv": [10.5, 1.5, 12, 3], "texture": "#3_0"},
				"west": {"uv": [9, 1.5, 10.5, 3], "texture": "#3_0"}
			}
		},
		{
			"from": [22, 0, -10],
			"to": [27, 3, 0],
			"rotation": {"angle": 22.5, "axis": "y", "origin": [24.5, 1.5, -5]},
			"faces": {
				"north": {"uv": [6.5, 0, 9, 1.5], "texture": "#3_0"},
				"east": {"uv": [3, 0, 4.5, 5], "rotation": 90, "texture": "#3_0"},
				"south": {"uv": [6.5, 1.5, 9, 3], "texture": "#3_0"},
				"west": {"uv": [0, 0, 1.5, 5], "rotation": 270, "texture": "#3_0"},
				"up": {"uv": [1, 0, 3.5, 5], "texture": "#3_0"},
				"down": {"uv": [4, 0, 6.5, 5], "rotation": 180, "texture": "#3_0"}
			}
		},
		{
			"from": [23, 3, -4],
			"to": [26, 0, -1],
			"rotation": {"angle": 22.5, "axis": "y", "origin": [24.5, 1.5, -5]},
			"faces": {
				"north": {"uv": [12, 1.5, 13.5, 3], "texture": "#3_0"},
				"east": {"uv": [12, 0, 13.5, 1.5], "texture": "#3_0"},
				"south": {"uv": [13.5, 0, 15, 1.5], "texture": "#3_0"},
				"west": {"uv": [13.5, 1.5, 15, 3], "texture": "#3_0"}
			}
		},
		{
			"from": [23, 3, -9],
			"to": [26, 0, -6],
			"rotation": {"angle": 22.5, "axis": "y", "origin": [24.5, 1.5, -5]},
			"faces": {
				"north": {"uv": [9, 1.5, 10.5, 3], "texture": "#3_0"},
				"east": {"uv": [9, 0, 10.5, 1.5], "texture": "#3_0"},
				"south": {"uv": [10.5, 0, 12, 1.5], "texture": "#3_0"},
				"west": {"uv": [10.5, 1.5, 12, 3], "texture": "#3_0"}
			}
		},
		{
			"from": [3, 0, 19],
			"to": [8, 3, 29],
			"rotation": {"angle": 22.5, "axis": "y", "origin": [5.5, 1.5, 24]},
			"faces": {
				"north": {"uv": [6.5, 0, 9, 1.5], "texture": "#3_0"},
				"east": {"uv": [3, 0, 4.5, 5], "rotation": 90, "texture": "#3_0"},
				"south": {"uv": [6.5, 1.5, 9, 3], "texture": "#3_0"},
				"west": {"uv": [0, 0, 1.5, 5], "rotation": 270, "texture": "#3_0"},
				"up": {"uv": [1, 0, 3.5, 5], "texture": "#3_0"},
				"down": {"uv": [4, 0, 6.5, 5], "rotation": 180, "texture": "#3_0"}
			}
		},
		{
			"from": [4, 3, 25],
			"to": [7, 0, 28],
			"rotation": {"angle": 22.5, "axis": "y", "origin": [5.5, 1.5, 24]},
			"faces": {
				"north": {"uv": [12, 1.5, 13.5, 3], "texture": "#3_0"},
				"east": {"uv": [12, 0, 13.5, 1.5], "texture": "#3_0"},
				"south": {"uv": [13.5, 0, 15, 1.5], "texture": "#3_0"},
				"west": {"uv": [13.5, 1.5, 15, 3], "texture": "#3_0"}
			}
		},
		{
			"from": [4, 3, 20],
			"to": [7, 0, 23],
			"rotation": {"angle": 22.5, "axis": "y", "origin": [5.5, 1.5, 24]},
			"faces": {
				"north": {"uv": [9, 1.5, 10.5, 3], "texture": "#3_0"},
				"east": {"uv": [9, 0, 10.5, 1.5], "texture": "#3_0"},
				"south": {"uv": [10.5, 0, 12, 1.5], "texture": "#3_0"},
				"west": {"uv": [10.5, 1.5, 12, 3], "texture": "#3_0"}
			}
		},
		{
			"from": [7.5, 0, -1],
			"to": [12.5, 3, 9],
			"rotation": {"angle": -22.5, "axis": "y", "origin": [10, 1.5, 4]},
			"faces": {
				"north": {"uv": [6.5, 0, 9, 1.5], "texture": "#3_0"},
				"east": {"uv": [3, 0, 4.5, 5], "rotation": 90, "texture": "#3_0"},
				"south": {"uv": [6.5, 1.5, 9, 3], "texture": "#3_0"},
				"west": {"uv": [0, 0, 1.5, 5], "rotation": 270, "texture": "#3_0"},
				"up": {"uv": [1, 0, 3.5, 5], "texture": "#3_0"},
				"down": {"uv": [4, 0, 6.5, 5], "rotation": 180, "texture": "#3_0"}
			}
		},
		{
			"from": [8.5, 3, 5],
			"to": [11.5, 0, 8],
			"rotation": {"angle": -22.5, "axis": "y", "origin": [10, 1.5, 4]},
			"faces": {
				"north": {"uv": [12, 1.5, 13.5, 3], "texture": "#3_0"},
				"east": {"uv": [12, 0, 13.5, 1.5], "texture": "#3_0"},
				"south": {"uv": [13.5, 0, 15, 1.5], "texture": "#3_0"},
				"west": {"uv": [13.5, 1.5, 15, 3], "texture": "#3_0"}
			}
		},
		{
			"from": [8.5, 3, 0],
			"to": [11.5, 0, 3],
			"rotation": {"angle": -22.5, "axis": "y", "origin": [10, 1.5, 4]},
			"faces": {
				"north": {"uv": [9, 1.5, 10.5, 3], "texture": "#3_0"},
				"east": {"uv": [9, 0, 10.5, 1.5], "texture": "#3_0"},
				"south": {"uv": [10.5, 0, 12, 1.5], "texture": "#3_0"},
				"west": {"uv": [10.5, 1.5, 12, 3], "texture": "#3_0"}
			}
		},
		{
			"from": [19.92677, 0.25, 3.67677],
			"to": [29.92677, 4.25, 15.67677],
			"rotation": {"angle": 22.5, "axis": "y", "origin": [23, 2.25, 13.92677]},
			"faces": {
				"north": {"uv": [0, 6, 5, 8], "rotation": 180, "texture": "#5_0"},
				"east": {"uv": [0, 0, 2, 6], "rotation": 270, "texture": "#5_0"},
				"west": {"uv": [6, 0, 8, 6], "rotation": 90, "texture": "#5_0"},
				"up": {"uv": [1.5, 0, 6.5, 6], "rotation": 180, "texture": "#5_0"},
				"down": {"uv": [6.5, 0, 1.5, 6], "texture": "#5_0"}
			}
		},
		{
			"from": [19.8798, 0.26, 14.19432],
			"to": [28.7298, 4.24, 18.19432],
			"rotation": {"angle": 45, "axis": "y", "origin": [23, 2.25, 13.92677]},
			"faces": {
				"south": {"uv": [8, 0, 12.5, 2], "rotation": 180, "texture": "#5_0"},
				"up": {"uv": [8, 1.5, 12.5, 3.5], "rotation": 180, "texture": "#5_0"},
				"down": {"uv": [12.5, 1.5, 8, 3.5], "texture": "#5_0"}
			}
		},
		{
			"from": [19.92677, 0.25, 17.67677],
			"to": [21.92677, 4.25, 18.67677],
			"rotation": {"angle": 22.5, "axis": "y", "origin": [23, 2.25, 13.92677]},
			"faces": {
				"south": {"uv": [13, 0, 14, 2], "rotation": 180, "texture": "#5_0"},
				"west": {"uv": [13.5, 0, 14, 2], "rotation": 180, "texture": "#5_0"},
				"up": {"uv": [13, 1.5, 14, 2], "rotation": 180, "texture": "#5_0"},
				"down": {"uv": [14, 0, 13, 0.5], "texture": "#5_0"}
			}
		},
		{
			"from": [21.92677, 2.25, 15.67677],
			"to": [27.92677, 2.25, 18.67677],
			"rotation": {"angle": 22.5, "axis": "y", "origin": [23, 2.25, 13.92677]},
			"faces": {
				"up": {"uv": [14.5, 2.5, 16, 5.5], "rotation": 270, "texture": "#5_0"},
				"down": {"uv": [14.5, 5.5, 16, 2.5], "rotation": 90, "texture": "#5_0"}
			}
		},
		{
			"from": [19.92677, 0.25, 15.67677],
			"to": [24.92677, 4.25, 17.67677],
			"rotation": {"angle": 22.5, "axis": "y", "origin": [23, 2.25, 13.92677]},
			"faces": {
				"west": {"uv": [14, 0, 15, 2], "rotation": 180, "texture": "#5_0"},
				"up": {"uv": [15, 0, 16, 2.5], "rotation": 270, "texture": "#5_0"},
				"down": {"uv": [15, 2.5, 16, 0], "rotation": 90, "texture": "#5_0"}
			}
		},
		{
			"from": [21.92677, 0.25, 17.67677],
			"to": [22.67677, 4.25, 18.67677],
			"rotation": {"angle": 22.5, "axis": "y", "origin": [23, 2.25, 13.92677]},
			"faces": {
				"south": {"uv": [12.5, 0, 13, 2], "rotation": 180, "texture": "#5_0"},
				"up": {"uv": [12.5, 1.5, 13, 2], "rotation": 180, "texture": "#5_0"},
				"down": {"uv": [12.5, 0, 13, 0.5], "texture": "#5_0"}
			}
		},
		{
			"from": [-2.09812, 2.23339, 8.51594],
			"to": [-0.09812, 4.2334, 16.51594],
			"rotation": {"angle": 22.5, "axis": "y", "origin": [-4, 3.2334, 5.08485]},
			"faces": {
				"east": {"uv": [14, 0, 15, 4], "rotation": 270, "texture": "#6_0"},
				"west": {"uv": [15, 0, 16, 4], "rotation": 90, "texture": "#6_0"},
				"up": {"uv": [14.5, 0, 15.5, 4], "rotation": 180, "texture": "#6_0"},
				"down": {"uv": [15.5, 0, 14.5, 4], "texture": "#6_0"}
			}
		},
		{
			"from": [-7.08485, 1.73339, 16.31824],
			"to": [-3.08485, 4.7334, 17.31824],
			"rotation": {"angle": 45, "axis": "y", "origin": [-4, 3.2334, 5.08485]},
			"faces": {
				"north": {"uv": [12.5, 2, 14, 0], "rotation": 90, "texture": "#6_0"},
				"east": {"uv": [14, 0, 12.5, 0.5], "rotation": 270, "texture": "#6_0"},
				"west": {"uv": [12.5, 1.5, 14, 2], "rotation": 90, "texture": "#6_0"},
				"up": {"uv": [12.5, 2, 13, 0], "rotation": 270, "texture": "#6_0"},
				"down": {"uv": [13.5, 0, 14, 2], "rotation": 90, "texture": "#6_0"}
			}
		},
		{
			"from": [-8.08485, 3.2334, 14.31824],
			"to": [-2.08485, 3.2334, 17.31824],
			"rotation": {"angle": 45, "axis": "y", "origin": [-4, 3.2334, 5.08485]},
			"faces": {
				"up": {"uv": [8, 0, 11, 1.5], "rotation": 180, "texture": "#6_0"},
				"down": {"uv": [11, 0, 8, 1.5], "texture": "#6_0"}
			}
		},
		{
			"from": [-8.08485, 0.23339, 17.31824],
			"to": [-2.08485, 6.2334, 18.31824],
			"rotation": {"angle": 45, "axis": "y", "origin": [-4, 3.2334, 5.08485]},
			"faces": {
				"north": {"uv": [0, 7, 3, 4], "rotation": 90, "texture": "#6_0"},
				"east": {"uv": [3, 4, 0, 4.5], "rotation": 270, "texture": "#6_0"},
				"south": {"uv": [0, 4, 3, 7], "rotation": 90, "texture": "#6_0"},
				"west": {"uv": [0, 6.5, 3, 7], "rotation": 90, "texture": "#6_0"},
				"up": {"uv": [0, 7, 0.5, 4], "rotation": 270, "texture": "#6_0"},
				"down": {"uv": [2.5, 4, 3, 7], "rotation": 90, "texture": "#6_0"}
			}
		},
		{
			"from": [-5.91515, 3.2334, -7.14854],
			"to": [0.08485, 3.2334, -4.14855],
			"rotation": {"angle": 45, "axis": "y", "origin": [-4, 3.2334, 5.08485]},
			"faces": {
				"up": {"uv": [8, 1.5, 11, 0], "rotation": 180, "texture": "#6_0"},
				"down": {"uv": [11, 1.5, 8, 0], "texture": "#6_0"}
			}
		},
		{
			"from": [-4.91515, 1.73339, -7.14854],
			"to": [-0.91515, 4.7334, -6.14854],
			"rotation": {"angle": 45, "axis": "y", "origin": [-4, 3.2334, 5.08485]},
			"faces": {
				"east": {"uv": [14, 0.5, 12.5, 0], "rotation": 270, "texture": "#6_0"},
				"south": {"uv": [12.5, 0, 14, 2], "rotation": 90, "texture": "#6_0"},
				"west": {"uv": [12.5, 2, 14, 1.5], "rotation": 90, "texture": "#6_0"},
				"up": {"uv": [13, 2, 12.5, 0], "rotation": 270, "texture": "#6_0"},
				"down": {"uv": [14, 0, 13.5, 2], "rotation": 90, "texture": "#6_0"}
			}
		},
		{
			"from": [-3.91515, 2.23339, -6.14854],
			"to": [-1.91515, 4.2334, 1.85145],
			"rotation": {"angle": 45, "axis": "y", "origin": [-4, 3.2334, 5.08485]},
			"faces": {
				"east": {"uv": [14, 4, 15, 0], "rotation": 270, "texture": "#6_0"},
				"west": {"uv": [15, 4, 16, 0], "rotation": 90, "texture": "#6_0"},
				"up": {"uv": [14.5, 4, 15.5, 0], "rotation": 180, "texture": "#6_0"},
				"down": {"uv": [15.5, 4, 14.5, 0], "texture": "#6_0"}
			}
		},
		{
			"from": [-5.91515, 0.23339, -8.14854],
			"to": [0.08485, 6.2334, -7.14854],
			"rotation": {"angle": 45, "axis": "y", "origin": [-4, 3.2334, 5.08485]},
			"faces": {
				"north": {"uv": [0, 7, 3, 4], "rotation": 90, "texture": "#6_0"},
				"east": {"uv": [3, 4.5, 0, 4], "rotation": 270, "texture": "#6_0"},
				"south": {"uv": [0, 4, 3, 7], "rotation": 90, "texture": "#6_0"},
				"west": {"uv": [0, 7, 3, 6.5], "rotation": 90, "texture": "#6_0"},
				"up": {"uv": [0.5, 7, 0, 4], "rotation": 270, "texture": "#6_0"},
				"down": {"uv": [3, 4, 2.5, 7], "rotation": 90, "texture": "#6_0"}
			}
		},
		{
			"from": [-4.91515, 1.23339, 1.85145],
			"to": [-0.91515, 5.2334, 9.85146],
			"rotation": {"angle": 45, "axis": "y", "origin": [-4, 3.2334, 5.08485]},
			"faces": {
				"north": {"uv": [6, 2, 8, 0], "rotation": 90, "texture": "#6_0"},
				"east": {"uv": [2, 0, 4, 4], "rotation": 270, "texture": "#6_0"},
				"south": {"uv": [6, 0, 8, 2], "rotation": 90, "texture": "#6_0"},
				"west": {"uv": [4, 0, 6, 4], "rotation": 90, "texture": "#6_0"},
				"up": {"uv": [0, 0, 2, 4], "rotation": 180, "texture": "#6_0"},
				"down": {"uv": [2, 0, 0, 4], "texture": "#6_0"}
			}
		}
	],
	"gui_light": "front",
	"display": {
		"thirdperson_righthand": {
			"rotation": [-180, -180, 0],
			"translation": [0, 4.75, 2.25]
		},
		"thirdperson_lefthand": {
			"translation": [0, 4.5, 2]
		},
		"firstperson_righthand": {
			"rotation": [180, 15, 20],
			"translation": [2.25, 1, -4.25]
		},
		"firstperson_lefthand": {
			"rotation": [-5, 15, -10],
			"translation": [1.5, 0, -3]
		},
		"ground": {
			"rotation": [0, 0, 90],
			"scale": [0.7, 0.7, 0.7]
		},
		"gui": {
			"rotation": [35, 44, 0],
			"translation": [0, 1.5, 0],
			"scale": [0.5, 0.5, 0.5]
		},
		"head": {
			"rotation": [0, 0, 90],
			"scale": [1.6, 1.6, 1.6]
		},
		"fixed": {
			"translation": [0, 0, -6],
			"scale": [2, 2, 2]
		}
	},
	"groups": [
		{
			"name": "group",
			"origin": [8, 0.5, 11],
			"color": 0,
			"children": [
				{
					"name": "simple",
					"origin": [8, 0.5, 11],
					"color": 0,
					"children": []
				},
				{
					"name": "group",
					"origin": [8, 0.5, 11],
					"color": 0,
					"children": [
						{
							"name": "simple",
							"origin": [8, 0.5, 11],
							"color": 0,
							"children": []
						}
					]
				}
			]
		},
		{
			"name": "bricks",
			"origin": [8, 8, 8],
			"color": 0,
			"children": [
				{
					"name": "group",
					"origin": [0, 0, 0],
					"color": 0,
					"children": [0, 1, 2]
				},
				{
					"name": "group",
					"origin": [0, 0, 0],
					"color": 0,
					"children": [3, 4, 5]
				},
				{
					"name": "group",
					"origin": [0, 0, 0],
					"color": 0,
					"children": [6, 7, 8]
				},
				{
					"name": "group",
					"origin": [0, 0, 0],
					"color": 0,
					"children": [9, 10, 11]
				},
				{
					"name": "group",
					"origin": [0, 0, 0],
					"color": 0,
					"children": [12, 13, 14]
				},
				{
					"name": "group",
					"origin": [0, 0, 0],
					"color": 0,
					"children": [15, 16, 17]
				}
			]
		},
		{
			"name": "gas",
			"origin": [8, 8, 8],
			"color": 0,
			"children": [18, 19, 20, 21, 22, 23]
		},
		{
			"name": "ressor_of_tractor_belarus",
			"origin": [8, 8, 8],
			"color": 0,
			"children": [24, 25, 26, 27, 28, 29, 30, 31, 32]
		}
	]
}