{
	"credit": "Made by Falanta Fantomo with Blockbench",
	"texture_size": [32, 32],
	"textures": {
		"0": "shiver:item/props/trash_bucket",
		"particle": "shiver:item/props/trash_bucket"
	},
	"elements": [
		{
			"from": [3.5, 0, 2.5],
			"to": [13.5, 12, 12.5],
			"faces": {
				"north": {"uv": [0, 0, 5, 6], "texture": "#0"},
				"east": {"uv": [0, 0, 5, 6], "texture": "#0"},
				"south": {"uv": [0, 0, 5, 6], "texture": "#0"},
				"west": {"uv": [0, 0, 5, 6], "texture": "#0"},
				"down": {"uv": [5, 6, 10, 11], "texture": "#0"}
			}
		},
		{
			"from": [2.5, 12, 1.5],
			"to": [14.5, 12, 13.5],
			"rotation": {"angle": 0, "axis": "y", "origin": [0, 12, 0]},
			"faces": {
				"up": {"uv": [9.5, 0, 15.5, 6], "texture": "#0"},
				"down": {"uv": [9.5, 0, 15.5, 6], "texture": "#0"}
			}
		},
		{
			"from": [3.5, 12, 2.5],
			"to": [13.5, 0, 12.5],
			"rotation": {"angle": 0, "axis": "y", "origin": [0, 10, 0]},
			"faces": {
				"north": {"uv": [0, 6, 5, 0], "texture": "#0"},
				"east": {"uv": [0, 6, 5, 0], "texture": "#0"},
				"south": {"uv": [0, 6, 5, 0], "texture": "#0"},
				"west": {"uv": [0, 6, 5, 0], "texture": "#0"},
				"up": {"uv": [5, 11, 10, 6], "texture": "#0"}
			}
		}
	],
	"gui_light": "front",
	"display": {
		"thirdperson_righthand": {
			"rotation": [75, 45, 0],
			"translation": [0, 2.5, 0],
			"scale": [0.1, 0.1, 0.1]
		},
		"thirdperson_lefthand": {
			"rotation": [75, 45, 0],
			"translation": [0, 2.5, 0],
			"scale": [0.1, 0.1, 0.1]
		},
		"firstperson_righthand": {
			"rotation": [0, 45, 0],
			"scale": [0.2, 0.2, 0.2]
		},
		"firstperson_lefthand": {
			"rotation": [0, 45, 0],
			"scale": [0.2, 0.2, 0.2]
		},
		"ground": {
			"scale": [0.1, 0.1, 0.1]
		},
		"gui": {
			"rotation": [20, 135, 0],
			"translation": [1, 1.5, 0]
		},
		"fixed": {
			"rotation": [-90, 0, 0],
			"translation": [0, 0, -16],
			"scale": [2, 2, 2]
		}
	}
}