{
	"credit": "by 2M3V",
	"textures": {
		"0": "shiver:item/gui/text2",
		"particle": "shiver:item/gui/text2"
	},
	"elements": [
		{
			"from": [0.8, 7.9, 8],
			"to": [16.8, 9.9, 8],
			"rotation": {"angle": 0, "axis": "y", "origin": [0.8, -6.1, 6]},
			"faces": {
				"north": {"uv": [0, 0, 16, 2], "texture": "#0"},
				"east": {"uv": [0, 0, 0, 2], "texture": "#missing"},
				"west": {"uv": [0, 0, 0, 2], "texture": "#missing"},
				"up": {"uv": [0, 0, 16, 0], "texture": "#missing"},
				"down": {"uv": [0, 0, 16, 0], "texture": "#missing"}
			}
		},
		{
			"from": [-10.5, 7.9, 8],
			"to": [5.5, 9.9, 8],
			"rotation": {"angle": 0, "axis": "y", "origin": [-10.5, -6.1, 6]},
			"faces": {
				"north": {"uv": [0, 2.75, 16, 4.75], "texture": "#0"},
				"east": {"uv": [0, 0, 0, 2], "texture": "#missing"},
				"west": {"uv": [0, 0, 0, 2], "texture": "#missing"},
				"up": {"uv": [0, 0, 16, 0], "texture": "#missing"},
				"down": {"uv": [0, 0, 16, 0], "texture": "#missing"}
			}
		}
	],
	"gui_light": "front",
	"display": {
		"gui": {
			"rotation": [0, 180, 0],
			"translation": [0, 7.5, 0],
			"scale": [4, 4, 4]
		}
	}
}