{
	"credit": "by 2M3V",
	"textures": {
		"0": "shiver:item/gui/lobby_nego",
		"particle": "shiver:item/gui/lobby_nego"
	},
	"elements": [
		{
			"from": [-5, -16, 8],
			"to": [27, 16, 8],
			"rotation": {"angle": 0, "axis": "y", "origin": [11, 0, 8]},
			"faces": {
				"east": {"uv": [0, 0, 0, 16], "texture": "#missing"},
				"south": {"uv": [0, 0, 16, 16], "texture": "#0"},
				"west": {"uv": [0, 0, 0, 16], "texture": "#missing"},
				"up": {"uv": [0, 0, 16, 0], "texture": "#missing"},
				"down": {"uv": [0, 0, 16, 0], "texture": "#missing"}
			}
		}
	],
	"gui_light": "front",
	"display": {
		"gui": {
			"translation": [37, -9, 0],
			"scale": [2, 2, 2]
		}
	}
}