{
	"credit": "by 2M3V",
	"textures": {
		"0": "shiver:item/gui/on_off",
		"particle": "shiver:item/gui/on_off"
	},
	"elements": [
		{
			"from": [1, 8, 8],
			"to": [15, 15, 8],
			"rotation": {"angle": 0, "axis": "y", "origin": [1, -1, 6]},
			"faces": {
				"east": {"uv": [0, 0, 0, 7], "texture": "#missing"},
				"south": {"uv": [0, 0, 14, 7], "texture": "#0"},
				"west": {"uv": [0, 0, 0, 7], "texture": "#missing"},
				"up": {"uv": [0, 0, 14, 0], "texture": "#missing"},
				"down": {"uv": [0, 0, 14, 0], "texture": "#missing"}
			}
		}
	],
	"gui_light": "front",
	"display": {
		"thirdperson_righthand": {
			"scale": [0, 0, 0]
		},
		"firstperson_righthand": {
			"scale": [0, 0, 0]
		},
		"gui": {
			"translation": [0, -7, 0],
			"scale": [2, 2, 2]
		}
	}
}