{
  "model": {
    "type": "range_dispatch",
    "property": "custom_model_data",
    "entries": [
      {
        "threshold": 1,
        "model": {
          "type": "minecraft:special",
          "model": {
            "type": "minecraft:player_head"
          },
          "base": "shiver:profile_head"
        }
      }
    ],
    "fallback": {
      "type": "minecraft:special",
      "model": {
        "type": "minecraft:player_head"
      },
      "base": "shiver:lobby_head"
    }
  },
  "oversized_in_gui": true
}