{
  "credit": "Made by Falanta Fantomo with Blockbench",
  "textures": {
    "0": "shiver:item/weapons/heal_gun",
    "particle": "shiver:item/weapons/heal_gun"
  },
  "elements": [
    {
      "from": [
        7,
        6,
        4
      ],
      "to": [
        9,
        9,
        10
      ],
      "rotation": {
        "angle": 0,
        "axis": "y",
        "origin": [
          7,
          6,
          4
        ]
      },
      "faces": {
        "north": {
          "uv": [
            13,
            2,
            16,
            4
          ],
          "rotation": 90,
          "texture": "#0"
        },
        "east": {
          "uv": [
            6,
            8,
            0,
            11
          ],
          "texture": "#0"
        },
        "south": {
          "uv": [
            13,
            0,
            16,
            2
          ],
          "rotation": 90,
          "texture": "#0"
        },
        "west": {
          "uv": [
            0,
            8,
            6,
            11
          ],
          "texture": "#0"
        },
        "up": {
          "uv": [
            0,
            7,
            6,
            9
          ],
          "rotation": 90,
          "texture": "#0"
        },
        "down": {
          "uv": [
            0,
            10,
            6,
            12
          ],
          "rotation": 270,
          "texture": "#0"
        }
      }
    },
    {
      "from": [
        7,
        7,
        2
      ],
      "to": [
        9,
        11,
        3
      ],
      "rotation": {
        "angle": 0,
        "axis": "y",
        "origin": [
          7,
          7,
          2
        ]
      },
      "faces": {
        "north": {
          "uv": [
            9,
            2,
            13,
            4
          ],
          "rotation": 90,
          "texture": "#0"
        },
        "east": {
          "uv": [
            9,
            3,
            13,
            4
          ],
          "rotation": 90,
          "texture": "#0"
        },
        "south": {
          "uv": [
            9,
            4,
            13,
            2
          ],
          "rotation": 90,
          "texture": "#0"
        },
        "west": {
          "uv": [
            9,
            2,
            13,
            3
          ],
          "rotation": 90,
          "texture": "#0"
        },
        "up": {
          "uv": [
            9,
            4,
            10,
            2
          ],
          "rotation": 90,
          "texture": "#0"
        },
        "down": {
          "uv": [
            12,
            4,
            13,
            2
          ],
          "rotation": 90,
          "texture": "#0"
        }
      }
    },
    {
      "from": [
        7,
        7,
        14
      ],
      "to": [
        9,
        12,
        15
      ],
      "rotation": {
        "angle": 0,
        "axis": "y",
        "origin": [
          7,
          6,
          9
        ]
      },
      "faces": {
        "north": {
          "uv": [
            8,
            7,
            6,
            12
          ],
          "texture": "#0"
        },
        "east": {
          "uv": [
            7,
            7,
            8,
            12
          ],
          "texture": "#0"
        },
        "south": {
          "uv": [
            6,
            7,
            8,
            12
          ],
          "texture": "#0"
        },
        "west": {
          "uv": [
            6,
            7,
            7,
            12
          ],
          "texture": "#0"
        },
        "up": {
          "uv": [
            6,
            7,
            8,
            8
          ],
          "texture": "#0"
        },
        "down": {
          "uv": [
            6,
            11,
            8,
            12
          ],
          "texture": "#0"
        }
      }
    },
    {
      "from": [
        7.5,
        9,
        4
      ],
      "to": [
        8.5,
        11,
        6
      ],
      "rotation": {
        "angle": 0,
        "axis": "y",
        "origin": [
          7,
          8,
          4
        ]
      },
      "faces": {
        "north": {
          "uv": [
            9,
            0,
            10,
            2
          ],
          "texture": "#0"
        },
        "east": {
          "uv": [
            11,
            0,
            9,
            2
          ],
          "texture": "#0"
        },
        "west": {
          "uv": [
            9,
            0,
            11,
            2
          ],
          "texture": "#0"
        },
        "up": {
          "uv": [
            9,
            0,
            11,
            1
          ],
          "rotation": 90,
          "texture": "#0"
        }
      }
    },
    {
      "from": [
        7.5,
        8,
        1
      ],
      "to": [
        8.5,
        9,
        2
      ],
      "rotation": {
        "angle": 0,
        "axis": "y",
        "origin": [
          7,
          7,
          1
        ]
      },
      "faces": {
        "north": {
          "uv": [
            12,
            0,
            13,
            1
          ],
          "rotation": 90,
          "texture": "#0"
        },
        "east": {
          "uv": [
            12,
            1,
            13,
            2
          ],
          "rotation": 90,
          "texture": "#0"
        },
        "west": {
          "uv": [
            12,
            1,
            13,
            2
          ],
          "rotation": 90,
          "texture": "#0"
        },
        "up": {
          "uv": [
            12,
            1,
            13,
            2
          ],
          "rotation": 90,
          "texture": "#0"
        },
        "down": {
          "uv": [
            12,
            1,
            13,
            2
          ],
          "rotation": 90,
          "texture": "#0"
        }
      }
    },
    {
      "from": [
        7.5,
        7,
        10
      ],
      "to": [
        8.5,
        9,
        14
      ],
      "rotation": {
        "angle": 0,
        "axis": "y",
        "origin": [
          7,
          6,
          10
        ]
      },
      "faces": {
        "east": {
          "uv": [
            13,
            4,
            9,
            6
          ],
          "texture": "#0"
        },
        "west": {
          "uv": [
            9,
            4,
            13,
            6
          ],
          "texture": "#0"
        },
        "up": {
          "uv": [
            9,
            4,
            13,
            5
          ],
          "rotation": 90,
          "texture": "#0"
        },
        "down": {
          "uv": [
            13,
            5,
            9,
            6
          ],
          "rotation": 90,
          "texture": "#0"
        }
      }
    },
    {
      "from": [
        8,
        4,
        11
      ],
      "to": [
        8,
        7,
        12
      ],
      "rotation": {
        "angle": -22.5,
        "axis": "x",
        "origin": [
          8,
          7,
          11
        ]
      },
      "faces": {
        "east": {
          "uv": [
            13,
            4,
            16,
            5
          ],
          "rotation": 90,
          "texture": "#0"
        },
        "west": {
          "uv": [
            13,
            4,
            16,
            5
          ],
          "rotation": 90,
          "texture": "#0"
        }
      }
    },
    {
      "from": [
        8,
        8,
        3
      ],
      "to": [
        8,
        11,
        4
      ],
      "rotation": {
        "angle": 0,
        "axis": "y",
        "origin": [
          7,
          8,
          2
        ]
      },
      "faces": {
        "east": {
          "uv": [
            6,
            6,
            9,
            7
          ],
          "rotation": 90,
          "texture": "#0"
        },
        "west": {
          "uv": [
            6,
            6,
            9,
            7
          ],
          "rotation": 90,
          "texture": "#0"
        }
      }
    },
    {
      "from": [
        7.51,
        2,
        12
      ],
      "to": [
        8.49,
        7,
        14
      ],
      "rotation": {
        "angle": -22.5,
        "axis": "x",
        "origin": [
          8,
          7,
          12
        ]
      },
      "faces": {
        "north": {
          "uv": [
            0,
            13,
            5,
            13.98
          ],
          "rotation": 90,
          "texture": "#0"
        },
        "east": {
          "uv": [
            0,
            14,
            5,
            12
          ],
          "rotation": 90,
          "texture": "#0"
        },
        "south": {
          "uv": [
            0,
            12,
            5,
            12.98
          ],
          "rotation": 90,
          "texture": "#0"
        },
        "west": {
          "uv": [
            0,
            12,
            5,
            14
          ],
          "rotation": 90,
          "texture": "#0"
        },
        "down": {
          "uv": [
            4,
            12,
            4.98,
            14
          ],
          "texture": "#0"
        }
      }
    },
    {
      "from": [
        7.5,
        9,
        12
      ],
      "to": [
        8.5,
        11,
        13
      ],
      "rotation": {
        "angle": 0,
        "axis": "y",
        "origin": [
          7,
          8,
          12
        ]
      },
      "faces": {
        "east": {
          "uv": [
            11,
            0,
            12,
            2
          ],
          "texture": "#0"
        },
        "south": {
          "uv": [
            11,
            0,
            12,
            2
          ],
          "texture": "#0"
        },
        "west": {
          "uv": [
            11,
            0,
            12,
            2
          ],
          "texture": "#0"
        },
        "up": {
          "uv": [
            11,
            0,
            12,
            1
          ],
          "texture": "#0"
        }
      }
    },
    {
      "from": [
        6.5,
        9,
        6
      ],
      "to": [
        9.5,
        12,
        12
      ],
      "rotation": {
        "angle": 0,
        "axis": "y",
        "origin": [
          7,
          9,
          6
        ]
      },
      "faces": {
        "north": {
          "uv": [
            6,
            3,
            9,
            6
          ],
          "texture": "#0"
        },
        "east": {
          "uv": [
            6,
            2,
            0,
            5
          ],
          "texture": "#0"
        },
        "south": {
          "uv": [
            6,
            0,
            9,
            3
          ],
          "texture": "#0"
        },
        "west": {
          "uv": [
            0,
            2,
            6,
            5
          ],
          "texture": "#0"
        },
        "up": {
          "uv": [
            0,
            0,
            6,
            3
          ],
          "rotation": 90,
          "texture": "#0"
        },
        "down": {
          "uv": [
            0,
            4,
            6,
            7
          ],
          "rotation": 270,
          "texture": "#0"
        }
      }
    }
  ],
  "gui_light": "front",
  "display": {
    "thirdperson_righthand": {
      "translation": [
        0,
        1,
        -3
      ]
    },
    "firstperson_righthand": {
      "rotation": [
        10,
        0,
        -5
      ],
      "translation": [
        1,
        12.5,
        -4.25
      ]
    },
    "ground": {
      "rotation": [
        0,
        0,
        90
      ],
      "translation": [
        0,
        2.25,
        0
      ]
    },
    "gui": {
      "rotation": [
        70,
        -45,
        70
      ],
      "translation": [
        1,
        1.25,
        0
      ],
      "scale": [
        1.08,
        1.08,
        1.08
      ]
    },
    "head": {
      "scale": [
        1.6,
        1.6,
        1.6
      ]
    },
    "fixed": {
      "rotation": [
        90,
        -90,
        90
      ],
      "translation": [
        1,
        0,
        -2
      ],
      "scale": [
        2,
        2,
        2
      ]
    }
  }
}