{
	"format_version": "1.21.6",
	"credit": "Made with Blockbench",
	"texture_size": [32, 32],
	"textures": {
		"0": "minecraft:item/paper",
		"particle": "minecraft:item/paper"
	},
	"elements": [
		{
			"from": [6, 0.08, 2],
			"to": [13, 0.09, 12],
			"rotation": {"angle": 10, "axis": "y", "origin": [8, 0, 3]},
			"faces": {
				"north": {"uv": [7, 1, 10.5, 1.5], "texture": "#0"},
				"east": {"uv": [7, 0, 12, 0.5], "texture": "#0"},
				"south": {"uv": [7, 1.5, 10.5, 2], "texture": "#0"},
				"west": {"uv": [7, 0.5, 12, 1], "texture": "#0"},
				"up": {"uv": [3.5, 5, 0, 0], "texture": "#0"},
				"down": {"uv": [7, 0, 3.5, 5], "texture": "#0"}
			}
		},
		{
			"from": [5, 0.02, 3],
			"to": [12, 0.03, 13],
			"rotation": {"angle": -20, "axis": "y", "origin": [7, 0, 3]},
			"faces": {
				"north": {"uv": [0, 0, 3.5, 0], "texture": "#0"},
				"east": {"uv": [0, 0, 5, 0], "texture": "#0"},
				"south": {"uv": [0, 0, 3.5, 0], "texture": "#0"},
				"west": {"uv": [0, 0, 5, 0], "texture": "#0"},
				"up": {"uv": [3.5, 10, 0, 5], "texture": "#0"},
				"down": {"uv": [7, 5, 3.5, 10], "texture": "#0"}
			}
		}
	],
	"display": {
		"thirdperson_righthand": {
			"rotation": [31, -13, 11],
			"translation": [-1, 3.5, 0.25],
			"scale": [0.5, 0.5, 0.5]
		},
		"thirdperson_lefthand": {
			"translation": [0, 2.5, -1.75],
			"scale": [0.5, 0.5, 0.5]
		},
		"firstperson_righthand": {
			"rotation": [82, -180, -16],
			"translation": [4.75, 1, 0]
		},
		"firstperson_lefthand": {
			"rotation": [93, -180, -28],
			"translation": [0.25, -0.5, 0]
		},
		"ground": {
			"translation": [0, 5, 0]
		},
		"gui": {
			"rotation": [75, 141, 50],
			"translation": [6.25, -3, 0.25],
			"scale": [1.2, 1.2, 1.2]
		},
		"head": {
			"translation": [0, 14.5, 0]
		},
		"fixed": {
			"rotation": [-90, 0, 0],
			"translation": [0, 0, -11.25],
			"scale": [1.5, 1.5, 1.5]
		}
	},
	"groups": [
		{
			"name": "group",
			"origin": [8, 0, 3],
			"color": 0,
			"children": [0, 1]
		}
	]
}