{
	"format_version": "1.21.6",
	"credit": "Made with Blockbench",
	"texture_size": [32, 32],
	"textures": {
		"2": "minecraft:item/iron_pickaxe",
		"particle": "block/texture"
	},
	"elements": [
		{
			"from": [7, 15, 14],
			"to": [9, 16, 16],
			"rotation": {"angle": 0, "axis": "x", "origin": [7, 15, 16]},
			"faces": {
				"north": {"uv": [9, 1, 10, 1.5], "texture": "#2"},
				"east": {"uv": [9, 1.5, 10, 2], "texture": "#2"},
				"south": {"uv": [4, 9, 5, 9.5], "texture": "#2"},
				"west": {"uv": [5, 9, 6, 9.5], "texture": "#2"},
				"up": {"uv": [8, 8, 7, 7], "texture": "#2"},
				"down": {"uv": [8.5, 2, 7.5, 3], "texture": "#2"}
			}
		},
		{
			"from": [7, 15, 0],
			"to": [9, 16, 2],
			"rotation": {"angle": 0, "axis": "x", "origin": [7, 15, 2]},
			"faces": {
				"north": {"uv": [6, 9, 7, 9.5], "texture": "#2"},
				"east": {"uv": [7, 9, 8, 9.5], "texture": "#2"},
				"south": {"uv": [9, 7, 10, 7.5], "texture": "#2"},
				"west": {"uv": [9, 7.5, 10, 8], "texture": "#2"},
				"up": {"uv": [8.5, 4, 7.5, 3], "texture": "#2"},
				"down": {"uv": [8.5, 4, 7.5, 5], "texture": "#2"}
			}
		},
		{
			"from": [7, 16, 1],
			"to": [9, 18, 3],
			"rotation": {"angle": 0, "axis": "y", "origin": [7, 16, 3]},
			"faces": {
				"north": {"uv": [7.5, 5, 8.5, 6], "texture": "#2"},
				"east": {"uv": [7.5, 6, 8.5, 7], "texture": "#2"},
				"south": {"uv": [4, 8, 5, 9], "texture": "#2"},
				"west": {"uv": [5, 8, 6, 9], "texture": "#2"},
				"up": {"uv": [7, 9, 6, 8], "texture": "#2"},
				"down": {"uv": [8, 8, 7, 9], "texture": "#2"}
			}
		},
		{
			"from": [7, 17, 3],
			"to": [9, 19, 13],
			"rotation": {"angle": 0, "axis": "y", "origin": [7, 17, 5]},
			"faces": {
				"north": {"uv": [8, 7, 9, 8], "texture": "#2"},
				"east": {"uv": [4, 0, 9, 1], "texture": "#2"},
				"south": {"uv": [8, 8, 9, 9], "texture": "#2"},
				"west": {"uv": [4, 1, 9, 2], "texture": "#2"},
				"up": {"uv": [5, 7, 4, 2], "texture": "#2"},
				"down": {"uv": [6, 2, 5, 7], "texture": "#2"}
			}
		},
		{
			"from": [7, 16, 13],
			"to": [9, 18, 15],
			"rotation": {"angle": 0, "axis": "y", "origin": [7, 16, 15]},
			"faces": {
				"north": {"uv": [0, 8.5, 1, 9.5], "texture": "#2"},
				"east": {"uv": [1, 8.5, 2, 9.5], "texture": "#2"},
				"south": {"uv": [2, 8.5, 3, 9.5], "texture": "#2"},
				"west": {"uv": [8.5, 2, 9.5, 3], "texture": "#2"},
				"up": {"uv": [4, 9.5, 3, 8.5], "texture": "#2"},
				"down": {"uv": [9.5, 3, 8.5, 4], "texture": "#2"}
			}
		},
		{
			"from": [7, 0, 7],
			"to": [9, 17, 9],
			"rotation": {"angle": 0, "axis": "y", "origin": [7, 0, 7]},
			"faces": {
				"north": {"uv": [0, 0, 1, 8.5], "texture": "#2"},
				"east": {"uv": [1, 0, 2, 8.5], "texture": "#2"},
				"south": {"uv": [2, 0, 3, 8.5], "texture": "#2"},
				"west": {"uv": [3, 0, 4, 8.5], "texture": "#2"},
				"up": {"uv": [9.5, 5, 8.5, 4], "texture": "#2"},
				"down": {"uv": [9.5, 5, 8.5, 6], "texture": "#2"}
			}
		},
		{
			"from": [7, 19, 7],
			"to": [9, 20, 9],
			"rotation": {"angle": 0, "axis": "y", "origin": [7, 18, 7]},
			"faces": {
				"north": {"uv": [8, 9, 9, 9.5], "texture": "#2"},
				"east": {"uv": [9, 8, 10, 8.5], "texture": "#2"},
				"south": {"uv": [9, 8.5, 10, 9], "texture": "#2"},
				"west": {"uv": [9, 9, 10, 9.5], "texture": "#2"},
				"up": {"uv": [9.5, 7, 8.5, 6], "texture": "#2"},
				"down": {"uv": [10, 0, 9, 1], "texture": "#2"}
			}
		},
		{
			"from": [6.5, 17, 6.75],
			"to": [9.5, 19, 9.25],
			"rotation": {"angle": 0, "axis": "y", "origin": [7, 17, 7]},
			"faces": {
				"north": {"uv": [6, 5, 7.5, 6], "texture": "#2"},
				"east": {"uv": [6, 6, 7.5, 7], "texture": "#2"},
				"south": {"uv": [4, 7, 5.5, 8], "texture": "#2"},
				"west": {"uv": [5.5, 7, 7, 8], "texture": "#2"},
				"up": {"uv": [7.5, 3.5, 6, 2], "texture": "#2"},
				"down": {"uv": [7.5, 3.5, 6, 5], "texture": "#2"}
			}
		}
	],
	"display": {
		"thirdperson_righthand": {
			"translation": [0, -0.5, 0]
		},
		"firstperson_righthand": {
			"rotation": [0, -3, 0],
			"translation": [1, 2.25, 0],
			"scale": [0.5, 0.5, 0.5]
		},
		"firstperson_lefthand": {
			"scale": [0.5, 0.5, 0.5]
		},
		"ground": {
			"rotation": [0, 0, 90],
			"translation": [0, -0.75, 0]
		},
		"gui": {
			"rotation": [26, -120, 0],
			"translation": [0.25, -1.75, 0],
			"scale": [0.8, 0.8, 0.8]
		},
		"head": {
			"rotation": [-50, 0, 0],
			"translation": [0, 9.75, -7.75]
		},
		"fixed": {
			"rotation": [0, 90, 0],
			"translation": [0, -2, 0]
		}
	},
	"groups": [
		{
			"name": "group",
			"origin": [7, 15, 2],
			"color": 0,
			"children": [0, 1, 2, 3, 4, 5, 6, 7]
		}
	]
}