{
	"credit": "Made with Blockbench",
	"textures": {
		"0": "shiver:item/gui/slot_beacon",
		"particle": "shiver:item/gui/slot_beacon"
	},
	"elements": [
		{
			"from": [-1, -1, 8],
			"to": [17, 17, 8],
			"rotation": {"angle": 0, "axis": "y", "origin": [1, 1, 8]},
			"faces": {
				"north": {"uv": [0, 0, 9, 9], "texture": "#0"},
				"east": {"uv": [0, 0, 9, 9], "texture": "#0"},
				"south": {"uv": [0, 0, 9, 9], "texture": "#0"},
				"west": {"uv": [0, 0, 9, 9], "texture": "#0"},
				"up": {"uv": [0, 0, 9, 9], "texture": "#0"},
				"down": {"uv": [0, 0, 9, 9], "texture": "#0"}
			}
		}
	],
	"gui_light": "front",
	"display": {
		"thirdperson_righthand": {
			"scale": [0, 0, 0]
		}
	}
}