{
	"credit": "by 2M3V",
	"textures": {
		"0": "shiver:item/box1",
		"particle": "shiver:item/box1"
	},
	"elements": [
		{
			"from": [0.4, 0, 10.85],
			"to": [1.35, 15.2, 15.6],
			"rotation": {"angle": 0, "axis": "x", "origin": [-0.075, 4.75, 12.75]},
			"faces": {
				"north": {"uv": [0, 0, 1, 16], "rotation": 180, "texture": "#0"},
				"east": {"uv": [0, 0, 5, 16], "texture": "#0"},
				"south": {"uv": [0, 0, 1, 16], "texture": "#0"},
				"west": {"uv": [8, 0, 13, 16], "rotation": 180, "texture": "#0"},
				"up": {"uv": [2, 0, 7, 1], "rotation": 270, "texture": "#0"},
				"down": {"uv": [0, 15, 5, 16], "rotation": 90, "texture": "#0"}
			}
		},
		{
			"from": [0.4, 0.6, 0.4],
			"to": [1.35, 15.8, 5.15],
			"rotation": {"angle": 22.5, "axis": "x", "origin": [-0.075, 5.35, 2.3]},
			"faces": {
				"north": {"uv": [0, 0, 1, 16], "rotation": 180, "texture": "#0"},
				"east": {"uv": [0, 0, 5, 16], "texture": "#0"},
				"south": {"uv": [0, 0, 1, 16], "texture": "#0"},
				"west": {"uv": [0, 0, 5, 16], "rotation": 180, "texture": "#0"},
				"up": {"uv": [2, 0, 7, 1], "rotation": 270, "texture": "#0"},
				"down": {"uv": [0, 15, 5, 16], "rotation": 90, "texture": "#0"}
			}
		},
		{
			"from": [14.65, 0, 0.4],
			"to": [15.6, 15.2, 5.15],
			"rotation": {"angle": 0, "axis": "x", "origin": [14.175, 4.75, 2.3]},
			"faces": {
				"north": {"uv": [0, 0, 1, 16], "rotation": 180, "texture": "#0"},
				"east": {"uv": [0, 0, 5, 16], "texture": "#0"},
				"south": {"uv": [0, 0, 1, 16], "texture": "#0"},
				"west": {"uv": [0, 0, 5, 16], "rotation": 180, "texture": "#0"},
				"up": {"uv": [2, 0, 7, 1], "rotation": 270, "texture": "#0"},
				"down": {"uv": [0, 15, 5, 16], "rotation": 90, "texture": "#0"}
			}
		},
		{
			"from": [13.7, 6.55, 0.4],
			"to": [14.65, 11.3, 15.6],
			"rotation": {"angle": 22.5, "axis": "x", "origin": [13.225, 9.4, 5.15]},
			"faces": {
				"north": {"uv": [0, 15, 5, 16], "rotation": 270, "texture": "#0"},
				"east": {"uv": [8, 0, 13, 16], "rotation": 270, "texture": "#0"},
				"south": {"uv": [2, 0, 7, 1], "rotation": 270, "texture": "#0"},
				"west": {"uv": [0, 0, 5, 16], "rotation": 270, "texture": "#0"},
				"up": {"uv": [0, 0, 1, 16], "texture": "#0"},
				"down": {"uv": [0, 0, 1, 16], "texture": "#0"}
			}
		},
		{
			"from": [1.35, 7.6, 0.4],
			"to": [2.3, 12.35, 15.6],
			"rotation": {"angle": 0, "axis": "x", "origin": [0.875, 10.45, 5.15]},
			"faces": {
				"north": {"uv": [0, 15, 5, 16], "rotation": 270, "texture": "#0"},
				"east": {"uv": [0, 0, 5, 16], "rotation": 270, "texture": "#0"},
				"south": {"uv": [2, 0, 7, 1], "rotation": 270, "texture": "#0"},
				"west": {"uv": [0, 0, 5, 16], "rotation": 270, "texture": "#0"},
				"up": {"uv": [0, 0, 1, 16], "texture": "#0"},
				"down": {"uv": [0, 0, 1, 16], "texture": "#0"}
			}
		},
		{
			"from": [1.825, 3.325, 14.555],
			"to": [17.025, 8.075, 15.505],
			"rotation": {"angle": 22.5, "axis": "z", "origin": [6.575, 4.75, 13.605]},
			"faces": {
				"north": {"uv": [0, 0, 5, 16], "rotation": 90, "texture": "#0"},
				"east": {"uv": [2, 0, 7, 1], "rotation": 90, "texture": "#0"},
				"south": {"uv": [0, 0, 5, 16], "rotation": 90, "texture": "#0"},
				"west": {"uv": [0, 15, 5, 16], "rotation": 90, "texture": "#0"},
				"up": {"uv": [0, 0, 1, 16], "rotation": 90, "texture": "#0"},
				"down": {"uv": [0, 0, 1, 16], "rotation": 270, "texture": "#0"}
			}
		},
		{
			"from": [5.5435, -0.16299, 0.495],
			"to": [10.2935, 15.03701, 1.445],
			"rotation": {"angle": 45, "axis": "z", "origin": [7.9185, 7.43701, 0.97]},
			"faces": {
				"north": {"uv": [0, 0, 5, 16], "rotation": 180, "texture": "#0"},
				"east": {"uv": [0, 0, 1, 16], "rotation": 180, "texture": "#0"},
				"south": {"uv": [0, 0, 5, 16], "texture": "#0"},
				"west": {"uv": [0, 0, 1, 16], "texture": "#0"},
				"up": {"uv": [2, 0, 7, 1], "texture": "#0"},
				"down": {"uv": [0, 15, 5, 16], "texture": "#0"}
			}
		},
		{
			"from": [15.6, 0.95, 0.4],
			"to": [16.55, 5.7, 15.6],
			"rotation": {"angle": 0, "axis": "x", "origin": [16.075, 2.85, 8]},
			"faces": {
				"north": {"uv": [2, 0, 7, 1], "rotation": 90, "texture": "#0"},
				"east": {"uv": [8, 0, 13, 16], "rotation": 90, "texture": "#0"},
				"south": {"uv": [0, 15, 5, 16], "rotation": 90, "texture": "#0"},
				"west": {"uv": [0, 0, 5, 16], "rotation": 90, "texture": "#0"},
				"up": {"uv": [0, 0, 1, 16], "texture": "#0"},
				"down": {"uv": [0, 0, 1, 16], "texture": "#0"}
			}
		},
		{
			"from": [0.4, 8.55, -0.55],
			"to": [15.6, 13.3, 0.4],
			"rotation": {"angle": 0, "axis": "y", "origin": [7.525, 10.45, -0.55]},
			"faces": {
				"north": {"uv": [4, 0, 9, 16], "rotation": 90, "texture": "#0"},
				"east": {"uv": [2, 0, 7, 1], "rotation": 90, "texture": "#0"},
				"south": {"uv": [0, 0, 5, 16], "rotation": 90, "texture": "#0"},
				"west": {"uv": [0, 15, 5, 16], "rotation": 90, "texture": "#0"},
				"up": {"uv": [0, 0, 1, 16], "rotation": 90, "texture": "#0"},
				"down": {"uv": [0, 0, 1, 16], "rotation": 270, "texture": "#0"}
			}
		},
		{
			"from": [5.875, 5.6, 0.275],
			"to": [10.625, 6.55, 15.475],
			"rotation": {"angle": 45, "axis": "x", "origin": [7.775, 6.55, 6.45]},
			"faces": {
				"north": {"uv": [2, 0, 7, 1], "texture": "#0"},
				"east": {"uv": [0, 0, 1, 16], "rotation": 90, "texture": "#0"},
				"south": {"uv": [0, 15, 5, 16], "rotation": 180, "texture": "#0"},
				"west": {"uv": [0, 0, 1, 16], "rotation": 90, "texture": "#0"},
				"up": {"uv": [0, 0, 5, 16], "rotation": 180, "texture": "#0"},
				"down": {"uv": [0, 0, 5, 16], "rotation": 180, "texture": "#0"}
			}
		},
		{
			"from": [8.95, 0, 0.4],
			"to": [13.7, 0.95, 15.6],
			"rotation": {"angle": 0, "axis": "z", "origin": [11.325, 0, 8.95]},
			"faces": {
				"north": {"uv": [2, 0, 7, 1], "rotation": 180, "texture": "#0"},
				"east": {"uv": [0, 0, 1, 16], "rotation": 270, "texture": "#0"},
				"south": {"uv": [0, 15, 5, 16], "texture": "#0"},
				"west": {"uv": [0, 0, 1, 16], "rotation": 270, "texture": "#0"},
				"up": {"uv": [0, 0, 5, 16], "texture": "#0"},
				"down": {"uv": [0, 0, 5, 16], "texture": "#0"}
			}
		},
		{
			"from": [0.4, 0, 15.6],
			"to": [15.6, 4.75, 16.55],
			"rotation": {"angle": 0, "axis": "y", "origin": [7.525, 1.9, 15.6]},
			"faces": {
				"north": {"uv": [0, 0, 5, 16], "rotation": 90, "texture": "#0"},
				"east": {"uv": [2, 0, 7, 1], "rotation": 90, "texture": "#0"},
				"south": {"uv": [8, 0, 13, 16], "rotation": 90, "texture": "#0"},
				"west": {"uv": [0, 15, 5, 16], "rotation": 90, "texture": "#0"},
				"up": {"uv": [0, 0, 1, 16], "rotation": 90, "texture": "#0"},
				"down": {"uv": [0, 0, 1, 16], "rotation": 270, "texture": "#0"}
			}
		}
	],
	"gui_light": "front",
	"display": {
		"thirdperson_righthand": {
			"translation": [0, 3, 0],
			"scale": [0.5, 0.5, 0.5]
		},
		"firstperson_righthand": {
			"rotation": [0, 24, 0],
			"translation": [1.75, 0, -3.75],
			"scale": [0.5, 0.5, 0.5]
		},
		"ground": {
			"translation": [0, 3, 0],
			"scale": [0.5, 0.5, 0.5]
		},
		"gui": {
			"rotation": [31, 49, 0],
			"scale": [0.5, 0.5, 0.5]
		}
	},
	"groups": [
		0,
		1,
		2,
		3,
		4,
		5,
		6,
		{
			"name": "group",
			"origin": [0, 0, 0],
			"color": 0,
			"children": [7, 8, 9, 10, 11]
		}
	]
}